cohort,model,method,repeat,n,positive_rate,raw_accuracy,calibrated_accuracy,accuracy_change,raw_balanced_accuracy,calibrated_balanced_accuracy,balanced_accuracy_change,raw_sensitivity,calibrated_sensitivity,sensitivity_change,raw_specificity,calibrated_specificity,specificity_change,raw_auroc,calibrated_auroc,auroc_change,raw_auprc,calibrated_auprc,auprc_change,raw_brier,calibrated_brier,brier_improvement,raw_log_loss,calibrated_log_loss,log_loss_improvement,raw_ece_5,calibrated_ece_5,ece_5_improvement,raw_ece_10,calibrated_ece_10,ece_10_improvement
toddler,logreg,platt,0,1054,0.69070209,1.00000000,1.00000000,0.00000000,1.00000000,1.00000000,0.00000000,1.00000000,1.00000000,0.00000000,1.00000000,1.00000000,0.00000000,1.00000000,1.00000000,0.00000000,1.00000000,1.00000000,0.00000000,0.00388318,0.00000013,0.00388305,0.02717155,0.00002930,0.02714225,0.02491398,0.00002923,0.02488475,0.02491398,0.00002923,0.02488475
toddler,logreg,platt,1,1054,0.69070209,1.00000000,1.00000000,0.00000000,1.00000000,1.00000000,0.00000000,1.00000000,1.00000000,0.00000000,1.00000000,1.00000000,0.00000000,1.00000000,1.00000000,0.00000000,1.00000000,1.00000000,0.00000000,0.00396740,0.00000049,0.00396690,0.02740967,0.00004185,0.02736782,0.02508592,0.00004160,0.02504432,0.02508592,0.00004160,0.02504432
toddler,logreg,platt,2,1054,0.69070209,1.00000000,1.00000000,0.00000000,1.00000000,1.00000000,0.00000000,1.00000000,1.00000000,0.00000000,1.00000000,1.00000000,0.00000000,1.00000000,1.00000000,0.00000000,1.00000000,1.00000000,0.00000000,0.00373856,0.00000003,0.00373853,0.02663568,0.00001381,0.02662187,0.02447909,0.00001379,0.02446529,0.02447909,0.00001379,0.02446529
toddler,logreg,platt,3,1054,0.69070209,1.00000000,1.00000000,0.00000000,1.00000000,1.00000000,0.00000000,1.00000000,1.00000000,0.00000000,1.00000000,1.00000000,0.00000000,1.00000000,1.00000000,0.00000000,1.00000000,1.00000000,0.00000000,0.00434811,0.00000019,0.00434791,0.02856797,0.00004661,0.02852136,0.02600038,0.00004651,0.02595387,0.02600038,0.00004651,0.02595387
toddler,logreg,platt,4,1054,0.69070209,1.00000000,1.00000000,0.00000000,1.00000000,1.00000000,0.00000000,1.00000000,1.00000000,0.00000000,1.00000000,1.00000000,0.00000000,1.00000000,1.00000000,0.00000000,1.00000000,1.00000000,0.00000000,0.00402885,0.00000005,0.00402880,0.02774481,0.00002443,0.02772038,0.02540797,0.00002440,0.02538357,0.02540797,0.00002440,0.02538357
toddler,logreg,platt,5,1054,0.69070209,1.00000000,1.00000000,0.00000000,1.00000000,1.00000000,0.00000000,1.00000000,1.00000000,0.00000000,1.00000000,1.00000000,0.00000000,1.00000000,1.00000000,0.00000000,1.00000000,1.00000000,0.00000000,0.00397707,0.00000136,0.00397571,0.02728085,0.00005341,0.02722744,0.02494803,0.00005272,0.02489531,0.02494803,0.00005272,0.02489531
toddler,logreg,platt,6,1054,0.69070209,1.00000000,1.00000000,0.00000000,1.00000000,1.00000000,0.00000000,1.00000000,1.00000000,0.00000000,1.00000000,1.00000000,0.00000000,1.00000000,1.00000000,0.00000000,1.00000000,1.00000000,0.00000000,0.00368023,0.00000011,0.00368012,0.02625560,0.00002326,0.02623234,0.02412900,0.00002320,0.02410580,0.02412900,0.00002320,0.02410580
toddler,logreg,platt,7,1054,0.69070209,1.00000000,1.00000000,0.00000000,1.00000000,1.00000000,0.00000000,1.00000000,1.00000000,0.00000000,1.00000000,1.00000000,0.00000000,1.00000000,1.00000000,0.00000000,1.00000000,1.00000000,0.00000000,0.00404160,0.00000127,0.00404033,0.02755635,0.00004884,0.02750751,0.02518676,0.00004819,0.02513857,0.02518676,0.00004819,0.02513857
toddler,logreg,platt,8,1054,0.69070209,1.00000000,1.00000000,0.00000000,1.00000000,1.00000000,0.00000000,1.00000000,1.00000000,0.00000000,1.00000000,1.00000000,0.00000000,1.00000000,1.00000000,0.00000000,1.00000000,1.00000000,0.00000000,0.00414181,0.00000151,0.00414030,0.02807697,0.00007364,0.02800333,0.02566367,0.00007287,0.02559080,0.02566367,0.00007287,0.02559080
toddler,logreg,platt,9,1054,0.69070209,1.00000000,1.00000000,0.00000000,1.00000000,1.00000000,0.00000000,1.00000000,1.00000000,0.00000000,1.00000000,1.00000000,0.00000000,1.00000000,1.00000000,0.00000000,1.00000000,1.00000000,0.00000000,0.00378269,0.00000055,0.00378214,0.02674616,0.00003612,0.02671004,0.02455980,0.00003584,0.02452395,0.02455980,0.00003584,0.02452395
toddler,logreg,temperature,0,1054,0.69070209,1.00000000,1.00000000,0.00000000,1.00000000,1.00000000,0.00000000,1.00000000,1.00000000,0.00000000,1.00000000,1.00000000,0.00000000,1.00000000,1.00000000,0.00000000,1.00000000,1.00000000,0.00000000,0.00388318,0.00000000,0.00388318,0.02717155,0.00000069,0.02717085,0.02491398,0.00000069,0.02491328,0.02491398,0.00000069,0.02491328
toddler,logreg,temperature,1,1054,0.69070209,1.00000000,1.00000000,0.00000000,1.00000000,1.00000000,0.00000000,1.00000000,1.00000000,0.00000000,1.00000000,1.00000000,0.00000000,1.00000000,1.00000000,0.00000000,1.00000000,1.00000000,0.00000000,0.00396740,0.00000064,0.00396675,0.02740967,0.00002741,0.02738226,0.02508592,0.00002708,0.02505883,0.02508592,0.00002708,0.02505883
toddler,logreg,temperature,2,1054,0.69070209,1.00000000,1.00000000,0.00000000,1.00000000,1.00000000,0.00000000,1.00000000,1.00000000,0.00000000,1.00000000,1.00000000,0.00000000,1.00000000,1.00000000,0.00000000,1.00000000,1.00000000,0.00000000,0.00373856,0.00000001,0.00373856,0.02663568,0.00000506,0.02663063,0.02447909,0.00000505,0.02447403,0.02447909,0.00000505,0.02447403
toddler,logreg,temperature,3,1054,0.69070209,1.00000000,1.00000000,0.00000000,1.00000000,1.00000000,0.00000000,1.00000000,1.00000000,0.00000000,1.00000000,1.00000000,0.00000000,1.00000000,1.00000000,0.00000000,1.00000000,1.00000000,0.00000000,0.00434811,0.00000000,0.00434810,0.02856797,0.00000110,0.02856687,0.02600038,0.00000110,0.02599928,0.02600038,0.00000110,0.02599928
toddler,logreg,temperature,4,1054,0.69070209,1.00000000,1.00000000,0.00000000,1.00000000,1.00000000,0.00000000,1.00000000,1.00000000,0.00000000,1.00000000,1.00000000,0.00000000,1.00000000,1.00000000,0.00000000,1.00000000,1.00000000,0.00000000,0.00402885,0.00000237,0.00402648,0.02774481,0.00007298,0.02767182,0.02540797,0.00007176,0.02533621,0.02540797,0.00007176,0.02533621
toddler,logreg,temperature,5,1054,0.69070209,1.00000000,1.00000000,0.00000000,1.00000000,1.00000000,0.00000000,1.00000000,1.00000000,0.00000000,1.00000000,1.00000000,0.00000000,1.00000000,1.00000000,0.00000000,1.00000000,1.00000000,0.00000000,0.00397707,0.00000023,0.00397684,0.02728085,0.00001503,0.02726581,0.02494803,0.00001492,0.02493311,0.02494803,0.00001492,0.02493311
toddler,logreg,temperature,6,1054,0.69070209,1.00000000,1.00000000,0.00000000,1.00000000,1.00000000,0.00000000,1.00000000,1.00000000,0.00000000,1.00000000,1.00000000,0.00000000,1.00000000,1.00000000,0.00000000,1.00000000,1.00000000,0.00000000,0.00368023,0.00000229,0.00367794,0.02625560,0.00006356,0.02619204,0.02412900,0.00006238,0.02406662,0.02412900,0.00006238,0.02406662
toddler,logreg,temperature,7,1054,0.69070209,1.00000000,1.00000000,0.00000000,1.00000000,1.00000000,0.00000000,1.00000000,1.00000000,0.00000000,1.00000000,1.00000000,0.00000000,1.00000000,1.00000000,0.00000000,1.00000000,1.00000000,0.00000000,0.00404160,0.00001004,0.00403156,0.02755635,0.00010448,0.02745187,0.02518676,0.00009909,0.02508768,0.02518676,0.00009909,0.02508768
toddler,logreg,temperature,8,1054,0.69070209,1.00000000,1.00000000,0.00000000,1.00000000,1.00000000,0.00000000,1.00000000,1.00000000,0.00000000,1.00000000,1.00000000,0.00000000,1.00000000,1.00000000,0.00000000,1.00000000,1.00000000,0.00000000,0.00414181,0.00000004,0.00414177,0.02807697,0.00000632,0.02807065,0.02566367,0.00000630,0.02565737,0.02566367,0.00000630,0.02565737
toddler,logreg,temperature,9,1054,0.69070209,1.00000000,1.00000000,0.00000000,1.00000000,1.00000000,0.00000000,1.00000000,1.00000000,0.00000000,1.00000000,1.00000000,0.00000000,1.00000000,1.00000000,0.00000000,1.00000000,1.00000000,0.00000000,0.00378269,0.00000000,0.00378269,0.02674616,0.00000012,0.02674603,0.02455980,0.00000012,0.02455967,0.02455980,0.00000012,0.02455967
toddler,logreg,histbin,0,1054,0.69070209,1.00000000,1.00000000,0.00000000,1.00000000,1.00000000,0.00000000,1.00000000,1.00000000,0.00000000,1.00000000,1.00000000,0.00000000,1.00000000,1.00000000,0.00000000,1.00000000,1.00000000,0.00000000,0.00388318,0.00000000,0.00388318,0.02717155,0.00000000,0.02717155,0.02491398,0.00000000,0.02491398,0.02491398,0.00000000,0.02491398
toddler,logreg,histbin,1,1054,0.69070209,1.00000000,1.00000000,0.00000000,1.00000000,1.00000000,0.00000000,1.00000000,1.00000000,0.00000000,1.00000000,1.00000000,0.00000000,1.00000000,1.00000000,0.00000000,1.00000000,1.00000000,0.00000000,0.00396740,0.00000000,0.00396740,0.02740967,0.00000000,0.02740967,0.02508592,0.00000000,0.02508592,0.02508592,0.00000000,0.02508592
toddler,logreg,histbin,2,1054,0.69070209,1.00000000,1.00000000,0.00000000,1.00000000,1.00000000,0.00000000,1.00000000,1.00000000,0.00000000,1.00000000,1.00000000,0.00000000,1.00000000,1.00000000,0.00000000,1.00000000,1.00000000,0.00000000,0.00373856,0.00000000,0.00373856,0.02663568,0.00000000,0.02663568,0.02447909,0.00000000,0.02447909,0.02447909,0.00000000,0.02447909
toddler,logreg,histbin,3,1054,0.69070209,1.00000000,1.00000000,0.00000000,1.00000000,1.00000000,0.00000000,1.00000000,1.00000000,0.00000000,1.00000000,1.00000000,0.00000000,1.00000000,1.00000000,0.00000000,1.00000000,1.00000000,0.00000000,0.00434811,0.00000000,0.00434811,0.02856797,0.00000000,0.02856797,0.02600038,0.00000000,0.02600038,0.02600038,0.00000000,0.02600038
toddler,logreg,histbin,4,1054,0.69070209,1.00000000,1.00000000,0.00000000,1.00000000,1.00000000,0.00000000,1.00000000,1.00000000,0.00000000,1.00000000,1.00000000,0.00000000,1.00000000,1.00000000,0.00000000,1.00000000,1.00000000,0.00000000,0.00402885,0.00000000,0.00402885,0.02774481,0.00000000,0.02774481,0.02540797,0.00000000,0.02540797,0.02540797,0.00000000,0.02540797
toddler,logreg,histbin,5,1054,0.69070209,1.00000000,1.00000000,0.00000000,1.00000000,1.00000000,0.00000000,1.00000000,1.00000000,0.00000000,1.00000000,1.00000000,0.00000000,1.00000000,1.00000000,0.00000000,1.00000000,1.00000000,0.00000000,0.00397707,0.00000000,0.00397707,0.02728085,0.00000000,0.02728085,0.02494803,0.00000000,0.02494803,0.02494803,0.00000000,0.02494803
toddler,logreg,histbin,6,1054,0.69070209,1.00000000,1.00000000,0.00000000,1.00000000,1.00000000,0.00000000,1.00000000,1.00000000,0.00000000,1.00000000,1.00000000,0.00000000,1.00000000,1.00000000,0.00000000,1.00000000,1.00000000,0.00000000,0.00368023,0.00000000,0.00368023,0.02625560,0.00000000,0.02625560,0.02412900,0.00000000,0.02412900,0.02412900,0.00000000,0.02412900
toddler,logreg,histbin,7,1054,0.69070209,1.00000000,1.00000000,0.00000000,1.00000000,1.00000000,0.00000000,1.00000000,1.00000000,0.00000000,1.00000000,1.00000000,0.00000000,1.00000000,1.00000000,0.00000000,1.00000000,1.00000000,0.00000000,0.00404160,0.00000000,0.00404160,0.02755635,0.00000000,0.02755635,0.02518676,0.00000000,0.02518676,0.02518676,0.00000000,0.02518676
toddler,logreg,histbin,8,1054,0.69070209,1.00000000,1.00000000,0.00000000,1.00000000,1.00000000,0.00000000,1.00000000,1.00000000,0.00000000,1.00000000,1.00000000,0.00000000,1.00000000,1.00000000,0.00000000,1.00000000,1.00000000,0.00000000,0.00414181,0.00009025,0.00405156,0.02807697,0.00034989,0.02772708,0.02566367,0.00029262,0.02537105,0.02566367,0.00029262,0.02537105
toddler,logreg,histbin,9,1054,0.69070209,1.00000000,1.00000000,0.00000000,1.00000000,1.00000000,0.00000000,1.00000000,1.00000000,0.00000000,1.00000000,1.00000000,0.00000000,1.00000000,1.00000000,0.00000000,1.00000000,1.00000000,0.00000000,0.00378269,0.00000000,0.00378269,0.02674616,0.00000000,0.02674616,0.02455980,0.00000000,0.02455980,0.02455980,0.00000000,0.02455980
toddler,logreg,isotonic,0,1054,0.69070209,1.00000000,1.00000000,0.00000000,1.00000000,1.00000000,0.00000000,1.00000000,1.00000000,0.00000000,1.00000000,1.00000000,0.00000000,1.00000000,1.00000000,0.00000000,1.00000000,1.00000000,0.00000000,0.00388318,0.00000000,0.00388318,0.02717155,0.00000000,0.02717155,0.02491398,0.00000000,0.02491398,0.02491398,0.00000000,0.02491398
toddler,logreg,isotonic,1,1054,0.69070209,1.00000000,1.00000000,0.00000000,1.00000000,1.00000000,0.00000000,1.00000000,1.00000000,0.00000000,1.00000000,1.00000000,0.00000000,1.00000000,1.00000000,0.00000000,1.00000000,1.00000000,0.00000000,0.00396740,0.00000000,0.00396740,0.02740967,0.00000000,0.02740967,0.02508592,0.00000000,0.02508592,0.02508592,0.00000000,0.02508592
toddler,logreg,isotonic,2,1054,0.69070209,1.00000000,1.00000000,0.00000000,1.00000000,1.00000000,0.00000000,1.00000000,1.00000000,0.00000000,1.00000000,1.00000000,0.00000000,1.00000000,1.00000000,0.00000000,1.00000000,1.00000000,0.00000000,0.00373856,0.00000000,0.00373856,0.02663568,0.00000000,0.02663568,0.02447909,0.00000000,0.02447909,0.02447909,0.00000000,0.02447909
toddler,logreg,isotonic,3,1054,0.69070209,1.00000000,1.00000000,0.00000000,1.00000000,1.00000000,0.00000000,1.00000000,1.00000000,0.00000000,1.00000000,1.00000000,0.00000000,1.00000000,1.00000000,0.00000000,1.00000000,1.00000000,0.00000000,0.00434811,0.00000000,0.00434811,0.02856797,0.00000000,0.02856797,0.02600038,0.00000000,0.02600038,0.02600038,0.00000000,0.02600038
toddler,logreg,isotonic,4,1054,0.69070209,1.00000000,1.00000000,0.00000000,1.00000000,1.00000000,0.00000000,1.00000000,1.00000000,0.00000000,1.00000000,1.00000000,0.00000000,1.00000000,1.00000000,0.00000000,1.00000000,1.00000000,0.00000000,0.00402885,0.00000000,0.00402885,0.02774481,0.00000000,0.02774481,0.02540797,0.00000000,0.02540797,0.02540797,0.00000000,0.02540797
toddler,logreg,isotonic,5,1054,0.69070209,1.00000000,1.00000000,0.00000000,1.00000000,1.00000000,0.00000000,1.00000000,1.00000000,0.00000000,1.00000000,1.00000000,0.00000000,1.00000000,1.00000000,0.00000000,1.00000000,1.00000000,0.00000000,0.00397707,0.00001005,0.00396702,0.02728085,0.00010303,0.02717782,0.02494803,0.00009764,0.02485039,0.02494803,0.00009764,0.02485039
toddler,logreg,isotonic,6,1054,0.69070209,1.00000000,1.00000000,0.00000000,1.00000000,1.00000000,0.00000000,1.00000000,1.00000000,0.00000000,1.00000000,1.00000000,0.00000000,1.00000000,1.00000000,0.00000000,1.00000000,1.00000000,0.00000000,0.00368023,0.00000091,0.00367932,0.02625560,0.00002986,0.02622574,0.02412900,0.00002940,0.02409960,0.02412900,0.00002940,0.02409960
toddler,logreg,isotonic,7,1054,0.69070209,1.00000000,1.00000000,0.00000000,1.00000000,1.00000000,0.00000000,1.00000000,1.00000000,0.00000000,1.00000000,1.00000000,0.00000000,1.00000000,1.00000000,0.00000000,1.00000000,1.00000000,0.00000000,0.00404160,0.00000148,0.00404011,0.02755635,0.00003827,0.02751808,0.02518676,0.00003751,0.02514926,0.02518676,0.00003751,0.02514926
toddler,logreg,isotonic,8,1054,0.69070209,1.00000000,1.00000000,0.00000000,1.00000000,1.00000000,0.00000000,1.00000000,1.00000000,0.00000000,1.00000000,1.00000000,0.00000000,1.00000000,1.00000000,0.00000000,1.00000000,1.00000000,0.00000000,0.00414181,0.00004085,0.00410096,0.02807697,0.00022064,0.02785633,0.02566367,0.00019686,0.02546680,0.02566367,0.00019686,0.02546680
toddler,logreg,isotonic,9,1054,0.69070209,1.00000000,1.00000000,0.00000000,1.00000000,1.00000000,0.00000000,1.00000000,1.00000000,0.00000000,1.00000000,1.00000000,0.00000000,1.00000000,1.00000000,0.00000000,1.00000000,1.00000000,0.00000000,0.00378269,0.00000334,0.00377934,0.02674616,0.00005807,0.02668809,0.02455980,0.00005633,0.02450347,0.02455980,0.00005633,0.02450347
toddler,logreg,beta,0,1054,0.69070209,1.00000000,1.00000000,0.00000000,1.00000000,1.00000000,0.00000000,1.00000000,1.00000000,0.00000000,1.00000000,1.00000000,0.00000000,1.00000000,1.00000000,0.00000000,1.00000000,1.00000000,0.00000000,0.00388318,0.00000039,0.00388279,0.02717155,0.00005442,0.02711712,0.02491398,0.00005423,0.02485975,0.02491398,0.00005423,0.02485975
toddler,logreg,beta,1,1054,0.69070209,1.00000000,1.00000000,0.00000000,1.00000000,1.00000000,0.00000000,1.00000000,1.00000000,0.00000000,1.00000000,1.00000000,0.00000000,1.00000000,1.00000000,0.00000000,1.00000000,1.00000000,0.00000000,0.00396740,0.00000123,0.00396616,0.02740967,0.00006557,0.02734410,0.02508592,0.00006494,0.02502097,0.02508592,0.00006494,0.02502097
toddler,logreg,beta,2,1054,0.69070209,1.00000000,1.00000000,0.00000000,1.00000000,1.00000000,0.00000000,1.00000000,1.00000000,0.00000000,1.00000000,1.00000000,0.00000000,1.00000000,1.00000000,0.00000000,1.00000000,1.00000000,0.00000000,0.00373856,0.00000013,0.00373844,0.02663568,0.00002518,0.02661051,0.02447909,0.00002511,0.02445397,0.02447909,0.00002511,0.02445397
toddler,logreg,beta,3,1054,0.69070209,1.00000000,1.00000000,0.00000000,1.00000000,1.00000000,0.00000000,1.00000000,1.00000000,0.00000000,1.00000000,1.00000000,0.00000000,1.00000000,1.00000000,0.00000000,1.00000000,1.00000000,0.00000000,0.00434811,0.00000062,0.00434748,0.02856797,0.00007467,0.02849330,0.02600038,0.00007436,0.02592603,0.02600038,0.00007436,0.02592603
toddler,logreg,beta,4,1054,0.69070209,1.00000000,1.00000000,0.00000000,1.00000000,1.00000000,0.00000000,1.00000000,1.00000000,0.00000000,1.00000000,1.00000000,0.00000000,1.00000000,1.00000000,0.00000000,1.00000000,1.00000000,0.00000000,0.00402885,0.00000006,0.00402879,0.02774481,0.00002973,0.02771508,0.02540797,0.00002970,0.02537827,0.02540797,0.00002970,0.02537827
toddler,logreg,beta,5,1054,0.69070209,1.00000000,1.00000000,0.00000000,1.00000000,1.00000000,0.00000000,1.00000000,1.00000000,0.00000000,1.00000000,1.00000000,0.00000000,1.00000000,1.00000000,0.00000000,1.00000000,1.00000000,0.00000000,0.00397707,0.00000180,0.00397527,0.02728085,0.00007035,0.02721050,0.02494803,0.00006943,0.02487860,0.02494803,0.00006943,0.02487860
toddler,logreg,beta,6,1054,0.69070209,1.00000000,1.00000000,0.00000000,1.00000000,1.00000000,0.00000000,1.00000000,1.00000000,0.00000000,1.00000000,1.00000000,0.00000000,1.00000000,1.00000000,0.00000000,1.00000000,1.00000000,0.00000000,0.00368023,0.00000013,0.00368011,0.02625560,0.00003117,0.02622443,0.02412900,0.00003111,0.02409789,0.02412900,0.00003111,0.02409789
toddler,logreg,beta,7,1054,0.69070209,1.00000000,1.00000000,0.00000000,1.00000000,1.00000000,0.00000000,1.00000000,1.00000000,0.00000000,1.00000000,1.00000000,0.00000000,1.00000000,1.00000000,0.00000000,1.00000000,1.00000000,0.00000000,0.00404160,0.00000212,0.00403948,0.02755635,0.00006687,0.02748948,0.02518676,0.00006578,0.02512099,0.02518676,0.00006578,0.02512099
toddler,logreg,beta,8,1054,0.69070209,1.00000000,1.00000000,0.00000000,1.00000000,1.00000000,0.00000000,1.00000000,1.00000000,0.00000000,1.00000000,1.00000000,0.00000000,1.00000000,1.00000000,0.00000000,1.00000000,1.00000000,0.00000000,0.00414181,0.00000139,0.00414042,0.02807697,0.00008871,0.02798826,0.02566367,0.00008800,0.02557567,0.02566367,0.00008800,0.02557567
toddler,logreg,beta,9,1054,0.69070209,1.00000000,1.00000000,0.00000000,1.00000000,1.00000000,0.00000000,1.00000000,1.00000000,0.00000000,1.00000000,1.00000000,0.00000000,1.00000000,1.00000000,0.00000000,1.00000000,1.00000000,0.00000000,0.00378269,0.00000064,0.00378205,0.02674616,0.00004159,0.02670457,0.02455980,0.00004126,0.02451853,0.02455980,0.00004126,0.02451853
toddler,dtree,platt,0,1054,0.69070209,0.90417457,0.90986717,0.00569260,0.89760163,0.87885542,-0.01874621,0.91483516,0.96016484,0.04532967,0.88036810,0.79754601,-0.08282209,0.91409779,0.91040248,-0.00369531,0.93378278,0.93422219,0.00043941,0.08202515,0.07398587,0.00803927,2.37269058,0.27365660,2.09903398,0.07802199,0.00842614,0.06959585,0.07802199,0.01251413,0.06550786
toddler,dtree,platt,1,1054,0.69070209,0.91745731,0.91745731,0.00000000,0.91314552,0.89366615,-0.01947937,0.92445055,0.95604396,0.03159341,0.90184049,0.83128834,-0.07055215,0.92489298,0.92081634,-0.00407664,0.94255851,0.94766332,0.00510481,0.07268783,0.06752640,0.00516144,2.22130942,0.25333934,1.96797009,0.06913896,0.01009636,0.05904259,0.06913896,0.01009636,0.05904259
toddler,dtree,platt,2,1054,0.69070209,0.90986717,0.92694497,0.01707780,0.90680409,0.90307507,-0.00372902,0.91483516,0.96565934,0.05082418,0.89877301,0.84049080,-0.05828221,0.92754332,0.93056445,0.00302114,0.94329477,0.95217756,0.00888279,0.07389119,0.06421189,0.00967930,2.03290561,0.24365221,1.78925340,0.07469249,0.01511185,0.05958064,0.07469249,0.01511185,0.05958064
toddler,dtree,platt,3,1054,0.69070209,0.90796964,0.91176471,0.00379507,0.89950196,0.88615755,-0.01334440,0.92170330,0.95329670,0.03159341,0.87730061,0.81901840,-0.05828221,0.91111668,0.90457300,-0.00654369,0.93153570,0.92875037,-0.00278533,0.08241441,0.07464198,0.00777243,2.56342421,0.27713010,2.28629411,0.07877214,0.00942442,0.06934772,0.07877214,0.00942683,0.06934532
toddler,dtree,platt,4,1054,0.69070209,0.91461101,0.91650854,0.00189753,0.91447280,0.89890784,-0.01556496,0.91483516,0.94505495,0.03021978,0.91411043,0.85276074,-0.06134969,0.92599061,0.92832915,0.00233854,0.94453055,0.95111978,0.00658923,0.07534596,0.06858268,0.00676328,2.35480409,0.25370347,2.10110062,0.07250813,0.01262322,0.05988491,0.07303871,0.01262322,0.06041549
toddler,dtree,platt,5,1054,0.69070209,0.92030361,0.93168880,0.01138520,0.91774675,0.91243764,-0.00530911,0.92445055,0.96291209,0.03846154,0.91104294,0.86196319,-0.04907975,0.93336227,0.92565774,-0.00770453,0.94830742,0.94233885,-0.00596857,0.06804035,0.06014344,0.00789692,1.95454783,0.23271226,1.72183557,0.06620985,0.02251501,0.04369484,0.06620985,0.02251501,0.04369484
toddler,dtree,platt,6,1054,0.69070209,0.91555977,0.93548387,0.01992410,0.90838418,0.91010332,0.00171914,0.92719780,0.97664835,0.04945055,0.88957055,0.84355828,-0.04601227,0.92883056,0.91426001,-0.01457055,0.94286405,0.93214865,-0.01071541,0.06740279,0.05946936,0.00793343,1.85703374,0.23417161,1.62286212,0.06896884,0.02019235,0.04877649,0.06896884,0.02019235,0.04877649
toddler,dtree,platt,7,1054,0.69070209,0.89373814,0.90607211,0.01233397,0.88581204,0.88034282,-0.00546922,0.90659341,0.94780220,0.04120879,0.86503067,0.81288344,-0.05214724,0.90139174,0.89484806,-0.00654369,0.92415523,0.92095442,-0.00320081,0.09190135,0.08167891,0.01022244,2.84154449,0.29886650,2.54267799,0.09174105,0.01974536,0.07199570,0.09174105,0.01974536,0.07199570
toddler,dtree,platt,8,1054,0.69070209,0.90607211,0.91745731,0.01138520,0.90405683,0.89027843,-0.01377840,0.90934066,0.96153846,0.05219780,0.89877301,0.81901840,-0.07975460,0.92468862,0.91355845,-0.01113017,0.94184466,0.93642857,-0.00541609,0.07669125,0.06860120,0.00809004,2.10437657,0.25793058,1.84644599,0.07388573,0.00665108,0.06723465,0.07388573,0.01430812,0.05957761
toddler,dtree,platt,9,1054,0.69070209,0.90891841,0.91176471,0.00284630,0.90272956,0.88276984,-0.01995972,0.91895604,0.95879121,0.03983516,0.88650307,0.80674847,-0.07975460,0.91728325,0.91866952,0.00138627,0.93635287,0.94161970,0.00526684,0.07951803,0.07195099,0.00756703,2.33400280,0.26615487,2.06784792,0.07570765,0.00418841,0.07151923,0.07570765,0.00764213,0.06806552
toddler,dtree,temperature,0,1054,0.69070209,0.90417457,0.90417457,0.00000000,0.89760163,0.89760163,0.00000000,0.91483516,0.91483516,0.00000000,0.88036810,0.88036810,0.00000000,0.91409779,0.90838839,-0.00570940,0.93378278,0.93149111,-0.00229167,0.08202515,0.07481946,0.00720569,2.37269058,0.27713719,2.09555339,0.07802199,0.02318416,0.05483783,0.07802199,0.02318416,0.05483783
toddler,dtree,temperature,1,1054,0.69070209,0.91745731,0.91745731,0.00000000,0.91314552,0.91314552,0.00000000,0.92445055,0.92445055,0.00000000,0.90184049,0.90184049,0.00000000,0.92489298,0.92209727,-0.00279571,0.94255851,0.94796063,0.00540212,0.07268783,0.06798750,0.00470033,2.22130942,0.25849844,1.96281099,0.06913896,0.02893929,0.04019967,0.06913896,0.02893929,0.04019967
toddler,dtree,temperature,2,1054,0.69070209,0.90986717,0.90986717,0.00000000,0.90680409,0.90680409,0.00000000,0.91483516,0.91483516,0.00000000,0.89877301,0.89877301,0.00000000,0.92754332,0.93040433,0.00286102,0.94329477,0.95262252,0.00932775,0.07389119,0.06601383,0.00787736,2.03290561,0.24948151,1.78342410,0.07469249,0.02950311,0.04518938,0.07469249,0.02950311,0.04518938
toddler,dtree,temperature,3,1054,0.69070209,0.90796964,0.90796964,0.00000000,0.89950196,0.89950196,0.00000000,0.92170330,0.92170330,0.00000000,0.87730061,0.87730061,0.00000000,0.91111668,0.90454771,-0.00656897,0.93153570,0.92873934,-0.00279637,0.08241441,0.07552987,0.00688455,2.56342421,0.28159839,2.28182582,0.07877214,0.02225529,0.05651686,0.07877214,0.02225529,0.05651686
toddler,dtree,temperature,4,1054,0.69070209,0.91461101,0.91461101,0.00000000,0.91447280,0.91447280,0.00000000,0.91483516,0.91483516,0.00000000,0.91411043,0.91411043,0.00000000,0.92599061,0.92769290,0.00170229,0.94453055,0.94973296,0.00520241,0.07534596,0.07006703,0.00527893,2.35480409,0.26407566,2.09072842,0.07250813,0.03984358,0.03266456,0.07303871,0.03984358,0.03319514
toddler,dtree,temperature,5,1054,0.69070209,0.92030361,0.92030361,0.00000000,0.91774675,0.91774675,0.00000000,0.92445055,0.92445055,0.00000000,0.91104294,0.91104294,0.00000000,0.93336227,0.93102584,-0.00233643,0.94830742,0.94765163,-0.00065579,0.06804035,0.06166639,0.00637396,1.95454783,0.23858298,1.71596485,0.06620985,0.03298606,0.03322379,0.06620985,0.03298606,0.03322379
toddler,dtree,temperature,6,1054,0.69070209,0.91555977,0.91555977,0.00000000,0.90838418,0.90838418,0.00000000,0.92719780,0.92719780,0.00000000,0.88957055,0.88957055,0.00000000,0.92883056,0.91484149,-0.01398908,0.94286405,0.93188016,-0.01098389,0.06740279,0.06095358,0.00644921,1.85703374,0.23600839,1.62102535,0.06896884,0.02079288,0.04817596,0.06896884,0.02079288,0.04817596
toddler,dtree,temperature,7,1054,0.69070209,0.89373814,0.89373814,0.00000000,0.88581204,0.88581204,0.00000000,0.90659341,0.90659341,0.00000000,0.86503067,0.86503067,0.00000000,0.90139174,0.89534526,-0.00604648,0.92415523,0.92110487,-0.00305036,0.09190135,0.08346679,0.00843456,2.84154449,0.30535400,2.53619049,0.09174105,0.02651830,0.06522276,0.09174105,0.02651830,0.06522276
toddler,dtree,temperature,8,1054,0.69070209,0.90607211,0.90607211,0.00000000,0.90405683,0.90405683,0.00000000,0.90934066,0.90934066,0.00000000,0.89877301,0.89877301,0.00000000,0.92468862,0.91327193,-0.01141669,0.94184466,0.93553017,-0.00631449,0.07669125,0.06996082,0.00673042,2.10437657,0.26285744,1.84151913,0.07388573,0.02688191,0.04700383,0.07388573,0.02688191,0.04700383
toddler,dtree,temperature,9,1054,0.69070209,0.90891841,0.90891841,0.00000000,0.90272956,0.90272956,0.00000000,0.91895604,0.91895604,0.00000000,0.88650307,0.88650307,0.00000000,0.91728325,0.91752764,0.00024439,0.93635287,0.94127688,0.00492401,0.07951803,0.07251643,0.00700160,2.33400280,0.26951886,2.06448394,0.07570765,0.02286067,0.05284698,0.07570765,0.02286067,0.05284698
toddler,dtree,histbin,0,1054,0.69070209,0.90417457,0.90796964,0.00379507,0.89760163,0.88425723,-0.01334440,0.91483516,0.94642857,0.03159341,0.88036810,0.82208589,-0.05828221,0.91409779,0.90962297,-0.00447482,0.93378278,0.93393535,0.00015257,0.08202515,0.07620171,0.00582343,2.37269058,0.27929606,2.09339452,0.07802199,0.01616034,0.06186165,0.07802199,0.02006728,0.05795471
toddler,dtree,histbin,1,1054,0.69070209,0.91745731,0.91461101,-0.00284630,0.91314552,0.89329957,-0.01984595,0.92445055,0.94917582,0.02472527,0.90184049,0.83742331,-0.06441718,0.92489298,0.91882121,-0.00607177,0.94255851,0.94712835,0.00456984,0.07268783,0.06899257,0.00369527,2.22130942,0.25680931,1.96450012,0.06913896,0.01428292,0.05485604,0.06913896,0.02606215,0.04307680
toddler,dtree,histbin,2,1054,0.69070209,0.90986717,0.92125237,0.01138520,0.90680409,0.90488269,-0.00192139,0.91483516,0.94780220,0.03296703,0.89877301,0.86196319,-0.03680982,0.92754332,0.92538175,-0.00216157,0.94329477,0.94213963,-0.00115514,0.07389119,0.06584939,0.00804180,2.03290561,0.24801696,1.78488865,0.07469249,0.01854431,0.05614818,0.07469249,0.01854431,0.05614818
toddler,dtree,histbin,3,1054,0.69070209,0.90796964,0.91176471,0.00379507,0.89950196,0.88785141,-0.01165054,0.92170330,0.95054945,0.02884615,0.87730061,0.82515337,-0.05214724,0.91111668,0.90397467,-0.00714201,0.93153570,0.92715124,-0.00438446,0.08241441,0.07507850,0.00733592,2.56342421,0.27780515,2.28561906,0.07877214,0.01355825,0.06521389,0.07877214,0.01355825,0.06521389
toddler,dtree,histbin,4,1054,0.69070209,0.91461101,0.91650854,0.00189753,0.91447280,0.90398942,-0.01048338,0.91483516,0.93681319,0.02197802,0.91411043,0.87116564,-0.04294479,0.92599061,0.92738531,0.00139469,0.94453055,0.95180844,0.00727789,0.07534596,0.06878027,0.00656570,2.35480409,0.25428872,2.10051537,0.07250813,0.01200843,0.06049971,0.07303871,0.01425023,0.05878848
toddler,dtree,histbin,5,1054,0.69070209,0.92030361,0.92314991,0.00284630,0.91774675,0.90879711,-0.00894964,0.92445055,0.94642857,0.02197802,0.91104294,0.87116564,-0.03987730,0.93336227,0.93125758,-0.00210468,0.94830742,0.94671712,-0.00159030,0.06804035,0.06127433,0.00676602,1.95454783,0.23513128,1.71941654,0.06620985,0.02435843,0.04185142,0.06620985,0.02825413,0.03795572
toddler,dtree,histbin,6,1054,0.69070209,0.91555977,0.92694497,0.01138520,0.90838418,0.90730971,-0.00107446,0.92719780,0.95879121,0.03159341,0.88957055,0.85582822,-0.03374233,0.92883056,0.91619404,-0.01263652,0.94286405,0.93423324,-0.00863081,0.06740279,0.06001081,0.00739198,1.85703374,0.23487998,1.62215375,0.06896884,0.01992065,0.04904819,0.06896884,0.01992065,0.04904819
toddler,dtree,histbin,7,1054,0.69070209,0.89373814,0.90512334,0.01138520,0.88581204,0.87965600,-0.00615604,0.90659341,0.94642857,0.03983516,0.86503067,0.81288344,-0.05214724,0.90139174,0.89314156,-0.00825019,0.92415523,0.91961088,-0.00454434,0.09190135,0.08152180,0.01037955,2.84154449,0.29876155,2.54278294,0.09174105,0.01779529,0.07394576,0.09174105,0.01920489,0.07253617
toddler,dtree,histbin,8,1054,0.69070209,0.90607211,0.91555977,0.00948767,0.90405683,0.88975174,-0.01430510,0.90934066,0.95741758,0.04807692,0.89877301,0.82208589,-0.07668712,0.92468862,0.91347839,-0.01121022,0.94184466,0.93635530,-0.00548936,0.07669125,0.06946908,0.00722217,2.10437657,0.25967507,1.84470150,0.07388573,0.00697876,0.06690697,0.07388573,0.01633822,0.05754751
toddler,dtree,histbin,9,1054,0.69070209,0.90891841,0.90702087,-0.00189753,0.90272956,0.88102963,-0.02169993,0.91895604,0.94917582,0.03021978,0.88650307,0.81288344,-0.07361963,0.91728325,0.91345311,-0.00383014,0.93635287,0.93730844,0.00095557,0.07951803,0.07520240,0.00431563,2.33400280,0.33817113,1.99583166,0.07570765,0.01225170,0.06345595,0.07570765,0.01594312,0.05976453
toddler,dtree,isotonic,0,1054,0.69070209,0.90417457,0.90986717,0.00569260,0.89760163,0.89071243,-0.00688920,0.91483516,0.94093407,0.02609890,0.88036810,0.84049080,-0.03987730,0.91409779,0.90979783,-0.00429996,0.93378278,0.93400185,0.00021907,0.08202515,0.07584802,0.00617712,2.37269058,0.27856123,2.09412935,0.07802199,0.01413546,0.06388653,0.07802199,0.02283210,0.05518989
toddler,dtree,isotonic,1,1054,0.69070209,0.91745731,0.91840607,0.00094877,0.91314552,0.89943454,-0.01371098,0.92445055,0.94917582,0.02472527,0.90184049,0.84969325,-0.05214724,0.92489298,0.91896868,-0.00592429,0.94255851,0.94718451,0.00462600,0.07268783,0.06844038,0.00424745,2.22130942,0.25583777,1.96547166,0.06913896,0.01027138,0.05886757,0.06913896,0.02266559,0.04647337
toddler,dtree,isotonic,2,1054,0.69070209,0.90986717,0.92599620,0.01612903,0.90680409,0.90831676,0.00151267,0.91483516,0.95467033,0.03983516,0.89877301,0.86196319,-0.03680982,0.92754332,0.92253337,-0.00500994,0.94329477,0.94113776,-0.00215701,0.07389119,0.06623722,0.00765397,2.03290561,0.25040361,1.78250200,0.07469249,0.01292270,0.06176979,0.07469249,0.01578335,0.05890914
toddler,dtree,isotonic,3,1054,0.69070209,0.90796964,0.91176471,0.00379507,0.89950196,0.88785141,-0.01165054,0.92170330,0.95054945,0.02884615,0.87730061,0.82515337,-0.05214724,0.91111668,0.90383141,-0.00728528,0.93153570,0.92688910,-0.00464660,0.08241441,0.07505438,0.00736003,2.56342421,0.27794344,2.28548077,0.07877214,0.01279127,0.06598088,0.07877214,0.01279127,0.06598088
toddler,dtree,isotonic,4,1054,0.69070209,0.91461101,0.92030361,0.00569260,0.91447280,0.90588974,-0.00858306,0.91483516,0.94368132,0.02884615,0.91411043,0.86809816,-0.04601227,0.92599061,0.92759177,0.00160116,0.94453055,0.95188372,0.00735317,0.07534596,0.06803993,0.00730603,2.35480409,0.25276588,2.10203821,0.07250813,0.01261977,0.05988836,0.07303871,0.01261977,0.06041894
toddler,dtree,isotonic,5,1054,0.69070209,0.92030361,0.92314991,0.00284630,0.91774675,0.90879711,-0.00894964,0.92445055,0.94642857,0.02197802,0.91104294,0.87116564,-0.03987730,0.93336227,0.93122388,-0.00213839,0.94830742,0.94669238,-0.00161505,0.06804035,0.06108839,0.00695196,1.95454783,0.23456853,1.71997930,0.06620985,0.02515632,0.04105353,0.06620985,0.02694862,0.03926123
toddler,dtree,isotonic,6,1054,0.69070209,0.91555977,0.93358634,0.01802657,0.90838418,0.91127048,0.00288630,0.92719780,0.96978022,0.04258242,0.88957055,0.85276074,-0.03680982,0.92883056,0.91584221,-0.01298835,0.94286405,0.93478177,-0.00808228,0.06740279,0.05928811,0.00811469,1.85703374,0.23350747,1.62352627,0.06896884,0.01982917,0.04913967,0.06896884,0.01982917,0.04913967
toddler,dtree,isotonic,7,1054,0.69070209,0.89373814,0.90322581,0.00948767,0.88581204,0.88251702,-0.00329502,0.90659341,0.93681319,0.03021978,0.86503067,0.82822086,-0.03680982,0.90139174,0.89315420,-0.00823754,0.92415523,0.91961563,-0.00453960,0.09190135,0.08167510,0.01022625,2.84154449,0.29914748,2.54239701,0.09174105,0.02043407,0.07130698,0.09174105,0.02204410,0.06969696
toddler,dtree,isotonic,8,1054,0.69070209,0.90607211,0.91555977,0.00948767,0.90405683,0.88975174,-0.01430510,0.90934066,0.95741758,0.04807692,0.89877301,0.82208589,-0.07668712,0.92468862,0.91374385,-0.01094477,0.94184466,0.93647932,-0.00536534,0.07669125,0.06924894,0.00744231,2.10437657,0.25932735,1.84504922,0.07388573,0.00681970,0.06706603,0.07388573,0.01698599,0.05689975
toddler,dtree,isotonic,9,1054,0.69070209,0.90891841,0.90891841,0.00000000,0.90272956,0.88409711,-0.01863244,0.91895604,0.94917582,0.03021978,0.88650307,0.81901840,-0.06748466,0.91728325,0.91412096,-0.00316229,0.93635287,0.93733296,0.00098009,0.07951803,0.07438200,0.00513603,2.33400280,0.27431173,2.05969107,0.07570765,0.01169547,0.06401218,0.07570765,0.01475357,0.06095408
toddler,dtree,beta,0,1054,0.69070209,0.90417457,0.90702087,0.00284630,0.89760163,0.88611120,-0.01149043,0.91483516,0.94093407,0.02609890,0.88036810,0.83128834,-0.04907975,0.91409779,0.90985472,-0.00424307,0.93378278,0.93402962,0.00024684,0.08202515,0.07464996,0.00737519,2.37269058,0.27531392,2.09737667,0.07802199,0.01064540,0.06737659,0.07802199,0.01457105,0.06345094
toddler,dtree,beta,1,1054,0.69070209,0.91745731,0.91745731,0.00000000,0.91314552,0.89366615,-0.01947937,0.92445055,0.95604396,0.03159341,0.90184049,0.83128834,-0.07055215,0.92489298,0.91868005,-0.00621292,0.94255851,0.94707099,0.00451248,0.07268783,0.06881735,0.00387048,2.22130942,0.25636653,1.96494289,0.06913896,0.01426068,0.05487827,0.06913896,0.02464014,0.04449882
toddler,dtree,beta,2,1054,0.69070209,0.90986717,0.92220114,0.01233397,0.90680409,0.90811029,0.00130621,0.91483516,0.94505495,0.03021978,0.89877301,0.87116564,-0.02760736,0.92754332,0.92599693,-0.00154638,0.94329477,0.94232665,-0.00096811,0.07389119,0.06469971,0.00919148,2.03290561,0.24543636,1.78746925,0.07469249,0.01649672,0.05819576,0.07469249,0.01649672,0.05819576
toddler,dtree,beta,3,1054,0.69070209,0.90796964,0.91176471,0.00379507,0.89950196,0.88615755,-0.01334440,0.92170330,0.95329670,0.03159341,0.87730061,0.81901840,-0.05828221,0.91111668,0.90583286,-0.00528383,0.93153570,0.92904922,-0.00248648,0.08241441,0.07459809,0.00781632,2.56342421,0.27673986,2.28668435,0.07877214,0.01107870,0.06769344,0.07877214,0.01107870,0.06769344
toddler,dtree,beta,4,1054,0.69070209,0.91461101,0.92030361,0.00569260,0.91447280,0.90588974,-0.00858306,0.91483516,0.94368132,0.02884615,0.91411043,0.86809816,-0.04601227,0.92599061,0.92945839,0.00346777,0.94453055,0.95250367,0.00797312,0.07534596,0.06861357,0.00673239,2.35480409,0.25396752,2.10083656,0.07250813,0.01119350,0.06131464,0.07303871,0.01470259,0.05833612
toddler,dtree,beta,5,1054,0.69070209,0.92030361,0.92884250,0.00853890,0.91774675,0.91207106,-0.00567569,0.92445055,0.95604396,0.03159341,0.91104294,0.86809816,-0.04294479,0.93336227,0.93133343,-0.00202884,0.94830742,0.94674926,-0.00155817,0.06804035,0.06000730,0.00803305,1.95454783,0.23232328,1.72222454,0.06620985,0.02521144,0.04099841,0.06620985,0.02642367,0.03978618
toddler,dtree,beta,6,1054,0.69070209,0.91555977,0.93358634,0.01802657,0.90838418,0.90872969,0.00034551,0.92719780,0.97390110,0.04670330,0.88957055,0.84355828,-0.04601227,0.92883056,0.91583589,-0.01299467,0.94286405,0.93350882,-0.00935523,0.06740279,0.05955491,0.00784788,1.85703374,0.23443633,1.62259740,0.06896884,0.02048127,0.04848757,0.06896884,0.02048127,0.04848757
toddler,dtree,beta,7,1054,0.69070209,0.89373814,0.90607211,0.01233397,0.88581204,0.88034282,-0.00546922,0.90659341,0.94780220,0.04120879,0.86503067,0.81288344,-0.05214724,0.90139174,0.89293088,-0.00846086,0.92415523,0.91952216,-0.00463306,0.09190135,0.08189330,0.01000805,2.84154449,0.29973286,2.54181163,0.09174105,0.01996560,0.07177546,0.09174105,0.02048596,0.07125510
toddler,dtree,beta,8,1054,0.69070209,0.90607211,0.91840607,0.01233397,0.90405683,0.89096525,-0.01309159,0.90934066,0.96291209,0.05357143,0.89877301,0.81901840,-0.07975460,0.92468862,0.91355845,-0.01113017,0.94184466,0.93643081,-0.00541385,0.07669125,0.06856293,0.00812832,2.10437657,0.25782261,1.84655396,0.07388573,0.00567483,0.06821091,0.07388573,0.01588037,0.05800536
toddler,dtree,beta,9,1054,0.69070209,0.90891841,0.91366224,0.00474383,0.90272956,0.88753118,-0.01519838,0.91895604,0.95604396,0.03708791,0.88650307,0.81901840,-0.06748466,0.91728325,0.91936055,0.00207729,0.93635287,0.94304229,0.00668943,0.07951803,0.07253022,0.00698780,2.33400280,0.26817736,2.06582544,0.07570765,0.00595446,0.06975318,0.07570765,0.01120477,0.06450288
toddler,knn,platt,0,1054,0.69070209,0.95540797,0.94592030,-0.00948767,0.95586277,0.92019905,-0.03566372,0.95467033,0.98763736,0.03296703,0.95705521,0.85276074,-0.10429448,0.99006860,0.98862334,-0.00144526,0.99345130,0.99390133,0.00045003,0.03404175,0.03644603,-0.00240428,0.19729684,0.13251983,0.06477702,0.01726755,0.02301107,-0.00574352,0.01916509,0.02301107,-0.00384598
toddler,knn,platt,1,1054,0.69070209,0.95256167,0.95920304,0.00664137,0.95210847,0.94251837,-0.00959010,0.95329670,0.98626374,0.03296703,0.95092025,0.89877301,-0.05214724,0.99201738,0.99196892,-0.00004846,0.99499342,0.99619166,0.00119824,0.03445920,0.03594131,-0.00148210,0.13637470,0.11328355,0.02309115,0.02656546,0.02931423,-0.00274877,0.02656546,0.02931423,-0.00274877
toddler,knn,platt,2,1054,0.69070209,0.94876660,0.95161290,0.00284630,0.94766736,0.93448308,-0.01318429,0.95054945,0.97939560,0.02884615,0.94478528,0.88957055,-0.05521472,0.98957350,0.98856435,-0.00100915,0.99373002,0.99486348,0.00113346,0.03741935,0.03757362,-0.00015426,0.20595157,0.13038426,0.07556732,0.02504744,0.02438759,0.00065984,0.02504744,0.02438759,0.00065984
toddler,knn,platt,3,1054,0.69070209,0.95256167,0.93833017,-0.01423150,0.95380233,0.90454139,-0.04926094,0.95054945,0.99313187,0.04258242,0.95705521,0.81595092,-0.14110429,0.99002014,0.98830943,-0.00171071,0.99330766,0.99249748,-0.00081018,0.03563567,0.03820764,-0.00257197,0.16988055,0.12261747,0.04726308,0.01954459,0.01730076,0.00224384,0.02144213,0.01901482,0.00242731
toddler,knn,platt,4,1054,0.69070209,0.95161290,0.94971537,-0.00189753,0.95057473,0.92972174,-0.02085300,0.95329670,0.98214286,0.02884615,0.94785276,0.87730061,-0.07055215,0.99017815,0.98917953,-0.00099862,0.99403497,0.99509687,0.00106190,0.03666034,0.03820060,-0.00154026,0.17317423,0.12574873,0.04742551,0.02125237,0.02471350,-0.00346113,0.02125237,0.02471350,-0.00346113
toddler,knn,platt,5,1054,0.69070209,0.95445920,0.95161290,-0.00284630,0.95432903,0.93363615,-0.02069288,0.95467033,0.98076923,0.02609890,0.95398773,0.88650307,-0.06748466,0.99039726,0.99065639,0.00025914,0.99423579,0.99568589,0.00145010,0.03521822,0.03689403,-0.00167582,0.20071300,0.11951433,0.08119866,0.02125237,0.02986269,-0.00861032,0.02125237,0.02986269,-0.00861032
toddler,knn,platt,6,1054,0.69070209,0.94497154,0.95256167,0.00759013,0.94492011,0.93178217,-0.01313794,0.94505495,0.98626374,0.04120879,0.94478528,0.87730061,-0.06748466,0.98819777,0.98894568,0.00074791,0.99175504,0.99448643,0.00273139,0.03643264,0.03716585,-0.00073321,0.20177338,0.12198183,0.07979155,0.01821632,0.01745920,0.00075712,0.02201139,0.01911608,0.00289530
toddler,knn,platt,7,1054,0.69070209,0.95256167,0.94402277,-0.00853890,0.95295540,0.92221314,-0.03074226,0.95192308,0.97939560,0.02747253,0.95398773,0.86503067,-0.08895706,0.99091553,0.99017604,-0.00073948,0.99450052,0.99557242,0.00107190,0.03548387,0.03738425,-0.00190038,0.17018258,0.12343693,0.04674564,0.02182163,0.02031307,0.00150856,0.02182163,0.02346696,-0.00164533
toddler,knn,platt,8,1054,0.69070209,0.94686907,0.93738140,-0.00948767,0.94629374,0.91317080,-0.03312294,0.94780220,0.97664835,0.02884615,0.94478528,0.84969325,-0.09509202,0.98647652,0.98605095,-0.00042557,0.99076641,0.99291001,0.00214360,0.03908918,0.04076745,-0.00167826,0.24293512,0.13721626,0.10571886,0.02087287,0.02017434,0.00069852,0.02466793,0.02101497,0.00365296
toddler,knn,platt,9,1054,0.69070209,0.94876660,0.95256167,0.00379507,0.95020815,0.93262910,-0.01757905,0.94642857,0.98489011,0.03846154,0.95398773,0.88036810,-0.07361963,0.98747725,0.98577917,-0.00169807,0.99138537,0.98928932,-0.00209606,0.03635674,0.03817487,-0.00181813,0.26629906,0.13646946,0.12982960,0.02087287,0.01961235,0.00126052,0.02466793,0.02314575,0.00152218
toddler,knn,temperature,0,1054,0.69070209,0.95540797,0.95540797,0.00000000,0.95586277,0.95586277,0.00000000,0.95467033,0.95467033,0.00000000,0.95705521,0.95705521,0.00000000,0.99006860,0.98848429,-0.00158431,0.99345130,0.99383463,0.00038332,0.03404175,0.03758633,-0.00354458,0.19729684,0.13539084,0.06190601,0.01726755,0.02553608,-0.00826853,0.01916509,0.02553608,-0.00637099
toddler,knn,temperature,1,1054,0.69070209,0.95256167,0.95256167,0.00000000,0.95210847,0.95210847,0.00000000,0.95329670,0.95329670,0.00000000,0.95092025,0.95092025,0.00000000,0.99201738,0.99239028,0.00037290,0.99499342,0.99637599,0.00138256,0.03445920,0.03784353,-0.00338433,0.13637470,0.11865994,0.01771475,0.02656546,0.03907613,-0.01251066,0.02656546,0.03907613,-0.01251066
toddler,knn,temperature,2,1054,0.69070209,0.94876660,0.94876660,0.00000000,0.94766736,0.94766736,0.00000000,0.95054945,0.95054945,0.00000000,0.94478528,0.94478528,0.00000000,0.98957350,0.98863598,-0.00093752,0.99373002,0.99489168,0.00116166,0.03741935,0.04008495,-0.00266559,0.20595157,0.13804365,0.06790792,0.02504744,0.03160132,-0.00655388,0.02504744,0.03450442,-0.00945698
toddler,knn,temperature,3,1054,0.69070209,0.95256167,0.95256167,0.00000000,0.95380233,0.95380233,0.00000000,0.95054945,0.95054945,0.00000000,0.95705521,0.95705521,0.00000000,0.99002014,0.98900467,-0.00101547,0.99330766,0.99278239,-0.00052527,0.03563567,0.03953257,-0.00389690,0.16988055,0.12607477,0.04380578,0.01954459,0.03017348,-0.01062889,0.02144213,0.03017348,-0.00873135
toddler,knn,temperature,4,1054,0.69070209,0.95161290,0.95161290,0.00000000,0.95057473,0.95057473,0.00000000,0.95329670,0.95329670,0.00000000,0.94785276,0.94785276,0.00000000,0.99017815,0.98946184,-0.00071631,0.99403497,0.99522717,0.00119221,0.03666034,0.03988167,-0.00322133,0.17317423,0.13064809,0.04252615,0.02125237,0.03179990,-0.01054753,0.02125237,0.03179990,-0.01054753
toddler,knn,temperature,5,1054,0.69070209,0.95445920,0.95445920,0.00000000,0.95432903,0.95432903,0.00000000,0.95467033,0.95467033,0.00000000,0.95398773,0.95398773,0.00000000,0.99039726,0.99083336,0.00043611,0.99423579,0.99576500,0.00152921,0.03521822,0.03894349,-0.00372528,0.20071300,0.12623867,0.07447432,0.02125237,0.03271844,-0.01146607,0.02125237,0.03271844,-0.01146607
toddler,knn,temperature,6,1054,0.69070209,0.94497154,0.94497154,0.00000000,0.94492011,0.94492011,0.00000000,0.94505495,0.94505495,0.00000000,0.94478528,0.94478528,0.00000000,0.98819777,0.98809875,-0.00009902,0.99175504,0.99341428,0.00165924,0.03643264,0.03902599,-0.00259336,0.20177338,0.12585794,0.07591544,0.01821632,0.03075761,-0.01254129,0.02201139,0.03075761,-0.00874622
toddler,knn,temperature,7,1054,0.69070209,0.95256167,0.95256167,0.00000000,0.95295540,0.95295540,0.00000000,0.95192308,0.95192308,0.00000000,0.95398773,0.95398773,0.00000000,0.99091553,0.99027717,-0.00063836,0.99450052,0.99561974,0.00111922,0.03548387,0.03934607,-0.00386220,0.17018258,0.12958391,0.04059867,0.02182163,0.02894914,-0.00712751,0.02182163,0.03415156,-0.01232992
toddler,knn,temperature,8,1054,0.69070209,0.94686907,0.94686907,0.00000000,0.94629374,0.94629374,0.00000000,0.94780220,0.94780220,0.00000000,0.94478528,0.94478528,0.00000000,0.98647652,0.98617736,-0.00029916,0.99076641,0.99289647,0.00213006,0.03908918,0.04255225,-0.00346306,0.24293512,0.14173310,0.10120202,0.02087287,0.03258366,-0.01171080,0.02466793,0.03258366,-0.00791573
toddler,knn,temperature,9,1054,0.69070209,0.94876660,0.94876660,0.00000000,0.95020815,0.95020815,0.00000000,0.94642857,0.94642857,0.00000000,0.95398773,0.95398773,0.00000000,0.98747725,0.98615840,-0.00131885,0.99138537,0.98945329,-0.00193208,0.03635674,0.03977956,-0.00342282,0.26629906,0.13990003,0.12639903,0.02087287,0.03526967,-0.01439680,0.02466793,0.03526967,-0.01060174
toddler,knn,histbin,0,1054,0.69070209,0.95540797,0.95161290,-0.00379507,0.95586277,0.93702387,-0.01883891,0.95467033,0.97527473,0.02060440,0.95705521,0.89877301,-0.05828221,0.99006860,0.98832628,-0.00174231,0.99345130,0.99319782,-0.00025348,0.03404175,0.03309481,0.00094694,0.19729684,0.14192581,0.05537103,0.01726755,0.00491032,0.01235723,0.01916509,0.01187705,0.00728803
toddler,knn,histbin,1,1054,0.69070209,0.95256167,0.95825427,0.00569260,0.95210847,0.95368857,0.00158009,0.95329670,0.96565934,0.01236264,0.95092025,0.94171779,-0.00920245,0.99201738,0.99188886,-0.00012851,0.99499342,0.99612828,0.00113485,0.03445920,0.03164706,0.00281214,0.13637470,0.10367208,0.03270261,0.02656546,0.01380948,0.01275598,0.02656546,0.01380948,0.01275598
toddler,knn,histbin,2,1054,0.69070209,0.94876660,0.94971537,0.00094877,0.94766736,0.93565024,-0.01201712,0.95054945,0.97252747,0.02197802,0.94478528,0.89877301,-0.04601227,0.98957350,0.98920271,-0.00037079,0.99373002,0.99504123,0.00131121,0.03741935,0.03512923,0.00229013,0.20595157,0.11476524,0.09118633,0.02504744,0.00677832,0.01826911,0.02504744,0.01174724,0.01330020
toddler,knn,histbin,3,1054,0.69070209,0.95256167,0.94781784,-0.00474383,0.95380233,0.93173583,-0.02206651,0.95054945,0.97390110,0.02335165,0.95705521,0.88957055,-0.06748466,0.99002014,0.98929751,-0.00072263,0.99330766,0.99384959,0.00054193,0.03563567,0.03360736,0.00202832,0.16988055,0.13811213,0.03176842,0.01954459,0.00840417,0.01114042,0.02144213,0.01315633,0.00828579
toddler,knn,histbin,4,1054,0.69070209,0.95161290,0.95066414,-0.00094877,0.95057473,0.93549012,-0.01508461,0.95329670,0.97527473,0.02197802,0.94785276,0.89570552,-0.05214724,0.99017815,0.98930594,-0.00087221,0.99403497,0.99511952,0.00108455,0.03666034,0.03511369,0.00154665,0.17317423,0.11520611,0.05796812,0.02125237,0.00991975,0.01133262,0.02125237,0.00991975,0.01133262
toddler,knn,histbin,5,1054,0.69070209,0.95445920,0.95161290,-0.00284630,0.95432903,0.93617694,-0.01815209,0.95467033,0.97664835,0.02197802,0.95398773,0.89570552,-0.05828221,0.99039726,0.99068167,0.00028442,0.99423579,0.99565270,0.00141691,0.03521822,0.03331168,0.00190654,0.20071300,0.11022282,0.09049018,0.02125237,0.00479107,0.01646130,0.02125237,0.01076686,0.01048551
toddler,knn,histbin,6,1054,0.69070209,0.94497154,0.95351044,0.00853890,0.94492011,0.94093828,-0.00398183,0.94505495,0.97390110,0.02884615,0.94478528,0.90797546,-0.03680982,0.98819777,0.98939021,0.00119244,0.99175504,0.99437559,0.00262056,0.03643264,0.03404356,0.00238907,0.20177338,0.11568151,0.08609187,0.01821632,0.00714718,0.01106913,0.02201139,0.01019092,0.01182047
toddler,knn,histbin,7,1054,0.69070209,0.95256167,0.94876660,-0.00379507,0.95295540,0.93072878,-0.02222662,0.95192308,0.97802198,0.02609890,0.95398773,0.88343558,-0.07055215,0.99091553,0.98651023,-0.00440530,0.99450052,0.99171031,-0.00279021,0.03548387,0.03426248,0.00122139,0.17018258,0.23167572,-0.06149315,0.02182163,0.00822016,0.01360147,0.02182163,0.01512773,0.00669390
toddler,knn,histbin,8,1054,0.69070209,0.94686907,0.94876660,0.00189753,0.94629374,0.93496343,-0.01133031,0.94780220,0.97115385,0.02335165,0.94478528,0.89877301,-0.04601227,0.98647652,0.98357969,-0.00289683,0.99076641,0.98997658,-0.00078983,0.03908918,0.03787049,0.00121869,0.24293512,0.18749377,0.05544135,0.02087287,0.00751314,0.01335973,0.02466793,0.01580227,0.00886566
toddler,knn,histbin,9,1054,0.69070209,0.94876660,0.95161290,0.00284630,0.95020815,0.93617694,-0.01403121,0.94642857,0.97664835,0.03021978,0.95398773,0.89570552,-0.05828221,0.98747725,0.98644071,-0.00103654,0.99138537,0.99145056,0.00006518,0.03635674,0.03429166,0.00206508,0.26629906,0.17546407,0.09083499,0.02087287,0.01003156,0.01084131,0.02466793,0.01025313,0.01441480
toddler,knn,isotonic,0,1054,0.69070209,0.95540797,0.95161290,-0.00379507,0.95586277,0.93702387,-0.01883891,0.95467033,0.97527473,0.02060440,0.95705521,0.89877301,-0.05828221,0.99006860,0.98832628,-0.00174231,0.99345130,0.99319782,-0.00025348,0.03404175,0.03309481,0.00094694,0.19729684,0.14192581,0.05537103,0.01726755,0.00491032,0.01235723,0.01916509,0.01187705,0.00728803
toddler,knn,isotonic,1,1054,0.69070209,0.95256167,0.95825427,0.00569260,0.95210847,0.95368857,0.00158009,0.95329670,0.96565934,0.01236264,0.95092025,0.94171779,-0.00920245,0.99201738,0.99188886,-0.00012851,0.99499342,0.99612828,0.00113485,0.03445920,0.03164706,0.00281214,0.13637470,0.10367208,0.03270261,0.02656546,0.01380948,0.01275598,0.02656546,0.01380948,0.01275598
toddler,knn,isotonic,2,1054,0.69070209,0.94876660,0.94971537,0.00094877,0.94766736,0.93565024,-0.01201712,0.95054945,0.97252747,0.02197802,0.94478528,0.89877301,-0.04601227,0.98957350,0.98920271,-0.00037079,0.99373002,0.99504123,0.00131121,0.03741935,0.03512923,0.00229013,0.20595157,0.11476524,0.09118633,0.02504744,0.00677832,0.01826911,0.02504744,0.01174724,0.01330020
toddler,knn,isotonic,3,1054,0.69070209,0.95256167,0.94781784,-0.00474383,0.95380233,0.93173583,-0.02206651,0.95054945,0.97390110,0.02335165,0.95705521,0.88957055,-0.06748466,0.99002014,0.98929751,-0.00072263,0.99330766,0.99384959,0.00054193,0.03563567,0.03360736,0.00202832,0.16988055,0.13811213,0.03176842,0.01954459,0.00840417,0.01114042,0.02144213,0.01315633,0.00828579
toddler,knn,isotonic,4,1054,0.69070209,0.95161290,0.95066414,-0.00094877,0.95057473,0.93549012,-0.01508461,0.95329670,0.97527473,0.02197802,0.94785276,0.89570552,-0.05214724,0.99017815,0.98930594,-0.00087221,0.99403497,0.99511952,0.00108455,0.03666034,0.03511369,0.00154665,0.17317423,0.11520611,0.05796812,0.02125237,0.00991975,0.01133262,0.02125237,0.00991975,0.01133262
toddler,knn,isotonic,5,1054,0.69070209,0.95445920,0.95161290,-0.00284630,0.95432903,0.93617694,-0.01815209,0.95467033,0.97664835,0.02197802,0.95398773,0.89570552,-0.05828221,0.99039726,0.99068167,0.00028442,0.99423579,0.99565270,0.00141691,0.03521822,0.03331168,0.00190654,0.20071300,0.11022282,0.09049018,0.02125237,0.00479107,0.01646130,0.02125237,0.01076686,0.01048551
toddler,knn,isotonic,6,1054,0.69070209,0.94497154,0.95351044,0.00853890,0.94492011,0.94093828,-0.00398183,0.94505495,0.97390110,0.02884615,0.94478528,0.90797546,-0.03680982,0.98819777,0.98939021,0.00119244,0.99175504,0.99437559,0.00262056,0.03643264,0.03404356,0.00238907,0.20177338,0.11568151,0.08609187,0.01821632,0.00714718,0.01106913,0.02201139,0.01019092,0.01182047
toddler,knn,isotonic,7,1054,0.69070209,0.95256167,0.94876660,-0.00379507,0.95295540,0.93072878,-0.02222662,0.95192308,0.97802198,0.02609890,0.95398773,0.88343558,-0.07055215,0.99091553,0.98651023,-0.00440530,0.99450052,0.99171031,-0.00279021,0.03548387,0.03426248,0.00122139,0.17018258,0.23167572,-0.06149315,0.02182163,0.00822016,0.01360147,0.02182163,0.01512773,0.00669390
toddler,knn,isotonic,8,1054,0.69070209,0.94686907,0.94876660,0.00189753,0.94629374,0.93496343,-0.01133031,0.94780220,0.97115385,0.02335165,0.94478528,0.89877301,-0.04601227,0.98647652,0.98360918,-0.00286734,0.99076641,0.98997913,-0.00078728,0.03908918,0.03776756,0.00132163,0.24293512,0.18714012,0.05579500,0.02087287,0.00764616,0.01322671,0.02466793,0.01566925,0.00899869
toddler,knn,isotonic,9,1054,0.69070209,0.94876660,0.95161290,0.00284630,0.95020815,0.93617694,-0.01403121,0.94642857,0.97664835,0.03021978,0.95398773,0.89570552,-0.05828221,0.98747725,0.98644071,-0.00103654,0.99138537,0.99145056,0.00006518,0.03635674,0.03429166,0.00206508,0.26629906,0.17546407,0.09083499,0.02087287,0.01003156,0.01084131,0.02466793,0.01025313,0.01441480
toddler,knn,beta,0,1054,0.69070209,0.95540797,0.95066414,-0.00474383,0.95586277,0.93294934,-0.02291344,0.95467033,0.97939560,0.02472527,0.95705521,0.88650307,-0.07055215,0.99006860,0.98877503,-0.00129357,0.99345130,0.99386757,0.00041627,0.03404175,0.03609221,-0.00205046,0.19729684,0.14129930,0.05599755,0.01726755,0.02268613,-0.00541858,0.01916509,0.02268613,-0.00352104
toddler,knn,beta,1,1054,0.69070209,0.95256167,0.95161290,-0.00094877,0.95210847,0.94295237,-0.00915610,0.95329670,0.96565934,0.01236264,0.95092025,0.92024540,-0.03067485,0.99201738,0.99104615,-0.00097123,0.99499342,0.99586389,0.00087047,0.03445920,0.03408307,0.00037614,0.13637470,0.10888894,0.02748576,0.02656546,0.01709795,0.00946751,0.02656546,0.01709795,0.00946751
toddler,knn,beta,2,1054,0.69070209,0.94876660,0.95161290,0.00284630,0.94766736,0.94041158,-0.00725578,0.95054945,0.96978022,0.01923077,0.94478528,0.91104294,-0.03374233,0.98957350,0.98973572,0.00016222,0.99373002,0.99519078,0.00146076,0.03741935,0.03630439,0.00111496,0.20595157,0.11681403,0.08913755,0.02504744,0.01570882,0.00933862,0.02504744,0.01570882,0.00933862
toddler,knn,beta,3,1054,0.69070209,0.95256167,0.94117647,-0.01138520,0.95380233,0.92777506,-0.02602727,0.95054945,0.96291209,0.01236264,0.95705521,0.89263804,-0.06441718,0.99002014,0.98770689,-0.00231325,0.99330766,0.99231420,-0.00099345,0.03563567,0.03639317,-0.00075750,0.16988055,0.14798858,0.02189196,0.01954459,0.01931925,0.00022534,0.02144213,0.02491052,-0.00346840
toddler,knn,beta,4,1054,0.69070209,0.95161290,0.94497154,-0.00664137,0.95057473,0.92289995,-0.02767478,0.95329670,0.98076923,0.02747253,0.94785276,0.86503067,-0.08282209,0.99017815,0.98955875,-0.00061940,0.99403497,0.99523355,0.00119858,0.03666034,0.03717049,-0.00051014,0.17317423,0.11809679,0.05507744,0.02125237,0.01874800,0.00250438,0.02125237,0.02003714,0.00121523
toddler,knn,beta,5,1054,0.69070209,0.95445920,0.95540797,0.00094877,0.95432903,0.94739348,-0.00693555,0.95467033,0.96840659,0.01373626,0.95398773,0.92638037,-0.02760736,0.99039726,0.99131792,0.00092067,0.99423579,0.99590981,0.00167402,0.03521822,0.03540211,-0.00018389,0.20071300,0.11348668,0.08722632,0.02125237,0.02200215,-0.00074978,0.02125237,0.02200215,-0.00074978
toddler,knn,beta,6,1054,0.69070209,0.94497154,0.94686907,0.00189753,0.94492011,0.93528366,-0.00963645,0.94505495,0.96565934,0.02060440,0.94478528,0.90490798,-0.03987730,0.98819777,0.98875607,0.00055830,0.99175504,0.99406461,0.00230957,0.03643264,0.03597966,0.00045298,0.20177338,0.12252861,0.07924477,0.01821632,0.01120784,0.00700848,0.02201139,0.01120784,0.01080354
toddler,knn,beta,7,1054,0.69070209,0.95256167,0.95161290,-0.00094877,0.95295540,0.94464623,-0.00830918,0.95192308,0.96291209,0.01098901,0.95398773,0.92638037,-0.02760736,0.99091553,0.98978418,-0.00113135,0.99450052,0.99545508,0.00095456,0.03548387,0.03498825,0.00049562,0.17018258,0.14495003,0.02523254,0.02182163,0.00948656,0.01233507,0.02182163,0.01368581,0.00813582
toddler,knn,beta,8,1054,0.69070209,0.94686907,0.94686907,0.00000000,0.94629374,0.93613059,-0.01016315,0.94780220,0.96428571,0.01648352,0.94478528,0.90797546,-0.03680982,0.98647652,0.98421383,-0.00226269,0.99076641,0.99052106,-0.00024535,0.03908918,0.04074858,-0.00165940,0.24293512,0.17118218,0.07175294,0.02087287,0.02612572,-0.00525285,0.02466793,0.02891218,-0.00424425
toddler,knn,beta,9,1054,0.69070209,0.94876660,0.95066414,0.00189753,0.95020815,0.94057170,-0.00963645,0.94642857,0.96703297,0.02060440,0.95398773,0.91411043,-0.03987730,0.98747725,0.98704746,-0.00042978,0.99138537,0.99310859,0.00172322,0.03635674,0.03664368,-0.00028695,0.26629906,0.16097611,0.10532296,0.02087287,0.00938606,0.01148680,0.02466793,0.01583656,0.00883137
toddler,nb,platt,0,1054,0.69070209,0.92314991,0.93168880,0.00853890,0.91811333,0.91836614,0.00025281,0.93131868,0.95329670,0.02197802,0.90490798,0.88343558,-0.02147239,0.96456170,0.97208505,0.00752334,0.96495524,0.98543772,0.02048247,0.06172963,0.05192633,0.00980330,0.54265954,0.19043674,0.35222280,0.05080640,0.01193473,0.03887167,0.05689037,0.01555572,0.04133465
toddler,nb,platt,1,1054,0.69070209,0.92979127,0.92979127,0.00000000,0.92800260,0.91783945,-0.01016315,0.93269231,0.94917582,0.01648352,0.92331288,0.88650307,-0.03680982,0.97045229,0.97384000,0.00338772,0.97434110,0.98489533,0.01055422,0.06079417,0.05036329,0.01043087,0.45124965,0.17924959,0.27200007,0.05490176,0.01644649,0.03845527,0.05532895,0.02352139,0.03180756
toddler,nb,platt,2,1054,0.69070209,0.93074004,0.92789374,-0.00284630,0.92784248,0.91477196,-0.01307052,0.93543956,0.94917582,0.01373626,0.92024540,0.88036810,-0.03987730,0.97510829,0.97342918,-0.00167911,0.98349351,0.98283473,-0.00065878,0.05786589,0.04982695,0.00803894,0.33884800,0.17709006,0.16175794,0.04953727,0.01086077,0.03867650,0.05001844,0.02176810,0.02825034
toddler,nb,platt,3,1054,0.69070209,0.93643264,0.93263757,-0.00379507,0.93619800,0.91989989,-0.01629812,0.93681319,0.95329670,0.01648352,0.93558282,0.88650307,-0.04907975,0.97502823,0.97286456,-0.00216367,0.98394103,0.98171943,-0.00222160,0.05401126,0.04929587,0.00471539,0.35991151,0.17811594,0.18179556,0.04546570,0.01703956,0.02842614,0.04760040,0.02142125,0.02617915
toddler,nb,platt,4,1054,0.69070209,0.93263757,0.93548387,0.00284630,0.93345075,0.92450111,-0.00894964,0.93131868,0.95329670,0.02197802,0.93558282,0.89570552,-0.03987730,0.97938507,0.97942931,0.00004424,0.98665662,0.98881431,0.00215769,0.05522496,0.04693229,0.00829268,0.33250069,0.16285293,0.16964776,0.04753702,0.01087880,0.03665822,0.04753702,0.01528787,0.03224915
toddler,nb,platt,5,1054,0.69070209,0.92599620,0.92979127,0.00379507,0.92610227,0.91783945,-0.00826283,0.92582418,0.94917582,0.02335165,0.92638037,0.88650307,-0.03987730,0.97320375,0.97408650,0.00088274,0.98356305,0.98571834,0.00215529,0.06140741,0.05227154,0.00913587,0.36267146,0.18465084,0.17802062,0.05554762,0.01621169,0.03933593,0.05636860,0.01878990,0.03757871
toddler,nb,platt,6,1054,0.69070209,0.92409867,0.93453510,0.01043643,0.92134093,0.92381430,0.00247337,0.92857143,0.95192308,0.02335165,0.91411043,0.89570552,-0.01840491,0.97044807,0.97192493,0.00147686,0.97456797,0.98239172,0.00782375,0.06133993,0.05140672,0.00993321,0.44631048,0.18556981,0.26074067,0.05506360,0.01281030,0.04225329,0.05682926,0.01412266,0.04270660
toddler,nb,platt,7,1054,0.69070209,0.93263757,0.92789374,-0.00474383,0.92921611,0.91392503,-0.01529107,0.93818681,0.95054945,0.01236264,0.92024540,0.87730061,-0.04294479,0.97984014,0.97988017,0.00004003,0.98682444,0.98892441,0.00209997,0.05477612,0.04734227,0.00743385,0.29095588,0.16485783,0.12609805,0.04195893,0.01934511,0.02261383,0.04294183,0.02911795,0.01382388
toddler,nb,platt,8,1054,0.69070209,0.92125237,0.92599620,0.00474383,0.91673970,0.91085755,-0.00588215,0.92857143,0.95054945,0.02197802,0.90490798,0.87116564,-0.03374233,0.97004357,0.96969595,-0.00034762,0.98195200,0.98227596,0.00032396,0.06533236,0.05352297,0.01180939,0.42780785,0.19169395,0.23611391,0.05819224,0.01520669,0.04298556,0.06477917,0.01825673,0.04652244
toddler,nb,platt,9,1054,0.69070209,0.91176471,0.92409867,0.01233397,0.90224921,0.90270849,0.00045928,0.92719780,0.95879121,0.03159341,0.87730061,0.84662577,-0.03067485,0.96814957,0.97033641,0.00218685,0.97304237,0.98116804,0.00812567,0.06949608,0.05645063,0.01304545,0.43487003,0.19369072,0.24117932,0.06445551,0.02164348,0.04281203,0.06445551,0.02253182,0.04192369
toddler,nb,temperature,0,1054,0.69070209,0.92314991,0.92314991,0.00000000,0.91811333,0.91811333,0.00000000,0.93131868,0.93131868,0.00000000,0.90490798,0.90490798,0.00000000,0.96456170,0.97128868,0.00672698,0.96495524,0.98546390,0.02050865,0.06172963,0.05492200,0.00680763,0.54265954,0.19759863,0.34506091,0.05080640,0.02574368,0.02506271,0.05689037,0.02727593,0.02961444
toddler,nb,temperature,1,1054,0.69070209,0.92979127,0.92979127,0.00000000,0.92800260,0.92800260,0.00000000,0.93269231,0.93269231,0.00000000,0.92331288,0.92331288,0.00000000,0.97045229,0.97455210,0.00409981,0.97434110,0.98686623,0.01252512,0.06079417,0.05413440,0.00665977,0.45124965,0.18712279,0.26412687,0.05490176,0.02780721,0.02709455,0.05532895,0.03063737,0.02469158
toddler,nb,temperature,2,1054,0.69070209,0.93074004,0.93074004,0.00000000,0.92784248,0.92784248,0.00000000,0.93543956,0.93543956,0.00000000,0.92024540,0.92024540,0.00000000,0.97510829,0.97513146,0.00002317,0.98349351,0.98568922,0.00219571,0.05786589,0.05177821,0.00608768,0.33884800,0.18054950,0.15829850,0.04953727,0.02457921,0.02495806,0.05001844,0.03118813,0.01883030
toddler,nb,temperature,3,1054,0.69070209,0.93643264,0.93643264,0.00000000,0.93619800,0.93619800,0.00000000,0.93681319,0.93681319,0.00000000,0.93558282,0.93558282,0.00000000,0.97502823,0.97248534,-0.00254289,0.98394103,0.98141181,-0.00252922,0.05401126,0.05120700,0.00280426,0.35991151,0.18415761,0.17575390,0.04546570,0.02702822,0.01843748,0.04760040,0.02984608,0.01775432
toddler,nb,temperature,4,1054,0.69070209,0.93263757,0.93263757,0.00000000,0.93345075,0.93345075,0.00000000,0.93131868,0.93131868,0.00000000,0.93558282,0.93558282,0.00000000,0.97938507,0.98014141,0.00075634,0.98665662,0.99030640,0.00364978,0.05522496,0.04906262,0.00616234,0.33250069,0.16968129,0.16281940,0.04753702,0.02823897,0.01929805,0.04753702,0.02845644,0.01908058
toddler,nb,temperature,5,1054,0.69070209,0.92599620,0.92599620,0.00000000,0.92610227,0.92610227,0.00000000,0.92582418,0.92582418,0.00000000,0.92638037,0.92638037,0.00000000,0.97320375,0.97410335,0.00089960,0.98356305,0.98714236,0.00357931,0.06140741,0.05532865,0.00607877,0.36267146,0.19227924,0.17039222,0.05554762,0.02887409,0.02667353,0.05636860,0.02887409,0.02749452
toddler,nb,temperature,6,1054,0.69070209,0.92409867,0.92409867,0.00000000,0.92134093,0.92134093,0.00000000,0.92857143,0.92857143,0.00000000,0.91411043,0.91411043,0.00000000,0.97044807,0.97154571,0.00109764,0.97456797,0.98225227,0.00768430,0.06133993,0.05422035,0.00711958,0.44631048,0.19197734,0.25433314,0.05506360,0.02542126,0.02964233,0.05682926,0.02542126,0.03140800
toddler,nb,temperature,7,1054,0.69070209,0.93263757,0.93263757,0.00000000,0.92921611,0.92921611,0.00000000,0.93818681,0.93818681,0.00000000,0.92024540,0.92024540,0.00000000,0.97984014,0.98044057,0.00060043,0.98682444,0.99037676,0.00355232,0.05477612,0.04914873,0.00562739,0.29095588,0.17097841,0.11997747,0.04195893,0.02858958,0.01336935,0.04294183,0.03404376,0.00889807
toddler,nb,temperature,8,1054,0.69070209,0.92125237,0.92125237,0.00000000,0.91673970,0.91673970,0.00000000,0.92857143,0.92857143,0.00000000,0.90490798,0.90490798,0.00000000,0.97004357,0.97053866,0.00049510,0.98195200,0.98442492,0.00247292,0.06533236,0.05693167,0.00840069,0.42780785,0.19902628,0.22878158,0.05819224,0.02585897,0.03233328,0.06477917,0.02911585,0.03566332
toddler,nb,temperature,9,1054,0.69070209,0.91176471,0.91176471,0.00000000,0.90224921,0.90224921,0.00000000,0.92719780,0.92719780,0.00000000,0.87730061,0.87730061,0.00000000,0.96814957,0.97125076,0.00310119,0.97304237,0.98433975,0.01129738,0.06949608,0.05836817,0.01112792,0.43487003,0.19506514,0.23980489,0.06445551,0.02073044,0.04372507,0.06445551,0.02741608,0.03703943
toddler,nb,histbin,0,1054,0.69070209,0.92314991,0.92979127,0.00664137,0.91811333,0.91699252,-0.00112081,0.93131868,0.95054945,0.01923077,0.90490798,0.88343558,-0.02147239,0.96456170,0.94458934,-0.01997236,0.96495524,0.95841945,-0.00653580,0.06172963,0.05817738,0.00355225,0.54265954,0.30846041,0.23419913,0.05080640,0.00674124,0.04406516,0.05689037,0.00674124,0.05014913
toddler,nb,histbin,1,1054,0.69070209,0.92979127,0.92979127,0.00000000,0.92800260,0.91445173,-0.01355087,0.93269231,0.95467033,0.02197802,0.92331288,0.87423313,-0.04907975,0.97045229,0.94444819,-0.02600410,0.97434110,0.95784902,-0.01649209,0.06079417,0.05756165,0.00323252,0.45124965,0.31080738,0.14044228,0.05490176,0.01045384,0.04444792,0.05532895,0.01847699,0.03685196
toddler,nb,histbin,2,1054,0.69070209,0.93074004,0.93358634,0.00284630,0.92784248,0.92058670,-0.00725578,0.93543956,0.95467033,0.01923077,0.92024540,0.88650307,-0.03374233,0.97510829,0.94204856,-0.03305973,0.98349351,0.95519491,-0.02829860,0.05786589,0.05645917,0.00140672,0.33884800,0.36905283,-0.03020483,0.04953727,0.01964267,0.02989460,0.05001844,0.02005682,0.02996162
toddler,nb,histbin,3,1054,0.69070209,0.93643264,0.92979127,-0.00664137,0.93619800,0.91614559,-0.02005242,0.93681319,0.95192308,0.01510989,0.93558282,0.88036810,-0.05521472,0.97502823,0.94398048,-0.03104775,0.98394103,0.95654775,-0.02739328,0.05401126,0.05499354,-0.00098228,0.35991151,0.30133608,0.05857543,0.04546570,0.01166587,0.03379983,0.04760040,0.01327775,0.03432265
toddler,nb,histbin,4,1054,0.69070209,0.93263757,0.93833017,0.00569260,0.93345075,0.92656155,-0.00688920,0.93131868,0.95741758,0.02609890,0.93558282,0.89570552,-0.03987730,0.97938507,0.95584381,-0.02354126,0.98665662,0.97219630,-0.01446032,0.05522496,0.05061560,0.00460936,0.33250069,0.19161356,0.14088713,0.04753702,0.01200243,0.03553459,0.04753702,0.01777977,0.02975725
toddler,nb,histbin,5,1054,0.69070209,0.92599620,0.93074004,0.00474383,0.92610227,0.92106705,-0.00503523,0.92582418,0.94642857,0.02060440,0.92638037,0.89570552,-0.03067485,0.97320375,0.93152515,-0.04167861,0.98356305,0.94464664,-0.03891642,0.06140741,0.06034533,0.00106208,0.36267146,0.44546823,-0.08279677,0.05554762,0.00991020,0.04563742,0.05636860,0.01350833,0.04286028
toddler,nb,histbin,6,1054,0.69070209,0.92409867,0.93263757,0.00853890,0.92134093,0.92244067,0.00109974,0.92857143,0.94917582,0.02060440,0.91411043,0.89570552,-0.01840491,0.97044807,0.95065058,-0.01979750,0.97456797,0.96835103,-0.00621694,0.06133993,0.05818659,0.00315334,0.44631048,0.21845557,0.22785491,0.05506360,0.00986242,0.04520118,0.05682926,0.01224418,0.04458508
toddler,nb,histbin,7,1054,0.69070209,0.93263757,0.93168880,-0.00094877,0.92921611,0.92260079,-0.00661532,0.93818681,0.94642857,0.00824176,0.92024540,0.89877301,-0.02147239,0.97984014,0.95593651,-0.02390363,0.98682444,0.96916619,-0.01765825,0.05477612,0.05498869,-0.00021257,0.29095588,0.26413009,0.02682579,0.04195893,0.02217962,0.01977932,0.04294183,0.02666255,0.01627928
toddler,nb,histbin,8,1054,0.69070209,0.92125237,0.92789374,0.00664137,0.91673970,0.91477196,-0.00196774,0.92857143,0.94917582,0.02060440,0.90490798,0.88036810,-0.02453988,0.97004357,0.93105955,-0.03898402,0.98195200,0.94409720,-0.03785480,0.06533236,0.06201826,0.00331410,0.42780785,0.39134954,0.03645831,0.05819224,0.01585464,0.04233760,0.06477917,0.02030405,0.04447512
toddler,nb,histbin,9,1054,0.69070209,0.91176471,0.92694497,0.01518027,0.90224921,0.90815664,0.00590744,0.92719780,0.95741758,0.03021978,0.87730061,0.85889571,-0.01840491,0.96814957,0.94548262,-0.02266694,0.97304237,0.96181067,-0.01123170,0.06949608,0.06318694,0.00630914,0.43487003,0.23707867,0.19779137,0.06445551,0.01869351,0.04576200,0.06445551,0.02456243,0.03989308
toddler,nb,isotonic,0,1054,0.69070209,0.92314991,0.92694497,0.00379507,0.91811333,0.91069743,-0.00741590,0.93131868,0.95329670,0.02197802,0.90490798,0.86809816,-0.03680982,0.96456170,0.96951476,0.00495306,0.96495524,0.98084413,0.01588888,0.06172963,0.05284064,0.00888900,0.54265954,0.18768609,0.35497345,0.05080640,0.01409296,0.03671344,0.05689037,0.01845562,0.03843475
toddler,nb,isotonic,1,1054,0.69070209,0.92979127,0.93074004,0.00094877,0.92800260,0.91429161,-0.01371098,0.93269231,0.95741758,0.02472527,0.92331288,0.87116564,-0.05214724,0.97045229,0.97561603,0.00516374,0.97434110,0.98776885,0.01342775,0.06079417,0.05047405,0.01032012,0.45124965,0.17713954,0.27411012,0.05490176,0.00819472,0.04670704,0.05532895,0.01438179,0.04094716
toddler,nb,isotonic,2,1054,0.69070209,0.93074004,0.92884250,-0.00189753,0.92784248,0.90868334,-0.01915914,0.93543956,0.96153846,0.02609890,0.92024540,0.85582822,-0.06441718,0.97510829,0.97371359,-0.00139469,0.98349351,0.98409769,0.00060418,0.05786589,0.05110500,0.00676089,0.33884800,0.17683220,0.16201580,0.04953727,0.00697030,0.04256698,0.05001844,0.01054565,0.03947279
toddler,nb,isotonic,3,1054,0.69070209,0.93643264,0.92979127,-0.00664137,0.93619800,0.91191094,-0.02428706,0.93681319,0.95879121,0.02197802,0.93558282,0.86503067,-0.07055215,0.97502823,0.97409914,-0.00092909,0.98394103,0.98443098,0.00048995,0.05401126,0.05085105,0.00316021,0.35991151,0.20735207,0.15255944,0.04546570,0.01866113,0.02680457,0.04760040,0.02074802,0.02685238
toddler,nb,isotonic,4,1054,0.69070209,0.93263757,0.93833017,0.00569260,0.93345075,0.92147998,-0.01197077,0.93131868,0.96565934,0.03434066,0.93558282,0.87730061,-0.05828221,0.97938507,0.97955783,0.00017276,0.98665662,0.98851288,0.00185626,0.05522496,0.04727152,0.00795345,0.33250069,0.19200236,0.14049833,0.04753702,0.01089392,0.03664310,0.04753702,0.01822672,0.02931030
toddler,nb,isotonic,5,1054,0.69070209,0.92599620,0.92599620,0.00000000,0.92610227,0.90916369,-0.01693858,0.92582418,0.95329670,0.02747253,0.92638037,0.86503067,-0.06134969,0.97320375,0.97079991,-0.00240385,0.98356305,0.98210917,-0.00145388,0.06140741,0.05396165,0.00744576,0.36267146,0.21884282,0.14382864,0.05554762,0.01004304,0.04550458,0.05636860,0.01279331,0.04357530
toddler,nb,isotonic,6,1054,0.69070209,0.92409867,0.93168880,0.00759013,0.92134093,0.91751921,-0.00382172,0.92857143,0.95467033,0.02609890,0.91411043,0.88036810,-0.03374233,0.97044807,0.96832864,-0.00211943,0.97456797,0.97933874,0.00477077,0.06133993,0.05298316,0.00835677,0.44631048,0.24987808,0.19643240,0.05506360,0.01509114,0.03997246,0.05682926,0.01832570,0.03850356
toddler,nb,isotonic,7,1054,0.69070209,0.93263757,0.93643264,0.00379507,0.92921611,0.91925942,-0.00995668,0.93818681,0.96428571,0.02609890,0.92024540,0.87423313,-0.04601227,0.97984014,0.97909855,-0.00074159,0.98682444,0.98828115,0.00145671,0.05477612,0.04885324,0.00592288,0.29095588,0.16745180,0.12350408,0.04195893,0.01465913,0.02729981,0.04294183,0.02061221,0.02232962
toddler,nb,isotonic,8,1054,0.69070209,0.92125237,0.92599620,0.00474383,0.91673970,0.90238826,-0.01435145,0.92857143,0.96428571,0.03571429,0.90490798,0.84049080,-0.06441718,0.97004357,0.96923456,-0.00080901,0.98195200,0.98100213,-0.00094988,0.06533236,0.05525804,0.01007432,0.42780785,0.22269156,0.20511630,0.05819224,0.01125976,0.04693248,0.06477917,0.01144726,0.05333191
toddler,nb,isotonic,9,1054,0.69070209,0.91176471,0.92599620,0.01423150,0.90224921,0.89984747,-0.00240174,0.92719780,0.96840659,0.04120879,0.87730061,0.83128834,-0.04601227,0.96814957,0.97056816,0.00241859,0.97304237,0.98240025,0.00935788,0.06949608,0.05648443,0.01301165,0.43487003,0.22174744,0.21312259,0.06445551,0.01317629,0.05127922,0.06445551,0.01414119,0.05031432
toddler,nb,beta,0,1054,0.69070209,0.92314991,0.92599620,0.00284630,0.91811333,0.90492904,-0.01318429,0.93131868,0.96016484,0.02884615,0.90490798,0.84969325,-0.05521472,0.96456170,0.97304574,0.00848404,0.96495524,0.98602415,0.02106891,0.06172963,0.05165015,0.01007948,0.54265954,0.18686171,0.35579783,0.05080640,0.01493616,0.03587024,0.05689037,0.01711216,0.03977821
toddler,nb,beta,1,1054,0.69070209,0.92979127,0.93453510,0.00474383,0.92800260,0.91703887,-0.01096373,0.93269231,0.96291209,0.03021978,0.92331288,0.87116564,-0.05214724,0.97045229,0.97569398,0.00524169,0.97434110,0.98744127,0.01310016,0.06079417,0.05001597,0.01077820,0.45124965,0.17968810,0.27156156,0.05490176,0.00987396,0.04502780,0.05532895,0.02247878,0.03285016
toddler,nb,beta,2,1054,0.69070209,0.93074004,0.93263757,0.00189753,0.92784248,0.91651217,-0.01133031,0.93543956,0.95879121,0.02335165,0.92024540,0.87423313,-0.04601227,0.97510829,0.97577614,0.00066785,0.98349351,0.98709887,0.00360536,0.05786589,0.04994795,0.00791794,0.33884800,0.17490043,0.16394757,0.04953727,0.01099705,0.03854022,0.05001844,0.01778794,0.03223050
toddler,nb,beta,3,1054,0.69070209,0.93643264,0.93358634,-0.00284630,0.93619800,0.91804591,-0.01815209,0.93681319,0.95879121,0.02197802,0.93558282,0.87730061,-0.05828221,0.97502823,0.97358087,-0.00144736,0.98394103,0.98358430,-0.00035673,0.05401126,0.04937642,0.00463484,0.35991151,0.17832601,0.18158549,0.04546570,0.01061836,0.03484733,0.04760040,0.01954582,0.02805458
toddler,nb,beta,4,1054,0.69070209,0.93263757,0.93738140,0.00474383,0.93345075,0.92502781,-0.00842294,0.93131868,0.95741758,0.02609890,0.93558282,0.89263804,-0.04294479,0.97938507,0.97994758,0.00056251,0.98665662,0.98886898,0.00221236,0.05522496,0.04694848,0.00827648,0.33250069,0.16409037,0.16841032,0.04753702,0.00641211,0.04112491,0.04753702,0.01223247,0.03530455
toddler,nb,beta,5,1054,0.69070209,0.92599620,0.93358634,0.00759013,0.92610227,0.91719898,-0.00890329,0.92582418,0.96016484,0.03434066,0.92638037,0.87423313,-0.05214724,0.97320375,0.97449100,0.00128725,0.98356305,0.98716905,0.00360600,0.06140741,0.05198766,0.00941975,0.36267146,0.18435245,0.17831901,0.05554762,0.00701589,0.04853173,0.05636860,0.01183336,0.04453524
toddler,nb,beta,6,1054,0.69070209,0.92409867,0.93168880,0.00759013,0.92134093,0.91751921,-0.00382172,0.92857143,0.95467033,0.02609890,0.91411043,0.88036810,-0.03374233,0.97044807,0.97294883,0.00250076,0.97456797,0.98294747,0.00837950,0.06133993,0.05137625,0.00996368,0.44631048,0.18397857,0.26233190,0.05506360,0.00499707,0.05006653,0.05682926,0.01465192,0.04217734
toddler,nb,beta,7,1054,0.69070209,0.93263757,0.93453510,0.00189753,0.92921611,0.91788580,-0.01133031,0.93818681,0.96153846,0.02335165,0.92024540,0.87423313,-0.04601227,0.97984014,0.97969055,-0.00014958,0.98682444,0.98885859,0.00203415,0.05477612,0.04769398,0.00708214,0.29095588,0.16730905,0.12364683,0.04195893,0.01869636,0.02326258,0.04294183,0.02741263,0.01552920
toddler,nb,beta,8,1054,0.69070209,0.92125237,0.92884250,0.00759013,0.91673970,0.90783641,-0.00890329,0.92857143,0.96291209,0.03434066,0.90490798,0.85276074,-0.05214724,0.97004357,0.96963696,-0.00040661,0.98195200,0.98225069,0.00029868,0.06533236,0.05322311,0.01210926,0.42780785,0.19099959,0.23680827,0.05819224,0.00846475,0.04972749,0.06477917,0.01726640,0.04751277
toddler,nb,beta,9,1054,0.69070209,0.91176471,0.92220114,0.01043643,0.90224921,0.89794714,-0.00430206,0.92719780,0.96153846,0.03434066,0.87730061,0.83435583,-0.04294479,0.96814957,0.97112435,0.00297479,0.97304237,0.98451373,0.01147136,0.06949608,0.05613988,0.01335620,0.43487003,0.19421202,0.24065801,0.06445551,0.01474895,0.04970656,0.06445551,0.01965289,0.04480262
toddler,rf,platt,0,1054,0.69070209,0.95920304,0.95730550,-0.00189753,0.96199774,0.94961404,-0.01238371,0.95467033,0.96978022,0.01510989,0.96932515,0.92944785,-0.03987730,0.99550833,0.99543248,-0.00007584,0.99802943,0.99799363,-0.00003580,0.04210319,0.02575309,0.01635010,0.16086745,0.07878430,0.08208315,0.08580975,0.00947120,0.07633856,0.08580975,0.01329759,0.07251217
toddler,rf,platt,1,1054,0.69070209,0.96489564,0.96489564,0.00000000,0.96527169,0.95595547,-0.00931622,0.96428571,0.97939560,0.01510989,0.96625767,0.93251534,-0.03374233,0.99537771,0.99534821,-0.00002950,0.99794602,0.99793025,-0.00001577,0.04227159,0.02518030,0.01709129,0.16076841,0.08121441,0.07955400,0.08628264,0.01064578,0.07563686,0.08905884,0.01235180,0.07670704
toddler,rf,platt,2,1054,0.69070209,0.95825427,0.96204934,0.00379507,0.96131093,0.95220117,-0.00910976,0.95329670,0.97802198,0.02472527,0.96932515,0.92638037,-0.04294479,0.99507011,0.99497742,-0.00009270,0.99780079,0.99776278,-0.00003801,0.04308789,0.02622068,0.01686720,0.16307927,0.08259857,0.08048069,0.08966746,0.00673017,0.08293729,0.08966746,0.01001692,0.07965054
toddler,rf,platt,3,1054,0.69070209,0.95351044,0.96015180,0.00664137,0.95364222,0.95252140,-0.00112081,0.95329670,0.97252747,0.01923077,0.95398773,0.93251534,-0.02147239,0.99461926,0.99442544,-0.00019382,0.99762877,0.99753536,-0.00009341,0.04374716,0.02884728,0.01489989,0.16432425,0.08880784,0.07551640,0.08654097,0.01045375,0.07608722,0.08654097,0.01273427,0.07380670
toddler,rf,platt,4,1054,0.69070209,0.95635674,0.96110057,0.00474383,0.95909037,0.95151436,-0.00757601,0.95192308,0.97664835,0.02472527,0.96625767,0.92638037,-0.03987730,0.99490578,0.99480887,-0.00009691,0.99773876,0.99769419,-0.00004457,0.04383064,0.02702057,0.01681007,0.16493321,0.08450825,0.08042496,0.08795177,0.00413391,0.08381786,0.08795177,0.00748695,0.08046482
toddler,rf,platt,5,1054,0.69070209,0.96110057,0.95730550,-0.00379507,0.96252444,0.94876711,-0.01375733,0.95879121,0.97115385,0.01236264,0.96625767,0.92638037,-0.03987730,0.99436645,0.99443808,0.00007163,0.99755224,0.99758055,0.00002831,0.04389948,0.02854931,0.01535016,0.16427614,0.08875737,0.07551877,0.08159679,0.00612207,0.07547472,0.08593574,0.01513471,0.07080103
toddler,rf,platt,6,1054,0.69070209,0.96015180,0.96679317,0.00664137,0.96268455,0.95986988,-0.00281467,0.95604396,0.97802198,0.02197802,0.96932515,0.94171779,-0.02760736,0.99597182,0.99606030,0.00008849,0.99824144,0.99827813,0.00003669,0.04188505,0.02369985,0.01818521,0.16024416,0.07548172,0.08476244,0.09231647,0.00773631,0.08458016,0.09231647,0.01028231,0.08203416
toddler,rf,platt,7,1054,0.69070209,0.96015180,0.96489564,0.00474383,0.96268455,0.95510854,-0.00757601,0.95604396,0.98076923,0.02472527,0.96932515,0.92944785,-0.03987730,0.99528501,0.99538613,0.00010113,0.99792482,0.99796726,0.00004244,0.04292455,0.02579802,0.01712653,0.16229232,0.08074053,0.08155179,0.08709293,0.00707959,0.08001335,0.08709293,0.01508073,0.07201221
toddler,rf,platt,8,1054,0.69070209,0.95635674,0.96204934,0.00569260,0.95654959,0.95643582,-0.00011377,0.95604396,0.97115385,0.01510989,0.95705521,0.94171779,-0.01533742,0.99444650,0.99461926,0.00017276,0.99751495,0.99758788,0.00007292,0.04400530,0.02710728,0.01689802,0.16530095,0.08547995,0.07982100,0.08984881,0.00991161,0.07993720,0.08984881,0.01008591,0.07976290
toddler,rf,platt,9,1054,0.69070209,0.95825427,0.96299810,0.00474383,0.95538242,0.95627570,0.00089328,0.96291209,0.97390110,0.01098901,0.94785276,0.93865031,-0.00920245,0.99486786,0.99460662,-0.00026124,0.99773587,0.99761451,-0.00012136,0.04359615,0.02772381,0.01587235,0.16457755,0.08749718,0.07708036,0.08960254,0.00646066,0.08314188,0.08960254,0.01044801,0.07915452
toddler,rf,temperature,0,1054,0.69070209,0.95920304,0.95920304,0.00000000,0.96199774,0.96199774,0.00000000,0.95467033,0.95467033,0.00000000,0.96932515,0.96932515,0.00000000,0.99550833,0.99549569,-0.00001264,0.99802943,0.99802076,-0.00000867,0.04210319,0.02806323,0.01403996,0.16086745,0.08711130,0.07375616,0.08580975,0.02161420,0.06419556,0.08580975,0.02327362,0.06253614
toddler,rf,temperature,1,1054,0.69070209,0.96489564,0.96489564,0.00000000,0.96527169,0.96527169,0.00000000,0.96428571,0.96428571,0.00000000,0.96625767,0.96625767,0.00000000,0.99537771,0.99541984,0.00004214,0.99794602,0.99796511,0.00001909,0.04227159,0.02740977,0.01486181,0.16076841,0.08822423,0.07254418,0.08628264,0.02008947,0.06619317,0.08905884,0.02175103,0.06730781
toddler,rf,temperature,2,1054,0.69070209,0.95825427,0.95825427,0.00000000,0.96131093,0.96131093,0.00000000,0.95329670,0.95329670,0.00000000,0.96932515,0.96932515,0.00000000,0.99507011,0.99503219,-0.00003792,0.99780079,0.99778986,-0.00001092,0.04308789,0.02924125,0.01384664,0.16307927,0.09142171,0.07165755,0.08966746,0.02232940,0.06733806,0.08966746,0.02232940,0.06733806
toddler,rf,temperature,3,1054,0.69070209,0.95351044,0.95351044,0.00000000,0.95364222,0.95364222,0.00000000,0.95329670,0.95329670,0.00000000,0.95398773,0.95398773,0.00000000,0.99461926,0.99452656,-0.00009270,0.99762877,0.99758889,-0.00003988,0.04374716,0.03099395,0.01275322,0.16432425,0.09615237,0.06817188,0.08654097,0.02176629,0.06477469,0.08654097,0.02176629,0.06477469
toddler,rf,temperature,4,1054,0.69070209,0.95635674,0.95635674,0.00000000,0.95909037,0.95909037,0.00000000,0.95192308,0.95192308,0.00000000,0.96625767,0.96625767,0.00000000,0.99490578,0.99482151,-0.00008427,0.99773876,0.99770031,-0.00003845,0.04383064,0.03017578,0.01365486,0.16493321,0.09338144,0.07155177,0.08795177,0.02248997,0.06546181,0.08795177,0.02337635,0.06457543
toddler,rf,temperature,5,1054,0.69070209,0.96110057,0.96110057,0.00000000,0.96252444,0.96252444,0.00000000,0.95879121,0.95879121,0.00000000,0.96625767,0.96625767,0.00000000,0.99436645,0.99442544,0.00005899,0.99755224,0.99757526,0.00002302,0.04389948,0.03027804,0.01362143,0.16427614,0.09703962,0.06723652,0.08159679,0.02192026,0.05967653,0.08593574,0.02299634,0.06293940
toddler,rf,temperature,6,1054,0.69070209,0.96015180,0.96015180,0.00000000,0.96268455,0.96268455,0.00000000,0.95604396,0.95604396,0.00000000,0.96932515,0.96932515,0.00000000,0.99597182,0.99604345,0.00007163,0.99824144,0.99826916,0.00002772,0.04188505,0.02635416,0.01553089,0.16024416,0.08513880,0.07510535,0.09231647,0.02239458,0.06992189,0.09231647,0.02239458,0.06992189
toddler,rf,temperature,7,1054,0.69070209,0.96015180,0.96015180,0.00000000,0.96268455,0.96268455,0.00000000,0.95604396,0.95604396,0.00000000,0.96932515,0.96932515,0.00000000,0.99528501,0.99535664,0.00007163,0.99792482,0.99795366,0.00002884,0.04292455,0.02825090,0.01467365,0.16229232,0.08958240,0.07270992,0.08709293,0.02182972,0.06526321,0.08709293,0.02931686,0.05777607
toddler,rf,temperature,8,1054,0.69070209,0.95635674,0.95635674,0.00000000,0.95654959,0.95654959,0.00000000,0.95604396,0.95604396,0.00000000,0.95705521,0.95705521,0.00000000,0.99444650,0.99465297,0.00020647,0.99751495,0.99760326,0.00008831,0.04400530,0.03062051,0.01338479,0.16530095,0.09412517,0.07117578,0.08984881,0.02220585,0.06764296,0.08984881,0.02220585,0.06764296
toddler,rf,temperature,9,1054,0.69070209,0.95825427,0.95825427,0.00000000,0.95538242,0.95538242,0.00000000,0.96291209,0.96291209,0.00000000,0.94785276,0.94785276,0.00000000,0.99486786,0.99467825,-0.00018961,0.99773587,0.99764962,-0.00008625,0.04359615,0.02955121,0.01404494,0.16457755,0.09397389,0.07060366,0.08960254,0.01962911,0.06997343,0.08960254,0.02003729,0.06956524
toddler,rf,histbin,0,1054,0.69070209,0.95920304,0.95730550,-0.00189753,0.96199774,0.94283860,-0.01915914,0.95467033,0.98076923,0.02609890,0.96932515,0.90490798,-0.06441718,0.99550833,0.99366067,-0.00184765,0.99802943,0.99619429,-0.00183514,0.04210319,0.02696910,0.01513409,0.16086745,0.11218898,0.04867847,0.08580975,0.01472978,0.07107997,0.08580975,0.01472978,0.07107997
toddler,rf,histbin,1,1054,0.69070209,0.96489564,0.96110057,-0.00379507,0.96527169,0.94897357,-0.01629812,0.96428571,0.98076923,0.01648352,0.96625767,0.91717791,-0.04907975,0.99537771,0.99387135,-0.00150635,0.99794602,0.99703305,-0.00091297,0.04227159,0.02745604,0.01481555,0.16076841,0.11717384,0.04359458,0.08628264,0.00351040,0.08277224,0.08905884,0.00767852,0.08138032
toddler,rf,histbin,2,1054,0.69070209,0.95825427,0.96015180,0.00189753,0.96131093,0.94405211,-0.01725881,0.95329670,0.98626374,0.03296703,0.96932515,0.90184049,-0.06748466,0.99507011,0.99506379,-0.00000632,0.99780079,0.99759783,-0.00020296,0.04308789,0.02614590,0.01694199,0.16307927,0.08077589,0.08230337,0.08966746,0.00778557,0.08188189,0.08966746,0.01099678,0.07867068
toddler,rf,histbin,3,1054,0.69070209,0.95351044,0.95730550,0.00379507,0.95364222,0.94114474,-0.01249747,0.95329670,0.98351648,0.03021978,0.95398773,0.89877301,-0.05521472,0.99461926,0.98804397,-0.00657529,0.99762877,0.99201803,-0.00561075,0.04374716,0.02999032,0.01375685,0.16432425,0.24582499,-0.08150074,0.08654097,0.00806395,0.07847702,0.08654097,0.01154143,0.07499954
toddler,rf,histbin,4,1054,0.69070209,0.95635674,0.95161290,-0.00474383,0.95909037,0.94125851,-0.01783186,0.95192308,0.96840659,0.01648352,0.96625767,0.91411043,-0.05214724,0.99490578,0.99348370,-0.00142208,0.99773876,0.99684125,-0.00089752,0.04383064,0.02821617,0.01561446,0.16493321,0.11810419,0.04682902,0.08795177,0.00468539,0.08326638,0.08795177,0.01290949,0.07504228
toddler,rf,histbin,5,1054,0.69070209,0.96110057,0.95730550,-0.00379507,0.96252444,0.94453246,-0.01799198,0.95879121,0.97802198,0.01923077,0.96625767,0.91104294,-0.05521472,0.99436645,0.99410942,-0.00025703,0.99755224,0.99718889,-0.00036335,0.04389948,0.03006450,0.01383498,0.16427614,0.09129555,0.07298059,0.08159679,0.01101548,0.07058131,0.08593574,0.01324338,0.07269236
toddler,rf,histbin,6,1054,0.69070209,0.96015180,0.96394687,0.00379507,0.96268455,0.95188094,-0.01080361,0.95604396,0.98351648,0.02747253,0.96932515,0.92024540,-0.04907975,0.99597182,0.99563263,-0.00033919,0.99824144,0.99785952,-0.00038192,0.04188505,0.02440668,0.01747838,0.16024416,0.07824568,0.08199847,0.09231647,0.00910206,0.08321442,0.09231647,0.01002022,0.08229625
toddler,rf,histbin,7,1054,0.69070209,0.96015180,0.95825427,-0.00189753,0.96268455,0.94183156,-0.02085300,0.95604396,0.98489011,0.02884615,0.96932515,0.89877301,-0.07055215,0.99528501,0.99496056,-0.00032445,0.99792482,0.99757360,-0.00035122,0.04292455,0.02667414,0.01625041,0.16229232,0.08168249,0.08060983,0.08709293,0.00882222,0.07827071,0.08709293,0.01071975,0.07637318
toddler,rf,histbin,8,1054,0.69070209,0.95635674,0.95825427,0.00189753,0.95654959,0.94521927,-0.01133031,0.95604396,0.97939560,0.02335165,0.95705521,0.91104294,-0.04601227,0.99444650,0.99376601,-0.00068049,0.99751495,0.99700888,-0.00050608,0.04400530,0.02908667,0.01491862,0.16530095,0.09197748,0.07332347,0.08984881,0.00609240,0.08375641,0.08984881,0.00672298,0.08312583
toddler,rf,histbin,9,1054,0.69070209,0.95825427,0.95730550,-0.00094877,0.95538242,0.94622632,-0.00915610,0.96291209,0.97527473,0.01236264,0.94785276,0.91717791,-0.03067485,0.99486786,0.99369017,-0.00117770,0.99773587,0.99701662,-0.00071925,0.04359615,0.02885061,0.01474554,0.16457755,0.09055127,0.07402628,0.08960254,0.00687661,0.08272593,0.08960254,0.01275587,0.07684666
toddler,rf,isotonic,0,1054,0.69070209,0.95920304,0.95825427,-0.00094877,0.96199774,0.94776006,-0.01423768,0.95467033,0.97527473,0.02060440,0.96932515,0.92024540,-0.04907975,0.99550833,0.99380183,-0.00170650,0.99802943,0.99636714,-0.00166229,0.04210319,0.02611711,0.01598608,0.16086745,0.10931269,0.05155477,0.08580975,0.01053946,0.07527030,0.08580975,0.01269523,0.07311452
toddler,rf,isotonic,1,1054,0.69070209,0.96489564,0.96489564,0.00000000,0.96527169,0.95426161,-0.01101008,0.96428571,0.98214286,0.01785714,0.96625767,0.92638037,-0.03987730,0.99537771,0.99440226,-0.00097544,0.99794602,0.99733256,-0.00061346,0.04227159,0.02608689,0.01618470,0.16076841,0.11294042,0.04782799,0.08628264,0.00346208,0.08282056,0.08905884,0.01726198,0.07179686
toddler,rf,isotonic,2,1054,0.69070209,0.95825427,0.96110057,0.00284630,0.96131093,0.95066743,-0.01064350,0.95329670,0.97802198,0.02472527,0.96932515,0.92331288,-0.04601227,0.99507011,0.99182777,-0.00324235,0.99780079,0.99467204,-0.00312874,0.04308789,0.02681909,0.01626880,0.16307927,0.17478590,-0.01170664,0.08966746,0.00871343,0.08095403,0.08966746,0.01431003,0.07535743
toddler,rf,isotonic,3,1054,0.69070209,0.95351044,0.95445920,0.00094877,0.95364222,0.94247202,-0.01117019,0.95329670,0.97390110,0.02060440,0.95398773,0.91104294,-0.04294479,0.99461926,0.98877924,-0.00584002,0.99762877,0.99247133,-0.00515745,0.04374716,0.02937217,0.01437499,0.16432425,0.24290978,-0.07858553,0.08654097,0.01066479,0.07587619,0.08654097,0.01443902,0.07210196
toddler,rf,isotonic,4,1054,0.69070209,0.95635674,0.95445920,-0.00189753,0.95909037,0.94501281,-0.01407756,0.95192308,0.96978022,0.01785714,0.96625767,0.92024540,-0.04601227,0.99490578,0.99369859,-0.00120719,0.99773876,0.99698257,-0.00075620,0.04383064,0.02890755,0.01492309,0.16493321,0.11735346,0.04757975,0.08795177,0.00724055,0.08071122,0.08795177,0.01536522,0.07258655
toddler,rf,isotonic,5,1054,0.69070209,0.96110057,0.95730550,-0.00379507,0.96252444,0.94114474,-0.02137969,0.95879121,0.98351648,0.02472527,0.96625767,0.89877301,-0.06748466,0.99436645,0.99383554,-0.00053091,0.99755224,0.99709568,-0.00045656,0.04389948,0.02982827,0.01407120,0.16427614,0.08964884,0.07462730,0.08159679,0.00706215,0.07453464,0.08593574,0.00837562,0.07756012
toddler,rf,isotonic,6,1054,0.69070209,0.96015180,0.96584440,0.00569260,0.96268455,0.95410150,-0.00858306,0.95604396,0.98489011,0.02884615,0.96932515,0.92331288,-0.04601227,0.99597182,0.99544723,-0.00052459,0.99824144,0.99781033,-0.00043111,0.04188505,0.02385223,0.01803283,0.16024416,0.10614565,0.05409851,0.09231647,0.01039064,0.08192583,0.09231647,0.01336341,0.07895307
toddler,rf,isotonic,7,1054,0.69070209,0.96015180,0.95825427,-0.00189753,0.96268455,0.94352542,-0.01915914,0.95604396,0.98214286,0.02609890,0.96932515,0.90490798,-0.06441718,0.99528501,0.99310027,-0.00218474,0.99792482,0.99606400,-0.00186082,0.04292455,0.02862345,0.01430110,0.16229232,0.11828203,0.04401029,0.08709293,0.01289079,0.07420215,0.08709293,0.01317542,0.07391752
toddler,rf,isotonic,8,1054,0.69070209,0.95635674,0.96015180,0.00379507,0.95654959,0.94913369,-0.00741590,0.95604396,0.97802198,0.02197802,0.95705521,0.92024540,-0.03680982,0.99444650,0.99217539,-0.00227112,0.99751495,0.99549390,-0.00202106,0.04400530,0.02896890,0.01503640,0.16530095,0.15201382,0.01328713,0.08984881,0.00898660,0.08086220,0.08984881,0.01872905,0.07111975
toddler,rf,isotonic,9,1054,0.69070209,0.95825427,0.95730550,-0.00094877,0.95538242,0.94537939,-0.01000303,0.96291209,0.97664835,0.01373626,0.94785276,0.91411043,-0.03374233,0.99486786,0.99374073,-0.00112713,0.99773587,0.99705548,-0.00068040,0.04359615,0.02823669,0.01535947,0.16457755,0.12024891,0.04432864,0.08960254,0.01149972,0.07810281,0.08960254,0.01537235,0.07423019
toddler,rf,beta,0,1054,0.69070209,0.95920304,0.95730550,-0.00189753,0.96199774,0.94961404,-0.01238371,0.95467033,0.96978022,0.01510989,0.96932515,0.92944785,-0.03987730,0.99550833,0.99541984,-0.00008849,0.99802943,0.99798711,-0.00004232,0.04210319,0.02591001,0.01619317,0.16086745,0.07934443,0.08152303,0.08580975,0.00886367,0.07694608,0.08580975,0.01552380,0.07028596
toddler,rf,beta,1,1054,0.69070209,0.96489564,0.96679317,0.00189753,0.96527169,0.95817603,-0.00709567,0.96428571,0.98076923,0.01648352,0.96625767,0.93558282,-0.03067485,0.99537771,0.99528922,-0.00008849,0.99794602,0.99790911,-0.00003692,0.04227159,0.02532404,0.01694755,0.16076841,0.08155807,0.07921034,0.08628264,0.01067457,0.07560807,0.08905884,0.01253724,0.07652160
toddler,rf,beta,2,1054,0.69070209,0.95825427,0.96204934,0.00379507,0.96131093,0.95220117,-0.00910976,0.95329670,0.97802198,0.02472527,0.96932515,0.92638037,-0.04294479,0.99507011,0.99497742,-0.00009270,0.99780079,0.99776219,-0.00003860,0.04308789,0.02622321,0.01686468,0.16307927,0.08260647,0.08047280,0.08966746,0.00671334,0.08295412,0.08966746,0.00931226,0.08035520
toddler,rf,beta,3,1054,0.69070209,0.95351044,0.95920304,0.00569260,0.95364222,0.95098766,-0.00265455,0.95329670,0.97252747,0.01923077,0.95398773,0.92944785,-0.02453988,0.99461926,0.99437487,-0.00024439,0.99762877,0.99751462,-0.00011416,0.04374716,0.02912392,0.01462324,0.16432425,0.08960721,0.07471704,0.08654097,0.00934478,0.07719620,0.08654097,0.01173515,0.07480582
toddler,rf,beta,4,1054,0.69070209,0.95635674,0.96015180,0.00379507,0.95909037,0.95082755,-0.00826283,0.95192308,0.97527473,0.02335165,0.96625767,0.92638037,-0.03987730,0.99490578,0.99475831,-0.00014748,0.99773876,0.99767133,-0.00006743,0.04383064,0.02719989,0.01663074,0.16493321,0.08490654,0.08002667,0.08795177,0.00519967,0.08275210,0.08795177,0.00743267,0.08051910
toddler,rf,beta,5,1054,0.69070209,0.96110057,0.95730550,-0.00379507,0.96252444,0.94876711,-0.01375733,0.95879121,0.97115385,0.01236264,0.96625767,0.92638037,-0.03987730,0.99436645,0.99437909,0.00001264,0.99755224,0.99755325,0.00000101,0.04389948,0.02872705,0.01517242,0.16427614,0.08924384,0.07503230,0.08159679,0.00445307,0.07714372,0.08593574,0.01639817,0.06953757
toddler,rf,beta,6,1054,0.69070209,0.96015180,0.96869070,0.00853890,0.96268455,0.96209044,-0.00059411,0.95604396,0.97939560,0.02335165,0.96932515,0.94478528,-0.02453988,0.99597182,0.99598446,0.00001264,0.99824144,0.99825024,0.00000880,0.04188505,0.02358708,0.01829797,0.16024416,0.07561140,0.08463276,0.09231647,0.00855621,0.08376027,0.09231647,0.01220059,0.08011589
toddler,rf,beta,7,1054,0.69070209,0.96015180,0.96489564,0.00474383,0.96268455,0.95510854,-0.00757601,0.95604396,0.98076923,0.02472527,0.96932515,0.92944785,-0.03987730,0.99528501,0.99538613,0.00010113,0.99792482,0.99796829,0.00004347,0.04292455,0.02581364,0.01711091,0.16229232,0.08081575,0.08147657,0.08709293,0.00779693,0.07929601,0.08709293,0.01332251,0.07377042
toddler,rf,beta,8,1054,0.69070209,0.95635674,0.96110057,0.00474383,0.95654959,0.95405515,-0.00249444,0.95604396,0.97252747,0.01648352,0.95705521,0.93558282,-0.02147239,0.99444650,0.99461505,0.00016854,0.99751495,0.99758829,0.00007333,0.04400530,0.02726816,0.01673713,0.16530095,0.08601815,0.07928279,0.08984881,0.01131842,0.07853039,0.08984881,0.01184698,0.07800182
toddler,rf,beta,9,1054,0.69070209,0.95825427,0.96204934,0.00379507,0.95538242,0.95558889,0.00020647,0.96291209,0.97252747,0.00961538,0.94785276,0.93865031,-0.00920245,0.99486786,0.99453078,-0.00033709,0.99773587,0.99758258,-0.00015329,0.04359615,0.02788865,0.01570751,0.16457755,0.08830093,0.07627661,0.08960254,0.00669457,0.08290797,0.08960254,0.00992531,0.07967722
toddler,svm,platt,0,1054,0.69070209,0.99240987,0.99620493,0.00379507,0.99450549,0.99725275,0.00274725,0.98901099,0.99450549,0.00549451,1.00000000,1.00000000,0.00000000,0.99997050,0.99997472,0.00000421,0.99998681,0.99998869,0.00000188,0.03835500,0.00282153,0.03553347,0.17401932,0.01037940,0.16363992,0.13819794,0.00603163,0.13216631,0.14078614,0.00603163,0.13475451
toddler,svm,platt,1,1054,0.69070209,0.99051233,0.99430740,0.00379507,0.99228494,0.99333833,0.00105339,0.98763736,0.99587912,0.00824176,0.99693252,0.99079755,-0.00613497,0.99985674,0.99986095,0.00000421,0.99993610,0.99993808,0.00000198,0.03961775,0.00454640,0.03507135,0.17750187,0.01511658,0.16238530,0.13707163,0.00424874,0.13282288,0.14126594,0.00489640,0.13636955
toddler,svm,platt,2,1054,0.69070209,0.99146110,0.99146110,0.00000000,0.99381868,0.99127789,-0.00254079,0.98763736,0.99175824,0.00412088,1.00000000,0.99079755,-0.00920245,0.99983146,0.99985674,0.00002528,0.99992498,0.99993629,0.00001130,0.03933947,0.00476995,0.03456953,0.17657284,0.01552149,0.16105135,0.13691532,0.00556644,0.13134888,0.14137919,0.00668610,0.13469310
toddler,svm,platt,3,1054,0.69070209,0.99240987,0.99146110,-0.00094877,0.99450549,0.98958404,-0.00492146,0.98901099,0.99450549,0.00549451,1.00000000,0.98466258,-0.01533742,0.99991573,0.99985674,-0.00005899,0.99996240,0.99993595,-0.00002644,0.03970811,0.00459871,0.03510940,0.17736400,0.01553571,0.16182829,0.13675290,0.00315560,0.13359730,0.14304293,0.00607943,0.13696349
toddler,svm,platt,4,1054,0.69070209,0.99146110,0.99335863,0.00189753,0.99381868,0.99180459,-0.00201409,0.98763736,0.99587912,0.00824176,1.00000000,0.98773006,-0.01226994,0.99991573,0.99990730,-0.00000843,0.99996244,0.99995882,-0.00000363,0.04020430,0.00393994,0.03626436,0.17862287,0.01411391,0.16450896,0.13855345,0.00536285,0.13319060,0.14293080,0.00656642,0.13636438
toddler,svm,platt,5,1054,0.69070209,0.99240987,0.99430740,0.00189753,0.99450549,0.99333833,-0.00116716,0.98901099,0.99587912,0.00686813,1.00000000,0.99079755,-0.00920245,0.99991573,0.99988202,-0.00003371,0.99996249,0.99994713,-0.00001536,0.03931812,0.00398301,0.03533511,0.17634490,0.01400913,0.16233577,0.13858832,0.00690549,0.13168283,0.14230360,0.00690549,0.13539811
toddler,svm,platt,6,1054,0.69070209,0.99240987,0.99715370,0.00474383,0.99365857,0.99624570,0.00258714,0.99038462,0.99862637,0.00824176,0.99693252,0.99386503,-0.00306748,0.99994101,0.99994101,0.00000000,0.99997359,0.99997354,-0.00000005,0.03819675,0.00259518,0.03560157,0.17359209,0.00973285,0.16385923,0.13840069,0.00220802,0.13619268,0.14065448,0.00461885,0.13603562
toddler,svm,platt,7,1054,0.69070209,0.99051233,0.99335863,0.00284630,0.99228494,0.99265152,0.00036658,0.98763736,0.99450549,0.00686813,0.99693252,0.99079755,-0.00613497,0.99986938,0.99986938,0.00000000,0.99994148,0.99994148,0.00000000,0.03907767,0.00426282,0.03481485,0.17588205,0.01372791,0.16215414,0.13985277,0.00531810,0.13453467,0.14005701,0.00589574,0.13416127
toddler,svm,platt,8,1054,0.69070209,0.98956357,0.99051233,0.00094877,0.99075120,0.98720336,-0.00354783,0.98763736,0.99587912,0.00824176,0.99386503,0.97852761,-0.01533742,0.99964185,0.99963342,-0.00000843,0.99983809,0.99983411,-0.00000398,0.04012483,0.00607219,0.03405264,0.17824095,0.02142644,0.15681451,0.13505585,0.00230857,0.13274728,0.14049085,0.00531534,0.13517551
toddler,svm,platt,9,1054,0.69070209,0.98766603,0.99240987,0.00474383,0.98853064,0.98942392,0.00089328,0.98626374,0.99725275,0.01098901,0.99079755,0.98159509,-0.00920245,0.99970084,0.99970926,0.00000843,0.99986533,0.99986921,0.00000388,0.03906650,0.00596580,0.03310070,0.17550769,0.01978137,0.15572631,0.13743098,0.00245881,0.13497217,0.13743098,0.00309579,0.13433519
toddler,svm,temperature,0,1054,0.69070209,0.99240987,0.99240987,0.00000000,0.99450549,0.99450549,0.00000000,0.98901099,0.98901099,0.00000000,1.00000000,1.00000000,0.00000000,0.99997050,0.99997472,0.00000421,0.99998681,0.99998869,0.00000188,0.03835500,0.00564899,0.03270601,0.17401932,0.01896086,0.15505846,0.13819794,0.01077175,0.12742619,0.14078614,0.01182574,0.12896039
toddler,svm,temperature,1,1054,0.69070209,0.99051233,0.99051233,0.00000000,0.99228494,0.99228494,0.00000000,0.98763736,0.98763736,0.00000000,0.99693252,0.99693252,0.00000000,0.99985674,0.99985674,0.00000000,0.99993610,0.99993606,-0.00000004,0.03961775,0.00712951,0.03248824,0.17750187,0.02365552,0.15384636,0.13707163,0.01089654,0.12617508,0.14126594,0.01236946,0.12889648
toddler,svm,temperature,2,1054,0.69070209,0.99146110,0.99146110,0.00000000,0.99381868,0.99381868,0.00000000,0.98763736,0.98763736,0.00000000,1.00000000,1.00000000,0.00000000,0.99983146,0.99982303,-0.00000843,0.99992498,0.99992127,-0.00000371,0.03933947,0.00753933,0.03180014,0.17657284,0.02508657,0.15148627,0.13691532,0.01125269,0.12566263,0.14137919,0.01166656,0.12971263
toddler,svm,temperature,3,1054,0.69070209,0.99240987,0.99240987,0.00000000,0.99450549,0.99450549,0.00000000,0.98901099,0.98901099,0.00000000,1.00000000,1.00000000,0.00000000,0.99991573,0.99989466,-0.00002107,0.99996240,0.99995314,-0.00000926,0.03970811,0.00688133,0.03282679,0.17736400,0.02343142,0.15393258,0.13675290,0.01183482,0.12491808,0.14304293,0.01306179,0.12998113
toddler,svm,temperature,4,1054,0.69070209,0.99146110,0.99146110,0.00000000,0.99381868,0.99381868,0.00000000,0.98763736,0.98763736,0.00000000,1.00000000,1.00000000,0.00000000,0.99991573,0.99990309,-0.00001264,0.99996244,0.99995691,-0.00000553,0.04020430,0.00712981,0.03307449,0.17862287,0.02470512,0.15391775,0.13855345,0.01279292,0.12576053,0.14293080,0.01285282,0.13007798
toddler,svm,temperature,5,1054,0.69070209,0.99240987,0.99240987,0.00000000,0.99450549,0.99450549,0.00000000,0.98901099,0.98901099,0.00000000,1.00000000,1.00000000,0.00000000,0.99991573,0.99990730,-0.00000843,0.99996249,0.99995881,-0.00000368,0.03931812,0.00638415,0.03293398,0.17634490,0.02249274,0.15385216,0.13858832,0.01128909,0.12729923,0.14230360,0.01186753,0.13043607
toddler,svm,temperature,6,1054,0.69070209,0.99240987,0.99240987,0.00000000,0.99365857,0.99365857,0.00000000,0.99038462,0.99038462,0.00000000,0.99693252,0.99693252,0.00000000,0.99994101,0.99994522,0.00000421,0.99997359,0.99997544,0.00000185,0.03819675,0.00478405,0.03341270,0.17359209,0.01696931,0.15662277,0.13840069,0.00927835,0.12912234,0.14065448,0.01020635,0.13044813
toddler,svm,temperature,7,1054,0.69070209,0.99051233,0.99051233,0.00000000,0.99228494,0.99228494,0.00000000,0.98763736,0.98763736,0.00000000,0.99693252,0.99693252,0.00000000,0.99986938,0.99987359,0.00000421,0.99994148,0.99994332,0.00000184,0.03907767,0.00726650,0.03181117,0.17588205,0.02324464,0.15263741,0.13985277,0.01146032,0.12839245,0.14005701,0.01296988,0.12708713
toddler,svm,temperature,8,1054,0.69070209,0.98956357,0.98956357,0.00000000,0.99075120,0.99075120,0.00000000,0.98763736,0.98763736,0.00000000,0.99386503,0.99386503,0.00000000,0.99964185,0.99962499,-0.00001685,0.99983809,0.99983042,-0.00000767,0.04012483,0.00843401,0.03169082,0.17824095,0.02748831,0.15075264,0.13505585,0.01012178,0.12493407,0.14049085,0.01101932,0.12947152
toddler,svm,temperature,9,1054,0.69070209,0.98766603,0.98766603,0.00000000,0.98853064,0.98853064,0.00000000,0.98626374,0.98626374,0.00000000,0.99079755,0.99079755,0.00000000,0.99970084,0.99970926,0.00000843,0.99986533,0.99986914,0.00000381,0.03906650,0.00833820,0.03072830,0.17550769,0.02629392,0.14921377,0.13743098,0.01045383,0.12697714,0.13743098,0.01077439,0.12665659
toddler,svm,histbin,0,1054,0.69070209,0.99240987,0.99240987,0.00000000,0.99450549,0.99450549,0.00000000,0.98901099,0.98901099,0.00000000,1.00000000,1.00000000,0.00000000,0.99997050,0.99965659,-0.00031391,0.99998681,0.99982531,-0.00016151,0.03835500,0.00584271,0.03251229,0.17401932,0.01810507,0.15591425,0.13819794,0.00613613,0.13206181,0.14078614,0.00870835,0.13207779
toddler,svm,histbin,1,1054,0.69070209,0.99051233,0.98387097,-0.00664137,0.99228494,0.97816103,-0.01412391,0.98763736,0.99313187,0.00549451,0.99693252,0.96319018,-0.03374233,0.99985674,0.99955547,-0.00030127,0.99993610,0.99977100,-0.00016510,0.03961775,0.00770337,0.03191438,0.17750187,0.02289985,0.15460202,0.13707163,0.00600512,0.13106651,0.14126594,0.00752315,0.13374280
toddler,svm,histbin,2,1054,0.69070209,0.99146110,0.99146110,0.00000000,0.99381868,0.99381868,0.00000000,0.98763736,0.98763736,0.00000000,1.00000000,1.00000000,0.00000000,0.99983146,0.99961656,-0.00021489,0.99992498,0.99981469,-0.00011029,0.03933947,0.00607215,0.03326733,0.17657284,0.01872373,0.15784912,0.13691532,0.00602571,0.13088962,0.14137919,0.00602571,0.13535349
toddler,svm,histbin,3,1054,0.69070209,0.99240987,0.99240987,0.00000000,0.99450549,0.99450549,0.00000000,0.98901099,0.98901099,0.00000000,1.00000000,1.00000000,0.00000000,0.99991573,0.99966291,-0.00025281,0.99996240,0.99982944,-0.00013296,0.03970811,0.00598592,0.03372220,0.17736400,0.01879522,0.15856878,0.13675290,0.00766073,0.12909217,0.14304293,0.00766073,0.13538219
toddler,svm,histbin,4,1054,0.69070209,0.99146110,0.99430740,0.00284630,0.99381868,0.99587912,0.00206044,0.98763736,0.99175824,0.00412088,1.00000000,1.00000000,0.00000000,0.99991573,0.99983988,-0.00007584,0.99996244,0.99989212,-0.00007032,0.04020430,0.00532661,0.03487770,0.17862287,0.01764337,0.16097950,0.13855345,0.00440384,0.13414961,0.14293080,0.00714472,0.13578609
toddler,svm,histbin,5,1054,0.69070209,0.99240987,0.99240987,0.00000000,0.99450549,0.99196471,-0.00254079,0.98901099,0.99313187,0.00412088,1.00000000,0.99079755,-0.00920245,0.99991573,0.99981882,-0.00009691,0.99996249,0.99989361,-0.00006888,0.03931812,0.00505967,0.03425845,0.17634490,0.01626017,0.16008474,0.13858832,0.00347234,0.13511598,0.14230360,0.00347234,0.13883125
toddler,svm,histbin,6,1054,0.69070209,0.99240987,0.99146110,-0.00094877,0.99365857,0.99127789,-0.00238067,0.99038462,0.99175824,0.00137363,0.99693252,0.99079755,-0.00613497,0.99994101,0.99976825,-0.00017276,0.99997359,0.99988039,-0.00009320,0.03819675,0.00516385,0.03303291,0.17359209,0.01614007,0.15745202,0.13840069,0.00230776,0.13609293,0.14065448,0.00230776,0.13834671
toddler,svm,histbin,7,1054,0.69070209,0.99051233,0.99240987,0.00189753,0.99228494,0.99281164,0.00052670,0.98763736,0.99175824,0.00412088,0.99693252,0.99386503,-0.00306748,0.99986938,0.99957443,-0.00029495,0.99994148,0.99979003,-0.00015146,0.03907767,0.00591155,0.03316612,0.17588205,0.01923535,0.15664670,0.13985277,0.00442422,0.13542855,0.14005701,0.00583962,0.13421739
toddler,svm,histbin,8,1054,0.69070209,0.98956357,0.98861480,-0.00094877,0.99075120,0.98667667,-0.00407453,0.98763736,0.99175824,0.00412088,0.99386503,0.98159509,-0.01226994,0.99964185,0.99933004,-0.00031180,0.99983809,0.99965212,-0.00018597,0.04012483,0.00770736,0.03241748,0.17824095,0.02531143,0.15292952,0.13505585,0.00324586,0.13180999,0.14049085,0.00420076,0.13629009
toddler,svm,histbin,9,1054,0.69070209,0.98766603,0.98766603,0.00000000,0.98853064,0.98853064,0.00000000,0.98626374,0.98626374,0.00000000,0.99079755,0.99079755,0.00000000,0.99970084,0.99912779,-0.00057305,0.99986533,0.99955691,-0.00030842,0.03906650,0.00789358,0.03117292,0.17550769,0.02618491,0.14932278,0.13743098,0.00167461,0.13575636,0.13743098,0.00167461,0.13575636
toddler,svm,isotonic,0,1054,0.69070209,0.99240987,0.99525617,0.00284630,0.99450549,0.99487208,0.00036658,0.98901099,0.99587912,0.00686813,1.00000000,0.99386503,-0.00613497,0.99997050,0.99993258,-0.00003792,0.99998681,0.99996793,-0.00001889,0.03835500,0.00331648,0.03503852,0.17401932,0.01024416,0.16377516,0.13819794,0.00440066,0.13379729,0.14078614,0.00468677,0.13609937
toddler,svm,isotonic,1,1054,0.69070209,0.99051233,0.99146110,0.00094877,0.99228494,0.98789018,-0.00439476,0.98763736,0.99725275,0.00961538,0.99693252,0.97852761,-0.01840491,0.99985674,0.99985042,-0.00000632,0.99993610,0.99991936,-0.00001674,0.03961775,0.00498249,0.03463526,0.17750187,0.01494162,0.16256025,0.13707163,0.00261268,0.13445894,0.14126594,0.00441534,0.13685060
toddler,svm,isotonic,2,1054,0.69070209,0.99146110,0.99240987,0.00094877,0.99381868,0.99027085,-0.00354783,0.98763736,0.99587912,0.00824176,1.00000000,0.98466258,-0.01533742,0.99983146,0.99914675,-0.00068471,0.99992498,0.99950739,-0.00041759,0.03933947,0.00557887,0.03376060,0.17657284,0.04801298,0.12855986,0.13691532,0.00559829,0.13131704,0.14137919,0.00717376,0.13420543
toddler,svm,isotonic,3,1054,0.69070209,0.99240987,0.99430740,0.00189753,0.99450549,0.99164448,-0.00286102,0.98901099,0.99862637,0.00961538,1.00000000,0.98466258,-0.01533742,0.99991573,0.99984199,-0.00007374,0.99996240,0.99991696,-0.00004544,0.03970811,0.00422978,0.03547834,0.17736400,0.01396224,0.16340176,0.13675290,0.00165234,0.13510056,0.14304293,0.00211495,0.14092798
toddler,svm,isotonic,4,1054,0.69070209,0.99146110,0.99525617,0.00379507,0.99381868,0.99402515,0.00020647,0.98763736,0.99725275,0.00961538,1.00000000,0.99079755,-0.00920245,0.99991573,0.99990309,-0.00001264,0.99996244,0.99995695,-0.00000550,0.04020430,0.00390563,0.03629868,0.17862287,0.01298548,0.16563739,0.13855345,0.00467222,0.13388123,0.14293080,0.00551995,0.13741085
toddler,svm,isotonic,5,1054,0.69070209,0.99240987,0.99335863,0.00094877,0.99450549,0.99180459,-0.00270090,0.98901099,0.99587912,0.00686813,1.00000000,0.98773006,-0.01226994,0.99991573,0.99921206,-0.00070367,0.99996249,0.99953176,-0.00043073,0.03931812,0.00466836,0.03464976,0.17634490,0.04575061,0.13059429,0.13858832,0.00497008,0.13361824,0.14230360,0.00560259,0.13670101
toddler,svm,isotonic,6,1054,0.69070209,0.99240987,0.99715370,0.00474383,0.99365857,0.99624570,0.00258714,0.99038462,0.99862637,0.00824176,0.99693252,0.99386503,-0.00306748,0.99994101,0.99840516,-0.00153585,0.99997359,0.99858280,-0.00139079,0.03819675,0.00292798,0.03526878,0.17359209,0.04128700,0.13230509,0.13840069,0.00190232,0.13649837,0.14065448,0.00295514,0.13769934
toddler,svm,isotonic,7,1054,0.69070209,0.99051233,0.99430740,0.00379507,0.99228494,0.99333833,0.00105339,0.98763736,0.99587912,0.00824176,0.99693252,0.99079755,-0.00613497,0.99986938,0.99984410,-0.00002528,0.99994148,0.99992449,-0.00001699,0.03907767,0.00432047,0.03475720,0.17588205,0.01363315,0.16224891,0.13985277,0.00363599,0.13621678,0.14005701,0.00368490,0.13637211
toddler,svm,isotonic,8,1054,0.69070209,0.98956357,0.98956357,0.00000000,0.99075120,0.98482269,-0.00592850,0.98763736,0.99725275,0.00961538,0.99386503,0.97239264,-0.02147239,0.99964185,0.99671973,-0.00292212,0.99983809,0.99712099,-0.00271710,0.04012483,0.00683321,0.03329162,0.17824095,0.08331348,0.09492746,0.13505585,0.00350610,0.13154974,0.14049085,0.00622232,0.13426852
toddler,svm,isotonic,9,1054,0.69070209,0.98766603,0.99146110,0.00379507,0.98853064,0.98789018,-0.00064046,0.98626374,0.99725275,0.01098901,0.99079755,0.97852761,-0.01226994,0.99970084,0.99604134,-0.00365949,0.99986533,0.99670305,-0.00316228,0.03906650,0.00673529,0.03233121,0.17550769,0.11461395,0.06089373,0.13743098,0.00283651,0.13459447,0.13743098,0.00417823,0.13325275
toddler,svm,beta,0,1054,0.69070209,0.99240987,0.99620493,0.00379507,0.99450549,0.99725275,0.00274725,0.98901099,0.99450549,0.00549451,1.00000000,1.00000000,0.00000000,0.99997050,0.99997050,0.00000000,0.99998681,0.99998683,0.00000001,0.03835500,0.00284775,0.03550725,0.17401932,0.01055573,0.16346358,0.13819794,0.00615749,0.13204045,0.14078614,0.00615749,0.13462865
toddler,svm,beta,1,1054,0.69070209,0.99051233,0.99430740,0.00379507,0.99228494,0.99333833,0.00105339,0.98763736,0.99587912,0.00824176,0.99693252,0.99079755,-0.00613497,0.99985674,0.99986517,0.00000843,0.99993610,0.99993994,0.00000384,0.03961775,0.00454177,0.03507598,0.17750187,0.01508234,0.16241954,0.13707163,0.00417914,0.13289248,0.14126594,0.00485845,0.13640749
toddler,svm,beta,2,1054,0.69070209,0.99146110,0.99146110,0.00000000,0.99381868,0.99127789,-0.00254079,0.98763736,0.99175824,0.00412088,1.00000000,0.99079755,-0.00920245,0.99983146,0.99985252,0.00002107,0.99992498,0.99993439,0.00000940,0.03933947,0.00476403,0.03457544,0.17657284,0.01556710,0.16100575,0.13691532,0.00560865,0.13130668,0.14137919,0.00733460,0.13404459
toddler,svm,beta,3,1054,0.69070209,0.99240987,0.99146110,-0.00094877,0.99450549,0.98958404,-0.00492146,0.98901099,0.99450549,0.00549451,1.00000000,0.98466258,-0.01533742,0.99991573,0.99985674,-0.00005899,0.99996240,0.99993595,-0.00002644,0.03970811,0.00458803,0.03512009,0.17736400,0.01557331,0.16179069,0.13675290,0.00325744,0.13349547,0.14304293,0.00614758,0.13689535
toddler,svm,beta,4,1054,0.69070209,0.99146110,0.99335863,0.00189753,0.99381868,0.99180459,-0.00201409,0.98763736,0.99587912,0.00824176,1.00000000,0.98773006,-0.01226994,0.99991573,0.99990730,-0.00000843,0.99996244,0.99995882,-0.00000363,0.04020430,0.00394011,0.03626419,0.17862287,0.01418138,0.16444149,0.13855345,0.00619175,0.13236170,0.14293080,0.00741184,0.13551896
toddler,svm,beta,5,1054,0.69070209,0.99240987,0.99430740,0.00189753,0.99450549,0.99333833,-0.00116716,0.98901099,0.99587912,0.00686813,1.00000000,0.99079755,-0.00920245,0.99991573,0.99989045,-0.00002528,0.99996249,0.99995085,-0.00001164,0.03931812,0.00398857,0.03532956,0.17634490,0.01410260,0.16224231,0.13858832,0.00693816,0.13165015,0.14230360,0.00693816,0.13536543
toddler,svm,beta,6,1054,0.69070209,0.99240987,0.99715370,0.00474383,0.99365857,0.99624570,0.00258714,0.99038462,0.99862637,0.00824176,0.99693252,0.99386503,-0.00306748,0.99994101,0.99994522,0.00000421,0.99997359,0.99997542,0.00000182,0.03819675,0.00259977,0.03559699,0.17359209,0.00979534,0.16379675,0.13840069,0.00347038,0.13493031,0.14065448,0.00451095,0.13614353
toddler,svm,beta,7,1054,0.69070209,0.99051233,0.99335863,0.00284630,0.99228494,0.99265152,0.00036658,0.98763736,0.99450549,0.00686813,0.99693252,0.99079755,-0.00613497,0.99986938,0.99986938,0.00000000,0.99994148,0.99994148,0.00000000,0.03907767,0.00426902,0.03480865,0.17588205,0.01382617,0.16205589,0.13985277,0.00508846,0.13476431,0.14005701,0.00566432,0.13439270
toddler,svm,beta,8,1054,0.69070209,0.98956357,0.99051233,0.00094877,0.99075120,0.98720336,-0.00354783,0.98763736,0.99587912,0.00824176,0.99386503,0.97852761,-0.01533742,0.99964185,0.99963763,-0.00000421,0.99983809,0.99983603,-0.00000206,0.04012483,0.00607087,0.03405396,0.17824095,0.02135014,0.15689081,0.13505585,0.00372534,0.13133050,0.14049085,0.00589963,0.13459122
toddler,svm,beta,9,1054,0.69070209,0.98766603,0.99240987,0.00474383,0.98853064,0.98942392,0.00089328,0.98626374,0.99725275,0.01098901,0.99079755,0.98159509,-0.00920245,0.99970084,0.99970926,0.00000843,0.99986533,0.99986921,0.00000388,0.03906650,0.00595195,0.03311455,0.17550769,0.01974843,0.15575925,0.13743098,0.00279572,0.13463526,0.13743098,0.00339548,0.13403550
toddler,xgb,platt,0,1054,0.69070209,0.98956357,0.98956357,0.00000000,0.99159813,0.98905734,-0.00254079,0.98626374,0.99038462,0.00412088,0.99693252,0.98773006,-0.00920245,0.99957864,0.99955757,-0.00002107,0.99981480,0.99980492,-0.00000988,0.01421780,0.00777067,0.00644713,0.05947340,0.02645584,0.03301756,0.03667751,0.00453757,0.03213993,0.03667751,0.00780470,0.02887281
toddler,xgb,platt,1,1054,0.69070209,0.98387097,0.98481973,0.00094877,0.98493646,0.98223556,-0.00270090,0.98214286,0.98901099,0.00686813,0.98773006,0.97546012,-0.01226994,0.99928791,0.99922892,-0.00005899,0.99968483,0.99965708,-0.00002775,0.01532716,0.01042001,0.00490715,0.06224549,0.03406904,0.02817645,0.03203703,0.00373172,0.02830532,0.03242914,0.00659632,0.02583282
toddler,xgb,platt,2,1054,0.69070209,0.98481973,0.98481973,0.00000000,0.98647020,0.98138863,-0.00508157,0.98214286,0.99038462,0.00824176,0.99079755,0.97239264,-0.01840491,0.99930897,0.99929212,-0.00001685,0.99969502,0.99968809,-0.00000692,0.01611789,0.01021241,0.00590547,0.06357575,0.03328541,0.03029034,0.03309773,0.00563716,0.02746057,0.03386289,0.00771230,0.02615058
toddler,xgb,platt,3,1054,0.69070209,0.98197343,0.98861480,0.00664137,0.98356283,0.98582974,0.00226690,0.97939560,0.99313187,0.01373626,0.98773006,0.97852761,-0.00920245,0.99927526,0.99908565,-0.00018961,0.99967777,0.99958751,-0.00009026,0.01640608,0.01005757,0.00634851,0.06445043,0.03484758,0.02960284,0.03562649,0.00471147,0.03091502,0.03562649,0.00858413,0.02704236
toddler,xgb,platt,4,1054,0.69070209,0.98387097,0.98671727,0.00284630,0.98578339,0.98530304,-0.00048035,0.98076923,0.98901099,0.00824176,0.99079755,0.98159509,-0.00920245,0.99916993,0.99916993,-0.00000000,0.99963077,0.99963206,0.00000128,0.01671615,0.01026282,0.00645333,0.06519472,0.03462104,0.03057368,0.03582830,0.00534496,0.03048334,0.03582830,0.00581100,0.03001730
toddler,xgb,platt,5,1054,0.69070209,0.98576850,0.98671727,0.00094877,0.98715701,0.98530304,-0.00185397,0.98351648,0.98901099,0.00549451,0.99079755,0.98159509,-0.00920245,0.99931319,0.99924156,-0.00007163,0.99969828,0.99966575,-0.00003253,0.01613725,0.01002855,0.00610870,0.06371232,0.03424386,0.02946845,0.03416040,0.00569961,0.02846079,0.03484943,0.00673793,0.02811149
toddler,xgb,platt,6,1054,0.69070209,0.98671727,0.98766603,0.00094877,0.98784383,0.98514292,-0.00270090,0.98489011,0.99175824,0.00686813,0.99079755,0.97852761,-0.01226994,0.99962078,0.99962499,0.00000421,0.99983113,0.99983365,0.00000252,0.01399295,0.00771827,0.00627468,0.05843324,0.02561451,0.03281873,0.03662812,0.00620936,0.03041877,0.03737585,0.00958347,0.02779238
toddler,xgb,platt,7,1054,0.69070209,0.98292220,0.98766603,0.00474383,0.98509658,0.98598985,0.00089328,0.97939560,0.99038462,0.01098901,0.99079755,0.98159509,-0.00920245,0.99925841,0.99927526,0.00001685,0.99967206,0.99967831,0.00000625,0.01608040,0.01001327,0.00606714,0.06349902,0.03273750,0.03076152,0.03518003,0.00503501,0.03014502,0.03518003,0.00613730,0.02904273
toddler,xgb,platt,8,1054,0.69070209,0.98197343,0.98481973,0.00284630,0.98356283,0.98223556,-0.00132728,0.97939560,0.98901099,0.00961538,0.98773006,0.97546012,-0.01226994,0.99910672,0.99911936,0.00001264,0.99960117,0.99960734,0.00000617,0.01717405,0.01156256,0.00561150,0.06580516,0.03640541,0.02939975,0.03349069,0.00366960,0.02982109,0.03574526,0.00924133,0.02650393
toddler,xgb,platt,9,1054,0.69070209,0.98481973,0.98481973,0.00000000,0.98562327,0.98138863,-0.00423465,0.98351648,0.99038462,0.00686813,0.98773006,0.97239264,-0.01533742,0.99893396,0.99890026,-0.00003371,0.99952691,0.99951119,-0.00001572,0.01694279,0.01191609,0.00502669,0.06550906,0.03924992,0.02625914,0.03286886,0.00358031,0.02928855,0.03293034,0.00783714,0.02509319
toddler,xgb,temperature,0,1054,0.69070209,0.98956357,0.98956357,0.00000000,0.99159813,0.99159813,0.00000000,0.98626374,0.98626374,0.00000000,0.99693252,0.99693252,0.00000000,0.99957864,0.99959550,0.00001685,0.99981480,0.99982206,0.00000726,0.01421780,0.00868300,0.00553480,0.05947340,0.03156322,0.02791019,0.03667751,0.01198410,0.02469341,0.03667751,0.01198410,0.02469341
toddler,xgb,temperature,1,1054,0.69070209,0.98387097,0.98387097,0.00000000,0.98493646,0.98493646,0.00000000,0.98214286,0.98214286,0.00000000,0.98773006,0.98773006,0.00000000,0.99928791,0.99927105,-0.00001685,0.99968483,0.99967715,-0.00000768,0.01532716,0.01166012,0.00366704,0.06224549,0.03861207,0.02363342,0.03203703,0.01047452,0.02156251,0.03242914,0.01139746,0.02103169
toddler,xgb,temperature,2,1054,0.69070209,0.98481973,0.98481973,0.00000000,0.98647020,0.98647020,0.00000000,0.98214286,0.98214286,0.00000000,0.99079755,0.99079755,0.00000000,0.99930897,0.99927526,-0.00003371,0.99969502,0.99968117,-0.00001385,0.01611789,0.01151146,0.00460643,0.06357575,0.03963146,0.02394429,0.03309773,0.01303782,0.02005991,0.03386289,0.01346516,0.02039773
toddler,xgb,temperature,3,1054,0.69070209,0.98197343,0.98197343,0.00000000,0.98356283,0.98356283,0.00000000,0.97939560,0.97939560,0.00000000,0.98773006,0.98773006,0.00000000,0.99927526,0.99924156,-0.00003371,0.99967777,0.99966193,-0.00001584,0.01640608,0.01202196,0.00438412,0.06445043,0.03895353,0.02549689,0.03562649,0.01181489,0.02381160,0.03562649,0.01181489,0.02381160
toddler,xgb,temperature,4,1054,0.69070209,0.98387097,0.98387097,0.00000000,0.98578339,0.98578339,0.00000000,0.98076923,0.98076923,0.00000000,0.99079755,0.99079755,0.00000000,0.99916993,0.99914464,-0.00002528,0.99963077,0.99962027,-0.00001050,0.01671615,0.01258265,0.00413350,0.06519472,0.04256828,0.02262644,0.03582830,0.01392397,0.02190434,0.03582830,0.01392397,0.02190434
toddler,xgb,temperature,5,1054,0.69070209,0.98576850,0.98576850,0.00000000,0.98715701,0.98715701,0.00000000,0.98351648,0.98351648,0.00000000,0.99079755,0.99079755,0.00000000,0.99931319,0.99929633,-0.00001685,0.99969828,0.99969120,-0.00000708,0.01613725,0.01152439,0.00461286,0.06371232,0.04022046,0.02349186,0.03416040,0.01578482,0.01837558,0.03484943,0.01578482,0.01906461
toddler,xgb,temperature,6,1054,0.69070209,0.98671727,0.98671727,0.00000000,0.98784383,0.98784383,0.00000000,0.98489011,0.98489011,0.00000000,0.99079755,0.99079755,0.00000000,0.99962078,0.99958286,-0.00003792,0.99983113,0.99981469,-0.00001643,0.01399295,0.00942822,0.00456473,0.05843324,0.03208197,0.02635127,0.03662812,0.01095815,0.02566998,0.03737585,0.01127789,0.02609796
toddler,xgb,temperature,7,1054,0.69070209,0.98292220,0.98292220,0.00000000,0.98509658,0.98509658,0.00000000,0.97939560,0.97939560,0.00000000,0.99079755,0.99079755,0.00000000,0.99925841,0.99925841,0.00000000,0.99967206,0.99967034,-0.00000172,0.01608040,0.01209088,0.00398952,0.06349902,0.04039490,0.02310412,0.03518003,0.01325095,0.02192907,0.03518003,0.01360927,0.02157076
toddler,xgb,temperature,8,1054,0.69070209,0.98197343,0.98197343,0.00000000,0.98356283,0.98356283,0.00000000,0.97939560,0.97939560,0.00000000,0.98773006,0.98773006,0.00000000,0.99910672,0.99910251,-0.00000421,0.99960117,0.99959935,-0.00000182,0.01717405,0.01382232,0.00335173,0.06580516,0.04380753,0.02199763,0.03349069,0.01327732,0.02021337,0.03574526,0.01327732,0.02246794
toddler,xgb,temperature,9,1054,0.69070209,0.98481973,0.98481973,0.00000000,0.98562327,0.98562327,0.00000000,0.98351648,0.98351648,0.00000000,0.98773006,0.98773006,0.00000000,0.99893396,0.99893818,0.00000421,0.99952691,0.99952824,0.00000133,0.01694279,0.01299865,0.00394414,0.06550906,0.04338559,0.02212347,0.03286886,0.01111541,0.02175345,0.03293034,0.01111541,0.02181492
toddler,xgb,histbin,0,1054,0.69070209,0.98956357,0.98481973,-0.00474383,0.99159813,0.98392941,-0.00766871,0.98626374,0.98626374,0.00000000,0.99693252,0.98159509,-0.01533742,0.99957864,0.99869800,-0.00088064,0.99981480,0.99933841,-0.00047639,0.01421780,0.00978978,0.00442802,0.05947340,0.06278344,-0.00331004,0.03667751,0.00610745,0.03057006,0.03667751,0.00722364,0.02945386
toddler,xgb,histbin,1,1054,0.69070209,0.98387097,0.98481973,0.00094877,0.98493646,0.98223556,-0.00270090,0.98214286,0.98901099,0.00686813,0.98773006,0.97546012,-0.01226994,0.99928791,0.99772256,-0.00156534,0.99968483,0.99822867,-0.00145616,0.01532716,0.01074848,0.00457868,0.06224549,0.06548366,-0.00323817,0.03203703,0.00622358,0.02581345,0.03242914,0.00804423,0.02438491
toddler,xgb,histbin,2,1054,0.69070209,0.98481973,0.98576850,0.00094877,0.98647020,0.98461623,-0.00185397,0.98214286,0.98763736,0.00549451,0.99079755,0.98159509,-0.00920245,0.99930897,0.99922470,-0.00008427,0.99969502,0.99961933,-0.00007568,0.01611789,0.01033353,0.00578436,0.06357575,0.03155532,0.03202043,0.03309773,0.00418226,0.02891547,0.03386289,0.00781134,0.02605154
toddler,xgb,histbin,3,1054,0.69070209,0.98197343,0.98292220,0.00094877,0.98356283,0.97493343,-0.00862941,0.97939560,0.99587912,0.01648352,0.98773006,0.95398773,-0.03374233,0.99927526,0.99590440,-0.00337086,0.99967777,0.99664952,-0.00302825,0.01640608,0.01258813,0.00381795,0.06445043,0.10189115,-0.03744072,0.03562649,0.00356721,0.03205928,0.03562649,0.00539643,0.03023006
toddler,xgb,histbin,4,1054,0.69070209,0.98387097,0.98481973,0.00094877,0.98578339,0.98647020,0.00068681,0.98076923,0.98214286,0.00137363,0.99079755,0.99079755,0.00000000,0.99916993,0.99591283,-0.00325710,0.99963077,0.99668124,-0.00294954,0.01671615,0.01192306,0.00479309,0.06519472,0.09932061,-0.03412589,0.03582830,0.00696097,0.02886734,0.03582830,0.00893875,0.02688956
toddler,xgb,histbin,5,1054,0.69070209,0.98576850,0.98576850,0.00000000,0.98715701,0.98461623,-0.00254079,0.98351648,0.98763736,0.00412088,0.99079755,0.98159509,-0.00920245,0.99931319,0.99849997,-0.00081322,0.99969828,0.99924277,-0.00045551,0.01613725,0.01113652,0.00500072,0.06371232,0.06748167,-0.00376935,0.03416040,0.00669591,0.02746449,0.03484943,0.00788812,0.02696130
toddler,xgb,histbin,6,1054,0.69070209,0.98671727,0.98481973,-0.00189753,0.98784383,0.98054170,-0.00730213,0.98489011,0.99175824,0.00686813,0.99079755,0.96932515,-0.02147239,0.99962078,0.99937007,-0.00025071,0.99983113,0.99970528,-0.00012584,0.01399295,0.00931035,0.00468261,0.05843324,0.02935189,0.02908135,0.03662812,0.00653211,0.03009601,0.03737585,0.00826700,0.02910885
toddler,xgb,histbin,7,1054,0.69070209,0.98292220,0.98861480,0.00569260,0.98509658,0.98752360,0.00242702,0.97939560,0.99038462,0.01098901,0.99079755,0.98466258,-0.00613497,0.99925841,0.99605609,-0.00320232,0.99967206,0.99744687,-0.00222519,0.01608040,0.01068484,0.00539557,0.06349902,0.12893520,-0.06543618,0.03518003,0.00289632,0.03228371,0.03518003,0.01020228,0.02497774
toddler,xgb,histbin,8,1054,0.69070209,0.98197343,0.98197343,0.00000000,0.98356283,0.98186897,-0.00169386,0.97939560,0.98214286,0.00274725,0.98773006,0.98159509,-0.00613497,0.99910672,0.99674290,-0.00236382,0.99960117,0.99769114,-0.00191003,0.01717405,0.01245918,0.00471487,0.06580516,0.10193951,-0.03613435,0.03349069,0.00467632,0.02881437,0.03574526,0.00630552,0.02943974
toddler,xgb,histbin,9,1054,0.69070209,0.98481973,0.98197343,-0.00284630,0.98562327,0.97763433,-0.00798894,0.98351648,0.98901099,0.00549451,0.98773006,0.96625767,-0.02147239,0.99893396,0.99523655,-0.00369741,0.99952691,0.99633064,-0.00319627,0.01694279,0.01313428,0.00380851,0.06550906,0.13498624,-0.06947717,0.03286886,0.00438980,0.02847906,0.03293034,0.00470031,0.02823003
toddler,xgb,isotonic,0,1054,0.69070209,0.98956357,0.98766603,-0.00189753,0.99159813,0.98598985,-0.00560827,0.98626374,0.99038462,0.00412088,0.99693252,0.98159509,-0.01533742,0.99957864,0.99946066,-0.00011798,0.99981480,0.99972104,-0.00009376,0.01421780,0.00848967,0.00572813,0.05947340,0.02832944,0.03114397,0.03667751,0.00427462,0.03240289,0.03667751,0.00675638,0.02992113
toddler,xgb,isotonic,1,1054,0.69070209,0.98387097,0.98481973,0.00094877,0.98493646,0.98138863,-0.00354783,0.98214286,0.99038462,0.00824176,0.98773006,0.97239264,-0.01533742,0.99928791,0.99773731,-0.00155060,0.99968483,0.99824880,-0.00143603,0.01532716,0.01085936,0.00446780,0.06224549,0.06460404,-0.00235855,0.03203703,0.00311680,0.02892023,0.03242914,0.00534827,0.02708088
toddler,xgb,isotonic,2,1054,0.69070209,0.98481973,0.98766603,0.00284630,0.98647020,0.98514292,-0.00132728,0.98214286,0.99175824,0.00961538,0.99079755,0.97852761,-0.01226994,0.99930897,0.99863691,-0.00067207,0.99969502,0.99929318,-0.00040183,0.01611789,0.00998746,0.00613043,0.06357575,0.06319515,0.00038060,0.03309773,0.00507432,0.02802340,0.03386289,0.00715323,0.02670966
toddler,xgb,isotonic,3,1054,0.69070209,0.98197343,0.98481973,0.00284630,0.98356283,0.97800091,-0.00556192,0.97939560,0.99587912,0.01648352,0.98773006,0.96012270,-0.02760736,0.99927526,0.99630259,-0.00297268,0.99967777,0.99685934,-0.00281843,0.01640608,0.01037325,0.00603283,0.06445043,0.09534180,-0.03089138,0.03562649,0.00478266,0.03084383,0.03562649,0.00599150,0.02963499
toddler,xgb,isotonic,4,1054,0.69070209,0.98387097,0.98576850,0.00189753,0.98578339,0.98631009,0.00052670,0.98076923,0.98489011,0.00412088,0.99079755,0.98773006,-0.00306748,0.99916993,0.99750556,-0.00166436,0.99963077,0.99811500,-0.00151577,0.01671615,0.01161367,0.00510249,0.06519472,0.06774329,-0.00254857,0.03582830,0.00764216,0.02818614,0.03582830,0.00979078,0.02603752
toddler,xgb,isotonic,5,1054,0.69070209,0.98576850,0.98481973,-0.00094877,0.98715701,0.98223556,-0.00492146,0.98351648,0.98901099,0.00549451,0.99079755,0.97546012,-0.01533742,0.99931319,0.99701257,-0.00230061,0.99969828,0.99781360,-0.00188468,0.01613725,0.01135179,0.00478546,0.06371232,0.09778525,-0.03407293,0.03416040,0.00504263,0.02911777,0.03484943,0.00563222,0.02921721
toddler,xgb,isotonic,6,1054,0.69070209,0.98671727,0.98766603,0.00094877,0.98784383,0.98598985,-0.00185397,0.98489011,0.99038462,0.00549451,0.99079755,0.98159509,-0.00920245,0.99962078,0.99958496,-0.00003582,0.99983113,0.99979301,-0.00003812,0.01399295,0.00797914,0.00601381,0.05843324,0.02423844,0.03419480,0.03662812,0.00690872,0.02971940,0.03737585,0.00690872,0.03046713
toddler,xgb,isotonic,7,1054,0.69070209,0.98292220,0.98576850,0.00284630,0.98509658,0.98376930,-0.00132728,0.97939560,0.98901099,0.00961538,0.99079755,0.97852761,-0.01226994,0.99925841,0.99708420,-0.00217421,0.99967206,0.99788030,-0.00179176,0.01608040,0.01024131,0.00583909,0.06349902,0.09520808,-0.03170906,0.03518003,0.00453572,0.03064430,0.03518003,0.00817099,0.02700903
toddler,xgb,isotonic,8,1054,0.69070209,0.98197343,0.98481973,0.00284630,0.98356283,0.98392941,0.00036658,0.97939560,0.98626374,0.00686813,0.98773006,0.98159509,-0.00613497,0.99910672,0.99761301,-0.00149371,0.99960117,0.99818754,-0.00141363,0.01717405,0.01200748,0.00516657,0.06580516,0.06891183,-0.00310666,0.03349069,0.00658384,0.02690684,0.03574526,0.00831183,0.02743342
toddler,xgb,isotonic,9,1054,0.69070209,0.98481973,0.98292220,-0.00189753,0.98562327,0.97916807,-0.00645520,0.98351648,0.98901099,0.00549451,0.98773006,0.96932515,-0.01840491,0.99893396,0.99821766,-0.00071631,0.99952691,0.99905348,-0.00047343,0.01694279,0.01264211,0.00430068,0.06550906,0.07184174,-0.00633268,0.03286886,0.00398805,0.02888080,0.03293034,0.00743538,0.02549495
toddler,xgb,beta,0,1054,0.69070209,0.98956357,0.98956357,0.00000000,0.99159813,0.98821041,-0.00338772,0.98626374,0.99175824,0.00549451,0.99693252,0.98466258,-0.01226994,0.99957864,0.99955757,-0.00002107,0.99981480,0.99980463,-0.00001017,0.01421780,0.00785103,0.00636677,0.05947340,0.02659201,0.03288139,0.03667751,0.00410982,0.03256769,0.03667751,0.00668722,0.02999029
toddler,xgb,beta,1,1054,0.69070209,0.98387097,0.98576850,0.00189753,0.98493646,0.98376930,-0.00116716,0.98214286,0.98901099,0.00686813,0.98773006,0.97852761,-0.00920245,0.99928791,0.99923313,-0.00005478,0.99968483,0.99965843,-0.00002641,0.01532716,0.01029883,0.00502833,0.06224549,0.03375300,0.02849249,0.03203703,0.00461105,0.02742598,0.03242914,0.00705388,0.02537526
toddler,xgb,beta,2,1054,0.69070209,0.98481973,0.98576850,0.00094877,0.98647020,0.98292237,-0.00354783,0.98214286,0.99038462,0.00824176,0.99079755,0.97546012,-0.01533742,0.99930897,0.99928369,-0.00002528,0.99969502,0.99968438,-0.00001064,0.01611789,0.01018044,0.00593744,0.06357575,0.03315888,0.03041687,0.03309773,0.00421158,0.02888615,0.03386289,0.00601217,0.02785072
toddler,xgb,beta,3,1054,0.69070209,0.98197343,0.98861480,0.00664137,0.98356283,0.98582974,0.00226690,0.97939560,0.99313187,0.01373626,0.98773006,0.97852761,-0.00920245,0.99927526,0.99908565,-0.00018961,0.99967777,0.99958709,-0.00009068,0.01640608,0.01001411,0.00639197,0.06445043,0.03461171,0.02983872,0.03562649,0.00457994,0.03104655,0.03562649,0.00889434,0.02673215
toddler,xgb,beta,4,1054,0.69070209,0.98387097,0.98671727,0.00284630,0.98578339,0.98614997,0.00036658,0.98076923,0.98763736,0.00686813,0.99079755,0.98466258,-0.00613497,0.99916993,0.99916150,-0.00000843,0.99963077,0.99962798,-0.00000279,0.01671615,0.01026260,0.00645356,0.06519472,0.03469004,0.03050469,0.03582830,0.00422455,0.03160375,0.03582830,0.00573640,0.03009190
toddler,xgb,beta,5,1054,0.69070209,0.98576850,0.98671727,0.00094877,0.98715701,0.98530304,-0.00185397,0.98351648,0.98901099,0.00549451,0.99079755,0.98159509,-0.00920245,0.99931319,0.99922470,-0.00008849,0.99969828,0.99965928,-0.00003900,0.01613725,0.00996287,0.00617438,0.06371232,0.03440627,0.02930605,0.03416040,0.00578469,0.02837571,0.03484943,0.00740357,0.02744586
toddler,xgb,beta,6,1054,0.69070209,0.98671727,0.98766603,0.00094877,0.98784383,0.98598985,-0.00185397,0.98489011,0.99038462,0.00549451,0.99079755,0.98159509,-0.00920245,0.99962078,0.99962078,0.00000000,0.99983113,0.99983177,0.00000064,0.01399295,0.00775289,0.00624006,0.05843324,0.02565631,0.03277693,0.03662812,0.00592897,0.03069915,0.03737585,0.01043183,0.02694402
toddler,xgb,beta,7,1054,0.69070209,0.98292220,0.98576850,0.00284630,0.98509658,0.98461623,-0.00048035,0.97939560,0.98763736,0.00824176,0.99079755,0.98159509,-0.00920245,0.99925841,0.99922892,-0.00002950,0.99967206,0.99965794,-0.00001412,0.01608040,0.01028469,0.00579571,0.06349902,0.03393993,0.02955909,0.03518003,0.00495945,0.03022058,0.03518003,0.00617427,0.02900576
toddler,xgb,beta,8,1054,0.69070209,0.98197343,0.98292220,0.00094877,0.98356283,0.98086193,-0.00270090,0.97939560,0.98626374,0.00686813,0.98773006,0.97546012,-0.01226994,0.99910672,0.99911094,0.00000421,0.99960117,0.99960335,0.00000217,0.01717405,0.01174538,0.00542867,0.06580516,0.03707506,0.02873010,0.03349069,0.00361647,0.02987422,0.03574526,0.00920067,0.02654459
toddler,xgb,beta,9,1054,0.69070209,0.98481973,0.98387097,-0.00094877,0.98562327,0.97985488,-0.00576839,0.98351648,0.99038462,0.00686813,0.98773006,0.96932515,-0.01840491,0.99893396,0.99890447,-0.00002950,0.99952691,0.99951335,-0.00001356,0.01694279,0.01185008,0.00509270,0.06550906,0.03904231,0.02646675,0.03286886,0.00290619,0.02996266,0.03293034,0.00818476,0.02474558
toddler,adaboost,platt,0,1054,0.69070209,0.91935484,0.95066414,0.03130930,0.94077395,0.93972477,-0.00104918,0.88461538,0.96840659,0.08379121,0.99693252,0.91104294,-0.08588957,0.99165501,0.99170979,0.00005478,0.99639013,0.99640521,0.00001508,0.10212187,0.03350272,0.06861914,0.36438469,0.10617894,0.25820575,0.24973510,0.01280896,0.23692614,0.24973510,0.02042843,0.22930667
toddler,adaboost,platt,1,1054,0.69070209,0.91840607,0.95445920,0.03605313,0.94008714,0.94416588,0.00407874,0.88324176,0.97115385,0.08791209,0.99693252,0.91717791,-0.07975460,0.99200474,0.99181091,-0.00019382,0.99651555,0.99642868,-0.00008687,0.10181346,0.03245263,0.06936083,0.36364619,0.10401853,0.25962766,0.24790593,0.01110409,0.23680184,0.24790593,0.01571134,0.23219459
toddler,adaboost,platt,2,1054,0.69070209,0.91935484,0.95445920,0.03510436,0.93908009,0.94247202,0.00339193,0.88736264,0.97390110,0.08653846,0.99079755,0.91104294,-0.07975460,0.99171821,0.99177299,0.00005478,0.99636832,0.99638580,0.00001749,0.10191953,0.03306172,0.06885781,0.36398761,0.10623254,0.25775507,0.24937026,0.01040179,0.23896847,0.24937026,0.01495286,0.23441740
toddler,adaboost,platt,3,1054,0.69070209,0.91461101,0.95256167,0.03795066,0.93564603,0.94194532,0.00629930,0.88049451,0.96978022,0.08928571,0.99079755,0.91411043,-0.07668712,0.99115359,0.99103561,-0.00011798,0.99611687,0.99606573,-0.00005114,0.10217600,0.03457395,0.06760205,0.36445452,0.11110928,0.25334525,0.24594052,0.01068694,0.23525358,0.24594052,0.01508789,0.23085264
toddler,adaboost,platt,4,1054,0.69070209,0.92220114,0.95256167,0.03036053,0.94283439,0.94448611,0.00165172,0.88873626,0.96565934,0.07692308,0.99693252,0.92331288,-0.07361963,0.99197103,0.99192046,-0.00005056,0.99647663,0.99646300,-0.00001363,0.10178703,0.03344838,0.06833866,0.36371218,0.10544682,0.25826536,0.25094421,0.01637301,0.23457120,0.25094421,0.01778989,0.23315432
toddler,adaboost,platt,5,1054,0.69070209,0.91555977,0.95256167,0.03700190,0.93548591,0.94109840,0.00561249,0.88324176,0.97115385,0.08791209,0.98773006,0.91104294,-0.07668712,0.99119573,0.99118309,-0.00001264,0.99615316,0.99614625,-0.00000691,0.10231085,0.03399973,0.06831112,0.36464666,0.10826801,0.25637865,0.24658012,0.01497489,0.23160523,0.24658012,0.01950327,0.22707685
toddler,adaboost,platt,6,1054,0.69070209,0.92125237,0.96015180,0.03889943,0.94214758,0.95167448,0.00952690,0.88736264,0.97390110,0.08653846,0.99693252,0.92944785,-0.06748466,0.99250826,0.99252511,0.00001685,0.99671450,0.99671711,0.00000261,0.10135192,0.03146394,0.06988798,0.36274859,0.10042569,0.26232290,0.25016260,0.01012585,0.24003675,0.25016260,0.02132541,0.22883719
toddler,adaboost,platt,7,1054,0.69070209,0.92220114,0.95540797,0.03320683,0.94198746,0.94485269,0.00286523,0.89010989,0.97252747,0.08241758,0.99386503,0.91717791,-0.07668712,0.99160234,0.99164869,0.00004635,0.99632823,0.99634368,0.00001545,0.10213513,0.03342751,0.06870763,0.36429320,0.10589495,0.25839825,0.24955452,0.01204930,0.23750522,0.24955452,0.01798901,0.23156551
toddler,adaboost,platt,8,1054,0.69070209,0.92030361,0.94212524,0.02182163,0.94061383,0.93100266,-0.00961117,0.88736264,0.96016484,0.07280220,0.99386503,0.90184049,-0.09202454,0.99083968,0.99064586,-0.00019382,0.99599045,0.99590766,-0.00008279,0.10219960,0.03608477,0.06611483,0.36449347,0.11262253,0.25187094,0.24350002,0.01814599,0.22535403,0.24350002,0.01968619,0.22381384
toddler,adaboost,platt,9,1054,0.69070209,0.92030361,0.94971537,0.02941176,0.94061383,0.93565024,-0.00496359,0.88736264,0.97252747,0.08516484,0.99386503,0.89877301,-0.09509202,0.99138323,0.99108828,-0.00029495,0.99624630,0.99612642,-0.00011987,0.10187285,0.03403888,0.06783397,0.36370974,0.10965879,0.25405095,0.24414024,0.01116138,0.23297886,0.24414024,0.01503753,0.22910271
toddler,adaboost,temperature,0,1054,0.69070209,0.91935484,0.91935484,0.00000000,0.94077395,0.94077395,0.00000000,0.88461538,0.88461538,0.00000000,0.99693252,0.99693252,0.00000000,0.99165501,0.99170136,0.00004635,0.99639013,0.99640470,0.00001457,0.10212187,0.05835745,0.04376441,0.36438469,0.18427633,0.18010836,0.24973510,0.08411543,0.16561966,0.24973510,0.08411543,0.16561966
toddler,adaboost,temperature,1,1054,0.69070209,0.91840607,0.91840607,0.00000000,0.94008714,0.94008714,0.00000000,0.88324176,0.88324176,0.00000000,0.99693252,0.99693252,0.00000000,0.99200474,0.99184883,-0.00015590,0.99651555,0.99644512,-0.00007043,0.10181346,0.05865805,0.04315541,0.36364619,0.18430515,0.17934104,0.24790593,0.08517309,0.16273284,0.24790593,0.08517309,0.16273284
toddler,adaboost,temperature,2,1054,0.69070209,0.91935484,0.91935484,0.00000000,0.93908009,0.93908009,0.00000000,0.88736264,0.88736264,0.00000000,0.99079755,0.99079755,0.00000000,0.99171821,0.99176878,0.00005056,0.99636832,0.99639008,0.00002177,0.10191953,0.05806758,0.04385196,0.36398761,0.18202214,0.18196547,0.24937026,0.08293502,0.16643524,0.24937026,0.08293502,0.16643524
toddler,adaboost,temperature,3,1054,0.69070209,0.91461101,0.91461101,0.00000000,0.93564603,0.93564603,0.00000000,0.88049451,0.88049451,0.00000000,0.99079755,0.99079755,0.00000000,0.99115359,0.99105247,-0.00010113,0.99611687,0.99608093,-0.00003594,0.10217600,0.05967103,0.04250496,0.36445452,0.18660153,0.17785300,0.24594052,0.08339501,0.16254552,0.24594052,0.08339501,0.16254552
toddler,adaboost,temperature,4,1054,0.69070209,0.92220114,0.92220114,0.00000000,0.94283439,0.94283439,0.00000000,0.88873626,0.88873626,0.00000000,0.99693252,0.99693252,0.00000000,0.99197103,0.99191204,-0.00005899,0.99647663,0.99644642,-0.00003021,0.10178703,0.05757958,0.04420745,0.36371218,0.18169695,0.18201523,0.25094421,0.08266245,0.16828176,0.25094421,0.08266245,0.16828176
toddler,adaboost,temperature,5,1054,0.69070209,0.91555977,0.91555977,0.00000000,0.93548591,0.93548591,0.00000000,0.88324176,0.88324176,0.00000000,0.98773006,0.98773006,0.00000000,0.99119573,0.99122944,0.00003371,0.99615316,0.99616864,0.00001548,0.10231085,0.05995721,0.04235364,0.36464666,0.18737682,0.17726984,0.24658012,0.08524737,0.16133275,0.24658012,0.08524737,0.16133275
toddler,adaboost,temperature,6,1054,0.69070209,0.92125237,0.92125237,0.00000000,0.94214758,0.94214758,0.00000000,0.88736264,0.88736264,0.00000000,0.99693252,0.99693252,0.00000000,0.99250826,0.99257989,0.00007163,0.99671450,0.99674396,0.00002946,0.10135192,0.05722088,0.04413104,0.36274859,0.17995271,0.18279588,0.25016260,0.08363008,0.16653252,0.25016260,0.08363008,0.16653252
toddler,adaboost,temperature,7,1054,0.69070209,0.92220114,0.92220114,0.00000000,0.94198746,0.94198746,0.00000000,0.89010989,0.89010989,0.00000000,0.99386503,0.99386503,0.00000000,0.99160234,0.99160234,-0.00000000,0.99632823,0.99632830,0.00000007,0.10213513,0.05915213,0.04298300,0.36429320,0.18513047,0.17916273,0.24955452,0.08475920,0.16479532,0.24955452,0.08475920,0.16479532
toddler,adaboost,temperature,8,1054,0.69070209,0.92030361,0.92030361,0.00000000,0.94061383,0.94061383,0.00000000,0.88736264,0.88736264,0.00000000,0.99386503,0.99386503,0.00000000,0.99083968,0.99075541,-0.00008427,0.99599045,0.99595810,-0.00003235,0.10219960,0.05873689,0.04346271,0.36449347,0.18558598,0.17890749,0.24350002,0.08256544,0.16093458,0.24350002,0.08256544,0.16093458
toddler,adaboost,temperature,9,1054,0.69070209,0.92030361,0.92030361,0.00000000,0.94061383,0.94061383,0.00000000,0.88736264,0.88736264,0.00000000,0.99386503,0.99386503,0.00000000,0.99138323,0.99111356,-0.00026967,0.99624630,0.99614169,-0.00010460,0.10187285,0.05813768,0.04373517,0.36370974,0.18383159,0.17987815,0.24414024,0.08322879,0.16091145,0.24414024,0.08322879,0.16091145
toddler,adaboost,histbin,0,1054,0.69070209,0.91935484,0.95825427,0.03889943,0.94077395,0.94352542,0.00275147,0.88461538,0.98214286,0.09752747,0.99693252,0.90490798,-0.09202454,0.99165501,0.99049838,-0.00115663,0.99639013,0.99527166,-0.00111847,0.10212187,0.03228136,0.06984050,0.36438469,0.10551513,0.25886956,0.24973510,0.00558816,0.24414693,0.24973510,0.00897454,0.24076056
toddler,adaboost,histbin,1,1054,0.69070209,0.91840607,0.95730550,0.03889943,0.94008714,0.94368553,0.00359840,0.88324176,0.97939560,0.09615385,0.99693252,0.90797546,-0.08895706,0.99200474,0.98919217,-0.00281256,0.99651555,0.99475339,-0.00176216,0.10181346,0.03326765,0.06854581,0.36364619,0.10541248,0.25823371,0.24790593,0.00284060,0.24506532,0.24790593,0.01214688,0.23575904
toddler,adaboost,histbin,2,1054,0.69070209,0.91935484,0.95730550,0.03795066,0.93908009,0.94029782,0.00121772,0.88736264,0.98489011,0.09752747,0.99079755,0.89570552,-0.09509202,0.99171821,0.99080808,-0.00091013,0.99636832,0.99525537,-0.00111295,0.10191953,0.03252785,0.06939169,0.36398761,0.10665693,0.25733068,0.24937026,0.00646774,0.24290252,0.24937026,0.00646774,0.24290252
toddler,adaboost,histbin,3,1054,0.69070209,0.91461101,0.95540797,0.04079696,0.93564603,0.94146498,0.00581895,0.88049451,0.97802198,0.09752747,0.99079755,0.90490798,-0.08588957,0.99115359,0.98848429,-0.00266930,0.99611687,0.99425013,-0.00186674,0.10217600,0.03521180,0.06696420,0.36445452,0.11432078,0.25013374,0.24594052,0.00764237,0.23829815,0.24594052,0.00764237,0.23829815
toddler,adaboost,histbin,4,1054,0.69070209,0.92220114,0.95920304,0.03700190,0.94283439,0.94336530,0.00053091,0.88873626,0.98489011,0.09615385,0.99693252,0.90184049,-0.09509202,0.99197103,0.99068378,-0.00128725,0.99647663,0.99536677,-0.00110986,0.10178703,0.03160301,0.07018403,0.36371218,0.10154366,0.26216852,0.25094421,0.00630816,0.24463605,0.25094421,0.01652306,0.23442115
toddler,adaboost,histbin,5,1054,0.69070209,0.91555977,0.95445920,0.03889943,0.93548591,0.93739045,0.00190454,0.88324176,0.98214286,0.09890110,0.98773006,0.89263804,-0.09509202,0.99119573,0.98704957,-0.00414616,0.99615316,0.99286286,-0.00329030,0.10231085,0.03571980,0.06659105,0.36464666,0.14470510,0.21994156,0.24658012,0.00634057,0.24023955,0.24658012,0.01181093,0.23476919
toddler,adaboost,histbin,6,1054,0.69070209,0.92125237,0.95920304,0.03795066,0.94214758,0.94421223,0.00206465,0.88736264,0.98351648,0.09615385,0.99693252,0.90490798,-0.09202454,0.99250826,0.99137902,-0.00112924,0.99671450,0.99560082,-0.00111368,0.10135192,0.03111864,0.07023328,0.36274859,0.09938183,0.26336676,0.25016260,0.00594547,0.24421713,0.25016260,0.01055720,0.23960540
toddler,adaboost,histbin,7,1054,0.69070209,0.92220114,0.95825427,0.03605313,0.94198746,0.94352542,0.00153796,0.89010989,0.98214286,0.09203297,0.99386503,0.90490798,-0.08895706,0.99160234,0.98797866,-0.00362368,0.99632823,0.99341404,-0.00291419,0.10213513,0.03249624,0.06963889,0.36429320,0.13442787,0.22986532,0.24955452,0.00200469,0.24754983,0.24955452,0.00873302,0.24082150
toddler,adaboost,histbin,8,1054,0.69070209,0.92030361,0.95256167,0.03225806,0.94061383,0.93686375,-0.00375008,0.88736264,0.97802198,0.09065934,0.99386503,0.89570552,-0.09815951,0.99083968,0.98863387,-0.00220581,0.99599045,0.99443456,-0.00155589,0.10219960,0.03612067,0.06607893,0.36449347,0.11527671,0.24921677,0.24350002,0.00648981,0.23701022,0.24350002,0.00748464,0.23601538
toddler,adaboost,histbin,9,1054,0.69070209,0.92030361,0.95351044,0.03320683,0.94061383,0.93755056,-0.00306327,0.88736264,0.97939560,0.09203297,0.99386503,0.89570552,-0.09815951,0.99138323,0.98845058,-0.00293265,0.99624630,0.99431440,-0.00193190,0.10187285,0.03544382,0.06642902,0.36370974,0.11147424,0.25223551,0.24414024,0.00252107,0.24161916,0.24414024,0.01945334,0.22468690
toddler,adaboost,isotonic,0,1054,0.69070209,0.91935484,0.95635674,0.03700190,0.94077395,0.93961100,-0.00116295,0.88461538,0.98351648,0.09890110,0.99693252,0.89570552,-0.10122699,0.99165501,0.99178352,0.00012851,0.99639013,0.99616907,-0.00022106,0.10212187,0.03219178,0.06993009,0.36438469,0.10036502,0.26401967,0.24973510,0.01285957,0.23687553,0.24973510,0.01315918,0.23657592
toddler,adaboost,isotonic,1,1054,0.69070209,0.91840607,0.95730550,0.03889943,0.94008714,0.93945089,-0.00063625,0.88324176,0.98626374,0.10302198,0.99693252,0.89263804,-0.10429448,0.99200474,0.98992534,-0.00207940,0.99651555,0.99524811,-0.00126744,0.10181346,0.03261848,0.06919498,0.36364619,0.16423875,0.19940744,0.24790593,0.00601704,0.24188889,0.24790593,0.01410243,0.23380350
toddler,adaboost,isotonic,2,1054,0.69070209,0.91935484,0.95256167,0.03320683,0.93908009,0.93686375,-0.00221634,0.88736264,0.97802198,0.09065934,0.99079755,0.89570552,-0.09509202,0.99171821,0.98951662,-0.00220159,0.99636832,0.99359346,-0.00277485,0.10191953,0.03233693,0.06958260,0.36398761,0.16378887,0.20019874,0.24937026,0.00404960,0.24532066,0.24937026,0.01318368,0.23618658
toddler,adaboost,isotonic,3,1054,0.69070209,0.91461101,0.95540797,0.04079696,0.93564603,0.93553647,-0.00010955,0.88049451,0.98763736,0.10714286,0.99079755,0.88343558,-0.10736196,0.99115359,0.98876660,-0.00238699,0.99611687,0.99402827,-0.00208860,0.10217600,0.03515480,0.06702119,0.36445452,0.14231922,0.22213530,0.24594052,0.01224151,0.23369901,0.24594052,0.01830292,0.22763760
toddler,adaboost,isotonic,4,1054,0.69070209,0.92220114,0.95351044,0.03130930,0.94283439,0.93585670,-0.00697768,0.88873626,0.98214286,0.09340659,0.99693252,0.88957055,-0.10736196,0.99197103,0.98919849,-0.00277253,0.99647663,0.99422069,-0.00225594,0.10178703,0.03506462,0.06672241,0.36371218,0.13829017,0.22542201,0.25094421,0.01171914,0.23922507,0.25094421,0.01795054,0.23299367
toddler,adaboost,isotonic,5,1054,0.69070209,0.91555977,0.95445920,0.03889943,0.93548591,0.93569659,0.00021068,0.88324176,0.98489011,0.10164835,0.98773006,0.88650307,-0.10122699,0.99119573,0.98927644,-0.00191928,0.99615316,0.99408124,-0.00207192,0.10231085,0.03446133,0.06784952,0.36464666,0.13918791,0.22545875,0.24658012,0.01027784,0.23630228,0.24658012,0.01345821,0.23312191
toddler,adaboost,isotonic,6,1054,0.69070209,0.92125237,0.95540797,0.03415560,0.94214758,0.93553647,-0.00661110,0.88736264,0.98763736,0.10027473,0.99693252,0.88343558,-0.11349693,0.99250826,0.99014444,-0.00236382,0.99671450,0.99462734,-0.00208716,0.10135192,0.03181861,0.06953331,0.36274859,0.13081349,0.23193511,0.25016260,0.00523413,0.24492847,0.25016260,0.00869919,0.24146340
toddler,adaboost,isotonic,7,1054,0.69070209,0.92220114,0.95825427,0.03605313,0.94198746,0.93844384,-0.00354362,0.89010989,0.99038462,0.10027473,0.99386503,0.88650307,-0.10736196,0.99160234,0.98922377,-0.00237856,0.99632823,0.99420257,-0.00212566,0.10213513,0.03258131,0.06955382,0.36429320,0.16370874,0.20058446,0.24955452,0.00670180,0.24285272,0.24955452,0.02132460,0.22822992
toddler,adaboost,isotonic,8,1054,0.69070209,0.92030361,0.95351044,0.03320683,0.94061383,0.93670363,-0.00391020,0.88736264,0.98076923,0.09340659,0.99386503,0.89263804,-0.10122699,0.99083968,0.99094923,0.00010955,0.99599045,0.99574424,-0.00024621,0.10219960,0.03476928,0.06743032,0.36449347,0.10716186,0.25733161,0.24350002,0.01237092,0.23112910,0.24350002,0.01332682,0.23017320
toddler,adaboost,isotonic,9,1054,0.69070209,0.92030361,0.95635674,0.03605313,0.94061383,0.93876407,-0.00184976,0.88736264,0.98489011,0.09752747,0.99386503,0.89263804,-0.10122699,0.99138323,0.98975047,-0.00163276,0.99624630,0.99514164,-0.00110465,0.10187285,0.03391728,0.06795556,0.36370974,0.13880545,0.22490429,0.24414024,0.01084643,0.23329381,0.24414024,0.01736905,0.22677119
toddler,adaboost,beta,0,1054,0.69070209,0.91935484,0.95066414,0.03130930,0.94077395,0.93972477,-0.00104918,0.88461538,0.96840659,0.08379121,0.99693252,0.91104294,-0.08588957,0.99165501,0.99170979,0.00005478,0.99639013,0.99640521,0.00001508,0.10212187,0.03350611,0.06861576,0.36438469,0.10619766,0.25818702,0.24973510,0.01286444,0.23687066,0.24973510,0.02024432,0.22949078
toddler,adaboost,beta,1,1054,0.69070209,0.91840607,0.95351044,0.03510436,0.94008714,0.94347907,0.00339193,0.88324176,0.96978022,0.08653846,0.99693252,0.91717791,-0.07975460,0.99200474,0.99175613,-0.00024860,0.99651555,0.99640573,-0.00010981,0.10181346,0.03258894,0.06922452,0.36364619,0.10422418,0.25942201,0.24790593,0.01211975,0.23578618,0.24790593,0.01610018,0.23180575
toddler,adaboost,beta,2,1054,0.69070209,0.91935484,0.95445920,0.03510436,0.93908009,0.94247202,0.00339193,0.88736264,0.97390110,0.08653846,0.99079755,0.91104294,-0.07975460,0.99171821,0.99176878,0.00005056,0.99636832,0.99638378,0.00001546,0.10191953,0.03306645,0.06885308,0.36398761,0.10624604,0.25774157,0.24937026,0.01045340,0.23891686,0.24937026,0.01500187,0.23436839
toddler,adaboost,beta,3,1054,0.69070209,0.91461101,0.95256167,0.03795066,0.93564603,0.94194532,0.00629930,0.88049451,0.96978022,0.08928571,0.99079755,0.91411043,-0.07668712,0.99115359,0.99103561,-0.00011798,0.99611687,0.99606573,-0.00005114,0.10217600,0.03457370,0.06760229,0.36445452,0.11110985,0.25334467,0.24594052,0.01074321,0.23519732,0.24594052,0.01509716,0.23084336
toddler,adaboost,beta,4,1054,0.69070209,0.92220114,0.95256167,0.03036053,0.94283439,0.94448611,0.00165172,0.88873626,0.96565934,0.07692308,0.99693252,0.92331288,-0.07361963,0.99197103,0.99192046,-0.00005056,0.99647663,0.99646265,-0.00001398,0.10178703,0.03346175,0.06832529,0.36371218,0.10547702,0.25823516,0.25094421,0.01645604,0.23448817,0.25094421,0.01781430,0.23312991
toddler,adaboost,beta,5,1054,0.69070209,0.91555977,0.95066414,0.03510436,0.93548591,0.93972477,0.00423886,0.88324176,0.96840659,0.08516484,0.98773006,0.91104294,-0.07668712,0.99119573,0.99117466,-0.00002107,0.99615316,0.99614228,-0.00001088,0.10231085,0.03402428,0.06828657,0.36464666,0.10813382,0.25651284,0.24658012,0.01579849,0.23078163,0.24658012,0.02035426,0.22622586
toddler,adaboost,beta,6,1054,0.69070209,0.92125237,0.96015180,0.03889943,0.94214758,0.95167448,0.00952690,0.88736264,0.97390110,0.08653846,0.99693252,0.92944785,-0.06748466,0.99250826,0.99252511,0.00001685,0.99671450,0.99671711,0.00000261,0.10135192,0.03146632,0.06988561,0.36274859,0.10043192,0.26231667,0.25016260,0.01020168,0.23996092,0.25016260,0.02134770,0.22881490
toddler,adaboost,beta,7,1054,0.69070209,0.92220114,0.95540797,0.03320683,0.94198746,0.94485269,0.00286523,0.89010989,0.97252747,0.08241758,0.99386503,0.91717791,-0.07668712,0.99160234,0.99165290,0.00005056,0.99632823,0.99634572,0.00001748,0.10213513,0.03343535,0.06869978,0.36429320,0.10591947,0.25837373,0.24955452,0.01209024,0.23746428,0.24955452,0.01796717,0.23158735
toddler,adaboost,beta,8,1054,0.69070209,0.92030361,0.94212524,0.02182163,0.94061383,0.93100266,-0.00961117,0.88736264,0.96016484,0.07280220,0.99386503,0.90184049,-0.09202454,0.99083968,0.99064586,-0.00019382,0.99599045,0.99590766,-0.00008279,0.10219960,0.03608329,0.06611631,0.36449347,0.11262378,0.25186969,0.24350002,0.01820233,0.22529770,0.24350002,0.01969737,0.22380265
toddler,adaboost,beta,9,1054,0.69070209,0.92030361,0.94971537,0.02941176,0.94061383,0.93565024,-0.00496359,0.88736264,0.97252747,0.08516484,0.99386503,0.89877301,-0.09509202,0.99138323,0.99109250,-0.00029074,0.99624630,0.99612754,-0.00011876,0.10187285,0.03404273,0.06783012,0.36370974,0.10968178,0.25402796,0.24414024,0.01120239,0.23293785,0.24414024,0.01518465,0.22895559
toddler,mlp,platt,0,1054,0.69070209,0.98956357,0.99146110,0.00189753,0.99244505,0.99297175,0.00052670,0.98489011,0.98901099,0.00412088,1.00000000,0.99693252,-0.00306748,0.99981039,0.99964606,-0.00016433,0.99991560,0.99984741,-0.00006819,0.01370255,0.00674872,0.00695383,0.05841186,0.02413546,0.03427640,0.03870741,0.00681612,0.03189129,0.04005341,0.00760462,0.03244879
toddler,mlp,platt,1,1054,0.69070209,0.99051233,0.99240987,0.00189753,0.99313187,0.99281164,-0.00032023,0.98626374,0.99175824,0.00549451,1.00000000,0.99386503,-0.00613497,0.99985252,0.99985252,0.00000000,0.99993423,0.99993425,0.00000001,0.01223324,0.00489838,0.00733485,0.05463179,0.01467595,0.03995584,0.03723266,0.00620501,0.03102766,0.04070817,0.00620501,0.03450317
toddler,mlp,platt,2,1054,0.69070209,0.98956357,0.99335863,0.00379507,0.99244505,0.99349845,0.00105339,0.98489011,0.99313187,0.00824176,1.00000000,0.99386503,-0.00613497,0.99988623,0.99986938,-0.00001685,0.99994923,0.99994163,-0.00000760,0.01204576,0.00447674,0.00756902,0.05261059,0.01501423,0.03759636,0.03555451,0.00520501,0.03034950,0.03949231,0.00597268,0.03351963
toddler,mlp,platt,3,1054,0.69070209,0.98956357,0.99240987,0.00284630,0.99159813,0.99027085,-0.00132728,0.98626374,0.99587912,0.00961538,0.99693252,0.98466258,-0.01226994,0.99978511,0.99967134,-0.00011377,0.99990407,0.99985238,-0.00005169,0.01372245,0.00615338,0.00756908,0.05968569,0.02248102,0.03720467,0.04309546,0.00409891,0.03899655,0.04309546,0.00634599,0.03674947
toddler,mlp,platt,4,1054,0.69070209,0.98956357,0.99430740,0.00474383,0.99244505,0.99333833,0.00089328,0.98489011,0.99587912,0.01098901,1.00000000,0.99079755,-0.00920245,0.99985252,0.99957864,-0.00027388,0.99993488,0.99981554,-0.00011934,0.01229930,0.00513659,0.00716270,0.05351358,0.02213450,0.03137908,0.03888503,0.00439636,0.03448867,0.03888503,0.00583969,0.03304534
toddler,mlp,platt,5,1054,0.69070209,0.99335863,0.99620493,0.00284630,0.99434538,0.99386503,-0.00048035,0.99175824,1.00000000,0.00824176,0.99693252,0.98773006,-0.00920245,0.99992416,0.99983988,-0.00008427,0.99996611,0.99992727,-0.00003884,0.01119939,0.00370250,0.00749689,0.05054890,0.01523620,0.03531270,0.03857430,0.00592151,0.03265279,0.03857430,0.00652887,0.03204543
toddler,mlp,platt,6,1054,0.69070209,0.99051233,0.99240987,0.00189753,0.99143801,0.98942392,-0.00201409,0.98901099,0.99725275,0.00824176,0.99386503,0.98159509,-0.01226994,0.99978932,0.99975561,-0.00003371,0.99990562,0.99989040,-0.00001522,0.01431816,0.00583542,0.00848275,0.06188309,0.02053355,0.04134954,0.04343545,0.00441395,0.03902150,0.04450713,0.00488729,0.03961984
toddler,mlp,platt,7,1054,0.69070209,0.97722960,0.98671727,0.00948767,0.98266955,0.98784383,0.00517427,0.96840659,0.98489011,0.01648352,0.99693252,0.99079755,-0.00613497,0.99954493,0.99953229,-0.00001264,0.99979756,0.99979226,-0.00000529,0.01919701,0.00844510,0.01075191,0.07544595,0.02805428,0.04739167,0.04749817,0.00482582,0.04267236,0.04958230,0.00678995,0.04279235
toddler,mlp,platt,8,1054,0.69070209,0.99051233,0.99240987,0.00189753,0.99313187,0.99281164,-0.00032023,0.98626374,0.99175824,0.00549451,1.00000000,0.99386503,-0.00613497,0.99993680,0.99992416,-0.00001264,0.99997174,0.99996606,-0.00000567,0.01314080,0.00443546,0.00870533,0.05789778,0.01644492,0.04145287,0.03923166,0.00834880,0.03088286,0.04492483,0.00983214,0.03509269
toddler,mlp,platt,9,1054,0.69070209,0.99051233,0.99430740,0.00379507,0.99313187,0.99418526,0.00105339,0.98626374,0.99450549,0.00824176,1.00000000,0.99386503,-0.00613497,0.99981039,0.99981460,0.00000421,0.99991614,0.99991791,0.00000177,0.01287336,0.00494191,0.00793145,0.05506116,0.01746451,0.03759665,0.03695652,0.00391762,0.03303890,0.03711663,0.00682260,0.03029403
toddler,mlp,temperature,0,1054,0.69070209,0.98956357,0.98956357,0.00000000,0.99244505,0.99244505,0.00000000,0.98489011,0.98489011,0.00000000,1.00000000,1.00000000,0.00000000,0.99981039,0.99969241,-0.00011798,0.99991560,0.99986665,-0.00004895,0.01370255,0.00919000,0.00451255,0.05841186,0.03200929,0.02640258,0.03870741,0.01339620,0.02531120,0.04005341,0.01339620,0.02665721
toddler,mlp,temperature,1,1054,0.69070209,0.99051233,0.99051233,0.00000000,0.99313187,0.99313187,0.00000000,0.98626374,0.98626374,0.00000000,1.00000000,1.00000000,0.00000000,0.99985252,0.99985252,0.00000000,0.99993423,0.99993425,0.00000001,0.01223324,0.00727489,0.00495834,0.05463179,0.02416426,0.03046753,0.03723266,0.01108606,0.02614661,0.04070817,0.01111664,0.02959153
toddler,mlp,temperature,2,1054,0.69070209,0.98956357,0.98956357,0.00000000,0.99244505,0.99244505,0.00000000,0.98489011,0.98489011,0.00000000,1.00000000,1.00000000,0.00000000,0.99988623,0.99986938,-0.00001685,0.99994923,0.99994171,-0.00000752,0.01204576,0.00744475,0.00460101,0.05261059,0.02435952,0.02825107,0.03555451,0.01216467,0.02338983,0.03949231,0.01336472,0.02612759
toddler,mlp,temperature,3,1054,0.69070209,0.98956357,0.98956357,0.00000000,0.99159813,0.99159813,0.00000000,0.98626374,0.98626374,0.00000000,0.99693252,0.99693252,0.00000000,0.99978511,0.99979353,0.00000843,0.99990407,0.99990811,0.00000404,0.01372245,0.00748858,0.00623387,0.05968569,0.02536379,0.03432189,0.04309546,0.01011337,0.03298209,0.04309546,0.01041163,0.03268383
toddler,mlp,temperature,4,1054,0.69070209,0.98956357,0.98956357,0.00000000,0.99244505,0.99244505,0.00000000,0.98489011,0.98489011,0.00000000,1.00000000,1.00000000,0.00000000,0.99985252,0.99978511,-0.00006742,0.99993488,0.99990641,-0.00002847,0.01229930,0.00666128,0.00563802,0.05351358,0.02495662,0.02855696,0.03888503,0.01096357,0.02792146,0.03888503,0.01141393,0.02747110
toddler,mlp,temperature,5,1054,0.69070209,0.99335863,0.99335863,0.00000000,0.99434538,0.99434538,0.00000000,0.99175824,0.99175824,0.00000000,0.99693252,0.99693252,0.00000000,0.99992416,0.99993258,0.00000843,0.99996611,0.99996981,0.00000370,0.01119939,0.00590226,0.00529713,0.05054890,0.02248717,0.02806173,0.03857430,0.01442643,0.02414787,0.03857430,0.01442643,0.02414787
toddler,mlp,temperature,6,1054,0.69070209,0.99051233,0.99051233,0.00000000,0.99143801,0.99143801,0.00000000,0.98901099,0.98901099,0.00000000,0.99386503,0.99386503,0.00000000,0.99978932,0.99978089,-0.00000843,0.99990562,0.99990197,-0.00000365,0.01431816,0.00854758,0.00577059,0.06188309,0.02932764,0.03255545,0.04343545,0.01371275,0.02972270,0.04450713,0.01406009,0.03044704
toddler,mlp,temperature,7,1054,0.69070209,0.97722960,0.97722960,0.00000000,0.98266955,0.98266955,0.00000000,0.96840659,0.96840659,0.00000000,0.99693252,0.99693252,0.00000000,0.99954493,0.99947752,-0.00006742,0.99979756,0.99976921,-0.00002834,0.01919701,0.01589151,0.00330551,0.07544595,0.05144360,0.02400235,0.04749817,0.02392094,0.02357724,0.04958230,0.02392094,0.02566136
toddler,mlp,temperature,8,1054,0.69070209,0.99051233,0.99051233,0.00000000,0.99313187,0.99313187,0.00000000,0.98626374,0.98626374,0.00000000,1.00000000,1.00000000,0.00000000,0.99993680,0.99992416,-0.00001264,0.99997174,0.99996608,-0.00000566,0.01314080,0.00819236,0.00494844,0.05789778,0.02856309,0.02933470,0.03923166,0.01475203,0.02447963,0.04492483,0.01827499,0.02664984
toddler,mlp,temperature,9,1054,0.69070209,0.99051233,0.99051233,0.00000000,0.99313187,0.99313187,0.00000000,0.98626374,0.98626374,0.00000000,1.00000000,1.00000000,0.00000000,0.99981039,0.99981460,0.00000421,0.99991614,0.99991803,0.00000189,0.01287336,0.00788799,0.00498537,0.05506116,0.02836985,0.02669131,0.03695652,0.01326615,0.02369036,0.03711663,0.01326615,0.02385047
toddler,mlp,histbin,0,1054,0.69070209,0.98956357,0.99146110,0.00189753,0.99244505,0.99297175,0.00052670,0.98489011,0.98901099,0.00412088,1.00000000,0.99693252,-0.00306748,0.99981039,0.99907512,-0.00073527,0.99991560,0.99947035,-0.00044525,0.01370255,0.00723022,0.00647233,0.05841186,0.05399784,0.00441403,0.03870741,0.00659513,0.03211228,0.04005341,0.00798947,0.03206395
toddler,mlp,histbin,1,1054,0.69070209,0.99051233,0.99240987,0.00189753,0.99313187,0.99196471,-0.00116716,0.98626374,0.99313187,0.00686813,1.00000000,0.99079755,-0.00920245,0.99985252,0.99983988,-0.00001264,0.99993423,0.99991951,-0.00001472,0.01223324,0.00484219,0.00739105,0.05463179,0.01503331,0.03959848,0.03723266,0.00237793,0.03485473,0.04070817,0.00569742,0.03501075
toddler,mlp,histbin,2,1054,0.69070209,0.98956357,0.99240987,0.00284630,0.99244505,0.99196471,-0.00048035,0.98489011,0.99313187,0.00824176,1.00000000,0.99079755,-0.00920245,0.99988623,0.99985885,-0.00002739,0.99994923,0.99991713,-0.00003209,0.01204576,0.00541229,0.00663347,0.05261059,0.01742148,0.03518911,0.03555451,0.00588653,0.02966798,0.03949231,0.00588653,0.03360578
toddler,mlp,histbin,3,1054,0.69070209,0.98956357,0.99051233,0.00094877,0.99159813,0.98720336,-0.00439476,0.98626374,0.99587912,0.00961538,0.99693252,0.97852761,-0.01840491,0.99978511,0.99815867,-0.00162644,0.99990407,0.99844857,-0.00145551,0.01372245,0.00728227,0.00644018,0.05968569,0.05446106,0.00522463,0.04309546,0.00481700,0.03827846,0.04309546,0.00640592,0.03668954
toddler,mlp,histbin,4,1054,0.69070209,0.98956357,0.99335863,0.00379507,0.99244505,0.99095766,-0.00148739,0.98489011,0.99725275,0.01236264,1.00000000,0.98466258,-0.01533742,0.99985252,0.99599921,-0.00385332,0.99993488,0.99675025,-0.00318463,0.01229930,0.00571564,0.00658365,0.05351358,0.11246366,-0.05895008,0.03888503,0.00279555,0.03608948,0.03888503,0.00492429,0.03396075
toddler,mlp,histbin,5,1054,0.69070209,0.99335863,0.99715370,0.00379507,0.99434538,0.99539877,0.00105339,0.99175824,1.00000000,0.00824176,0.99693252,0.99079755,-0.00613497,0.99992416,0.99839252,-0.00153164,0.99996611,0.99856944,-0.00139668,0.01119939,0.00371989,0.00747950,0.05054890,0.04588141,0.00466748,0.03857430,0.00654098,0.03203332,0.03857430,0.00745646,0.03111784
toddler,mlp,histbin,6,1054,0.69070209,0.99051233,0.99240987,0.00189753,0.99143801,0.99027085,-0.00116716,0.98901099,0.99587912,0.00686813,0.99386503,0.98466258,-0.00920245,0.99978932,0.99970505,-0.00008427,0.99990562,0.99984383,-0.00006179,0.01431816,0.00584809,0.00847008,0.06188309,0.02122774,0.04065535,0.04343545,0.00585886,0.03757660,0.04450713,0.00712675,0.03738038
toddler,mlp,histbin,7,1054,0.69070209,0.97722960,0.99146110,0.01423150,0.98266955,0.99043096,0.00776141,0.96840659,0.99313187,0.02472527,0.99693252,0.98773006,-0.00920245,0.99954493,0.99883705,-0.00070788,0.99979756,0.99936743,-0.00043013,0.01919701,0.00805689,0.01114012,0.07544595,0.05798530,0.01746065,0.04749817,0.00492936,0.04256881,0.04958230,0.00708252,0.04249978
toddler,mlp,histbin,8,1054,0.69070209,0.99051233,0.99525617,0.00474383,0.99313187,0.99402515,0.00089328,0.98626374,0.99725275,0.01098901,1.00000000,0.99079755,-0.00920245,0.99993680,0.99907301,-0.00086378,0.99997174,0.99949840,-0.00047334,0.01314080,0.00487590,0.00826489,0.05789778,0.04936089,0.00853690,0.03923166,0.00461992,0.03461174,0.04492483,0.00462562,0.04029921
toddler,mlp,histbin,9,1054,0.69070209,0.99051233,0.99240987,0.00189753,0.99313187,0.99281164,-0.00032023,0.98626374,0.99175824,0.00549451,1.00000000,0.99386503,-0.00613497,0.99981039,0.99975140,-0.00005899,0.99991614,0.99987875,-0.00003740,0.01287336,0.00591022,0.00696313,0.05506116,0.01853899,0.03652218,0.03695652,0.00425725,0.03269927,0.03711663,0.00502992,0.03208671
toddler,mlp,isotonic,0,1054,0.69070209,0.98956357,0.99240987,0.00284630,0.99244505,0.99281164,0.00036658,0.98489011,0.99175824,0.00686813,1.00000000,0.99386503,-0.00613497,0.99981039,0.99916150,-0.00064889,0.99991560,0.99951108,-0.00040452,0.01370255,0.00634526,0.00735729,0.05841186,0.05077109,0.00764077,0.03870741,0.00722318,0.03148423,0.04005341,0.00722318,0.03283023
toddler,mlp,isotonic,1,1054,0.69070209,0.99051233,0.99146110,0.00094877,0.99313187,0.99127789,-0.00185397,0.98626374,0.99175824,0.00549451,1.00000000,0.99079755,-0.00920245,0.99985252,0.99984410,-0.00000843,0.99993423,0.99992307,-0.00001117,0.01223324,0.00503242,0.00720082,0.05463179,0.01431854,0.04031326,0.03723266,0.00436806,0.03286461,0.04070817,0.00468639,0.03602178
toddler,mlp,isotonic,2,1054,0.69070209,0.98956357,0.99430740,0.00474383,0.99244505,0.99333833,0.00089328,0.98489011,0.99587912,0.01098901,1.00000000,0.99079755,-0.00920245,0.99988623,0.99990098,0.00001475,0.99994923,0.99994916,-0.00000007,0.01204576,0.00417889,0.00786687,0.05261059,0.01390488,0.03870570,0.03555451,0.00390462,0.03164988,0.03949231,0.00516964,0.03432267
toddler,mlp,isotonic,3,1054,0.69070209,0.98956357,0.99051233,0.00094877,0.99159813,0.98550951,-0.00608862,0.98626374,0.99862637,0.01236264,0.99693252,0.97239264,-0.02453988,0.99978511,0.99666917,-0.00311594,0.99990407,0.99709973,-0.00280434,0.01372245,0.00699050,0.00673195,0.05968569,0.08489603,-0.02521034,0.04309546,0.00550006,0.03759540,0.04309546,0.00880142,0.03429404
toddler,mlp,isotonic,4,1054,0.69070209,0.98956357,0.99430740,0.00474383,0.99244505,0.99333833,0.00089328,0.98489011,0.99587912,0.01098901,1.00000000,0.99079755,-0.00920245,0.99985252,0.99610876,-0.00374376,0.99993488,0.99676160,-0.00317328,0.01229930,0.00523307,0.00706622,0.05351358,0.11141634,-0.05790276,0.03888503,0.00403501,0.03485002,0.03888503,0.00850328,0.03038175
toddler,mlp,isotonic,5,1054,0.69070209,0.99335863,0.99715370,0.00379507,0.99434538,0.99539877,0.00105339,0.99175824,1.00000000,0.00824176,0.99693252,0.99079755,-0.00613497,0.99992416,0.99839673,-0.00152742,0.99996611,0.99857900,-0.00138712,0.01119939,0.00372502,0.00747436,0.05054890,0.04513393,0.00541496,0.03857430,0.00627379,0.03230051,0.03857430,0.00627379,0.03230051
toddler,mlp,isotonic,6,1054,0.69070209,0.99051233,0.99240987,0.00189753,0.99143801,0.98942392,-0.00201409,0.98901099,0.99725275,0.00824176,0.99386503,0.98159509,-0.01226994,0.99978932,0.99962710,-0.00016222,0.99990562,0.99981021,-0.00009542,0.01431816,0.00667230,0.00764586,0.06188309,0.02273336,0.03914973,0.04343545,0.00428217,0.03915329,0.04450713,0.00585611,0.03865102
toddler,mlp,isotonic,7,1054,0.69070209,0.97722960,0.99051233,0.01328273,0.98266955,0.99059108,0.00792153,0.96840659,0.99038462,0.02197802,0.99693252,0.99079755,-0.00613497,0.99954493,0.99592126,-0.00362368,0.99979756,0.99664403,-0.00315352,0.01919701,0.00874506,0.01045195,0.07544595,0.12099490,-0.04554894,0.04749817,0.00595912,0.04153905,0.04958230,0.00897692,0.04060538
toddler,mlp,isotonic,8,1054,0.69070209,0.99051233,0.99335863,0.00284630,0.99313187,0.99434538,0.00121351,0.98626374,0.99175824,0.00549451,1.00000000,0.99693252,-0.00306748,0.99993680,0.99989255,-0.00004424,0.99997174,0.99994226,-0.00002947,0.01314080,0.00408139,0.00905941,0.05789778,0.01462307,0.04327471,0.03923166,0.00548937,0.03374229,0.04492483,0.00675439,0.03817044
toddler,mlp,isotonic,9,1054,0.69070209,0.99051233,0.99335863,0.00284630,0.99313187,0.99349845,0.00036658,0.98626374,0.99313187,0.00686813,1.00000000,0.99386503,-0.00613497,0.99981039,0.99912147,-0.00068892,0.99991614,0.99949833,-0.00041782,0.01287336,0.00584184,0.00703152,0.05506116,0.04990682,0.00515434,0.03695652,0.00461378,0.03234274,0.03711663,0.00636953,0.03074710
toddler,mlp,beta,0,1054,0.69070209,0.98956357,0.99146110,0.00189753,0.99244505,0.99297175,0.00052670,0.98489011,0.98901099,0.00412088,1.00000000,0.99693252,-0.00306748,0.99981039,0.99965449,-0.00015590,0.99991560,0.99985096,-0.00006464,0.01370255,0.00671192,0.00699063,0.05841186,0.02407629,0.03433557,0.03870741,0.00673734,0.03197007,0.04005341,0.00757115,0.03248227
toddler,mlp,beta,1,1054,0.69070209,0.99051233,0.99335863,0.00284630,0.99313187,0.99434538,0.00121351,0.98626374,0.99175824,0.00549451,1.00000000,0.99693252,-0.00306748,0.99985252,0.99985252,0.00000000,0.99993423,0.99993423,-0.00000001,0.01223324,0.00485348,0.00737975,0.05463179,0.01460146,0.04003033,0.03723266,0.00616434,0.03106833,0.04070817,0.00699451,0.03371367
toddler,mlp,beta,2,1054,0.69070209,0.98956357,0.99335863,0.00379507,0.99244505,0.99349845,0.00105339,0.98489011,0.99313187,0.00824176,1.00000000,0.99386503,-0.00613497,0.99988623,0.99986938,-0.00001685,0.99994923,0.99994167,-0.00000756,0.01204576,0.00453606,0.00750970,0.05261059,0.01522839,0.03738219,0.03555451,0.00524075,0.03031375,0.03949231,0.00608708,0.03340523
toddler,mlp,beta,3,1054,0.69070209,0.98956357,0.99146110,0.00189753,0.99159813,0.98873711,-0.00286102,0.98626374,0.99587912,0.00961538,0.99693252,0.98159509,-0.01533742,0.99978511,0.99967555,-0.00010955,0.99990407,0.99985434,-0.00004973,0.01372245,0.00616410,0.00755835,0.05968569,0.02238245,0.03730324,0.04309546,0.00418847,0.03890699,0.04309546,0.00643896,0.03665650
toddler,mlp,beta,4,1054,0.69070209,0.98956357,0.99525617,0.00569260,0.99244505,0.99487208,0.00242702,0.98489011,0.99587912,0.01098901,1.00000000,0.99386503,-0.00613497,0.99985252,0.99958286,-0.00026967,0.99993488,0.99981922,-0.00011566,0.01229930,0.00493467,0.00736462,0.05351358,0.02150036,0.03201322,0.03888503,0.00309882,0.03578621,0.03888503,0.00436455,0.03452048
toddler,mlp,beta,5,1054,0.69070209,0.99335863,0.99715370,0.00379507,0.99434538,0.99539877,0.00105339,0.99175824,1.00000000,0.00824176,0.99693252,0.99079755,-0.00613497,0.99992416,0.99984831,-0.00007584,0.99996611,0.99993112,-0.00003500,0.01119939,0.00357576,0.00762363,0.05054890,0.01480761,0.03574129,0.03857430,0.00567307,0.03290123,0.03857430,0.00775351,0.03082079
toddler,mlp,beta,6,1054,0.69070209,0.99051233,0.99335863,0.00284630,0.99143801,0.99095766,-0.00048035,0.98901099,0.99725275,0.00824176,0.99386503,0.98466258,-0.00920245,0.99978932,0.99975140,-0.00003792,0.99990562,0.99988845,-0.00001717,0.01431816,0.00573694,0.00858122,0.06188309,0.02030818,0.04157490,0.04343545,0.00401611,0.03941935,0.04450713,0.00544677,0.03906036
toddler,mlp,beta,7,1054,0.69070209,0.97722960,0.98861480,0.01138520,0.98266955,0.98921745,0.00654790,0.96840659,0.98763736,0.01923077,0.99693252,0.99079755,-0.00613497,0.99954493,0.99949437,-0.00005056,0.99979756,0.99977708,-0.00002048,0.01919701,0.00822100,0.01097601,0.07544595,0.02790481,0.04754114,0.04749817,0.00430386,0.04319431,0.04958230,0.00643277,0.04314953
toddler,mlp,beta,8,1054,0.69070209,0.99051233,0.99146110,0.00094877,0.99313187,0.99212482,-0.00100705,0.98626374,0.99038462,0.00412088,1.00000000,0.99386503,-0.00613497,0.99993680,0.99991573,-0.00002107,0.99997174,0.99996233,-0.00000941,0.01314080,0.00447710,0.00866370,0.05789778,0.01630070,0.04159709,0.03923166,0.00943491,0.02979675,0.04492483,0.01075258,0.03417226
toddler,mlp,beta,9,1054,0.69070209,0.99051233,0.99430740,0.00379507,0.99313187,0.99418526,0.00105339,0.98626374,0.99450549,0.00824176,1.00000000,0.99386503,-0.00613497,0.99981039,0.99981039,0.00000000,0.99991614,0.99991614,0.00000000,0.01287336,0.00508971,0.00778365,0.05506116,0.01795234,0.03710883,0.03695652,0.00267776,0.03427876,0.03711663,0.00466373,0.03245290
child,logreg,platt,0,290,0.48275862,0.98620690,0.99655172,0.01034483,0.98666667,0.99666667,0.01000000,1.00000000,1.00000000,0.00000000,0.97333333,0.99333333,0.02000000,1.00000000,1.00000000,0.00000000,1.00000000,1.00000000,0.00000000,0.01580546,0.00383145,0.01197402,0.07333417,0.01110744,0.06222673,0.06267400,0.00654459,0.05612942,0.06267400,0.00700509,0.05566891
child,logreg,platt,1,290,0.48275862,0.98965517,0.99310345,0.00344828,0.99000000,0.99333333,0.00333333,1.00000000,1.00000000,0.00000000,0.98000000,0.98666667,0.00666667,1.00000000,0.99995238,-0.00004762,1.00000000,0.99994934,-0.00005066,0.01611137,0.00447625,0.01163512,0.07437305,0.01393297,0.06044007,0.06361603,0.00665947,0.05695656,0.06361603,0.00707264,0.05654339
child,logreg,platt,2,290,0.48275862,0.99310345,1.00000000,0.00689655,0.99333333,1.00000000,0.00666667,1.00000000,1.00000000,0.00000000,0.98666667,1.00000000,0.01333333,1.00000000,1.00000000,0.00000000,1.00000000,1.00000000,0.00000000,0.01485048,0.00024392,0.01460656,0.07146241,0.00197922,0.06948319,0.06193378,0.00183770,0.06009608,0.06193378,0.00183770,0.06009608
child,logreg,platt,3,290,0.48275862,0.99310345,0.99655172,0.00344828,0.99333333,0.99666667,0.00333333,1.00000000,1.00000000,0.00000000,0.98666667,0.99333333,0.00666667,0.99990476,0.99995238,0.00004762,0.99989832,0.99994934,0.00005102,0.01764655,0.00308784,0.01455871,0.07862148,0.01328915,0.06533233,0.06079568,0.00634222,0.05445347,0.06079568,0.00821300,0.05258269
child,logreg,platt,4,290,0.48275862,0.99310345,0.99310345,0.00000000,0.99333333,0.99309524,-0.00023810,1.00000000,0.99285714,-0.00714286,0.98666667,0.99333333,0.00666667,0.99985714,0.99885714,-0.00100000,0.99984838,0.99868301,-0.00116536,0.01701472,0.00652838,0.01048634,0.07668748,0.04623694,0.03045054,0.05776013,0.00490877,0.05285137,0.05776013,0.00706277,0.05069736
child,logreg,platt,5,290,0.48275862,1.00000000,1.00000000,0.00000000,1.00000000,1.00000000,0.00000000,1.00000000,1.00000000,0.00000000,1.00000000,1.00000000,0.00000000,1.00000000,1.00000000,0.00000000,1.00000000,1.00000000,-0.00000000,0.01528736,0.00128552,0.01400184,0.07320990,0.00692529,0.06628461,0.06348869,0.00610974,0.05737895,0.06348869,0.00610974,0.05737895
child,logreg,platt,6,290,0.48275862,0.99655172,0.99310345,-0.00344828,0.99666667,0.99285714,-0.00380952,1.00000000,0.98571429,-0.01428571,0.99333333,1.00000000,0.00666667,1.00000000,0.99990476,-0.00009524,1.00000000,0.99989832,-0.00010168,0.01361479,0.00386824,0.00974655,0.06824273,0.01053947,0.05770326,0.05594949,0.00399062,0.05195887,0.05594949,0.00399062,0.05195887
child,logreg,platt,7,290,0.48275862,0.98965517,0.99310345,0.00344828,0.99000000,0.99333333,0.00333333,1.00000000,1.00000000,0.00000000,0.98000000,0.98666667,0.00666667,0.99961905,0.99680952,-0.00280952,0.99959214,0.99615991,-0.00343223,0.01574646,0.00758308,0.00816339,0.07320144,0.11165462,-0.03845318,0.05331117,0.00760354,0.04570763,0.05331117,0.00760354,0.04570763
child,logreg,platt,8,290,0.48275862,0.99655172,0.99310345,-0.00344828,0.99666667,0.99309524,-0.00357143,1.00000000,0.99285714,-0.00714286,0.99333333,0.99333333,0.00000000,0.99985714,0.99990476,0.00004762,0.99984693,0.99989832,0.00005139,0.01651621,0.00470449,0.01181171,0.07548152,0.01621444,0.05926708,0.05393478,0.00725717,0.04667760,0.06171823,0.00725717,0.05446105
child,logreg,platt,9,290,0.48275862,0.99310345,0.99655172,0.00344828,0.99333333,0.99666667,0.00333333,1.00000000,1.00000000,0.00000000,0.98666667,0.99333333,0.00666667,1.00000000,0.99985714,-0.00014286,1.00000000,0.99984693,-0.00015307,0.01656031,0.00335335,0.01320696,0.07565562,0.01384876,0.06180687,0.06033919,0.00233688,0.05800231,0.06033919,0.00309119,0.05724800
child,logreg,temperature,0,290,0.48275862,0.98620690,0.98620690,0.00000000,0.98666667,0.98666667,0.00000000,1.00000000,1.00000000,0.00000000,0.97333333,0.97333333,0.00000000,1.00000000,1.00000000,0.00000000,1.00000000,1.00000000,0.00000000,0.01580546,0.00836040,0.00744506,0.07333417,0.02317129,0.05016287,0.06267400,0.01219707,0.05047694,0.06267400,0.01274500,0.04992900
child,logreg,temperature,1,290,0.48275862,0.98965517,0.98965517,0.00000000,0.99000000,0.99000000,0.00000000,1.00000000,1.00000000,0.00000000,0.98000000,0.98000000,0.00000000,1.00000000,0.99995238,-0.00004762,1.00000000,0.99994934,-0.00005066,0.01611137,0.00755814,0.00855323,0.07437305,0.02383536,0.05053769,0.06361603,0.01169005,0.05192598,0.06361603,0.01169005,0.05192598
child,logreg,temperature,2,290,0.48275862,0.99310345,0.99310345,0.00000000,0.99333333,0.99333333,0.00000000,1.00000000,1.00000000,0.00000000,0.98666667,0.98666667,0.00000000,1.00000000,1.00000000,0.00000000,1.00000000,1.00000000,0.00000000,0.01485048,0.00264228,0.01220819,0.07146241,0.00896044,0.06250197,0.06193378,0.00669731,0.05523648,0.06193378,0.00669731,0.05523648
child,logreg,temperature,3,290,0.48275862,0.99310345,0.99310345,0.00000000,0.99333333,0.99333333,0.00000000,1.00000000,1.00000000,0.00000000,0.98666667,0.98666667,0.00000000,0.99990476,0.99995238,0.00004762,0.99989832,0.99994934,0.00005102,0.01764655,0.00431771,0.01332884,0.07862148,0.01709916,0.06152233,0.06079568,0.01133340,0.04946228,0.06079568,0.01133340,0.04946228
child,logreg,temperature,4,290,0.48275862,0.99310345,0.99310345,0.00000000,0.99333333,0.99333333,0.00000000,1.00000000,1.00000000,0.00000000,0.98666667,0.98666667,0.00000000,0.99985714,0.99866667,-0.00119048,0.99984838,0.99843774,-0.00141063,0.01701472,0.00603829,0.01097642,0.07668748,0.04211128,0.03457620,0.05776013,0.00932000,0.04844013,0.05776013,0.00932000,0.04844013
child,logreg,temperature,5,290,0.48275862,1.00000000,1.00000000,0.00000000,1.00000000,1.00000000,0.00000000,1.00000000,1.00000000,0.00000000,1.00000000,1.00000000,0.00000000,1.00000000,1.00000000,0.00000000,1.00000000,1.00000000,0.00000000,0.01528736,0.00163967,0.01364769,0.07320990,0.00858619,0.06462371,0.06348869,0.00750432,0.05598438,0.06348869,0.00750432,0.05598438
child,logreg,temperature,6,290,0.48275862,0.99655172,0.99655172,0.00000000,0.99666667,0.99666667,0.00000000,1.00000000,1.00000000,0.00000000,0.99333333,0.99333333,0.00000000,1.00000000,1.00000000,0.00000000,1.00000000,1.00000000,-0.00000000,0.01361479,0.00201502,0.01159978,0.06824273,0.00866882,0.05957391,0.05594949,0.00377298,0.05217652,0.05594949,0.00704949,0.04890000
child,logreg,temperature,7,290,0.48275862,0.98965517,0.98965517,0.00000000,0.99000000,0.99000000,0.00000000,1.00000000,1.00000000,0.00000000,0.98000000,0.98000000,0.00000000,0.99961905,0.99819048,-0.00142857,0.99959214,0.99794443,-0.00164771,0.01574646,0.00804244,0.00770402,0.07320144,0.06081911,0.01238234,0.05331117,0.00860114,0.04471004,0.05331117,0.00860114,0.04471004
child,logreg,temperature,8,290,0.48275862,0.99655172,0.99655172,0.00000000,0.99666667,0.99666667,0.00000000,1.00000000,1.00000000,0.00000000,0.99333333,0.99333333,0.00000000,0.99985714,0.99990476,0.00004762,0.99984693,0.99989832,0.00005139,0.01651621,0.00457626,0.01193995,0.07548152,0.01671409,0.05876743,0.05393478,0.00773005,0.04620472,0.06171823,0.00773005,0.05398817
child,logreg,temperature,9,290,0.48275862,0.99310345,0.99310345,0.00000000,0.99333333,0.99333333,0.00000000,1.00000000,1.00000000,0.00000000,0.98666667,0.98666667,0.00000000,1.00000000,0.99909524,-0.00090476,1.00000000,0.99897009,-0.00102991,0.01656031,0.00508677,0.01147354,0.07565562,0.04349616,0.03215946,0.06033919,0.00735424,0.05298495,0.06033919,0.00735424,0.05298495
child,logreg,histbin,0,290,0.48275862,0.98620690,0.99655172,0.01034483,0.98666667,0.99666667,0.01000000,1.00000000,1.00000000,0.00000000,0.97333333,0.99333333,0.02000000,1.00000000,1.00000000,0.00000000,1.00000000,1.00000000,0.00000000,0.01580546,0.00222701,0.01357845,0.07333417,0.00757664,0.06575753,0.06267400,0.00603448,0.05663952,0.06267400,0.00603448,0.05663952
child,logreg,histbin,1,290,0.48275862,0.98965517,0.98965517,0.00000000,0.99000000,0.99000000,0.00000000,1.00000000,1.00000000,0.00000000,0.98000000,0.98000000,0.00000000,1.00000000,1.00000000,0.00000000,1.00000000,1.00000000,0.00000000,0.01611137,0.00362835,0.01248302,0.07437305,0.01150572,0.06286733,0.06361603,0.00885057,0.05476546,0.06361603,0.00885057,0.05476546
child,logreg,histbin,2,290,0.48275862,0.99310345,0.99310345,0.00000000,0.99333333,0.99333333,0.00000000,1.00000000,1.00000000,0.00000000,0.98666667,0.98666667,0.00000000,1.00000000,1.00000000,0.00000000,1.00000000,1.00000000,0.00000000,0.01485048,0.00185185,0.01299862,0.07146241,0.00599877,0.06546364,0.06193378,0.00459770,0.05733608,0.06193378,0.00459770,0.05733608
child,logreg,histbin,3,290,0.48275862,0.99310345,0.99655172,0.00344828,0.99333333,0.99666667,0.00333333,1.00000000,1.00000000,0.00000000,0.98666667,0.99333333,0.00666667,0.99990476,0.99997619,0.00007143,0.99989832,0.99994934,0.00005102,0.01764655,0.00500838,0.01263817,0.07862148,0.01880018,0.05982130,0.06079568,0.01117816,0.04961752,0.06079568,0.01117816,0.04961752
child,logreg,histbin,4,290,0.48275862,0.99310345,0.99310345,0.00000000,0.99333333,0.99309524,-0.00023810,1.00000000,0.99285714,-0.00714286,0.98666667,0.99333333,0.00666667,0.99985714,0.99307143,-0.00678571,0.99984838,0.98916293,-0.01068545,0.01701472,0.00695043,0.01006429,0.07668748,0.24903737,-0.17234990,0.05776013,0.00646552,0.05129462,0.05776013,0.00732759,0.05043255
child,logreg,histbin,5,290,0.48275862,1.00000000,1.00000000,0.00000000,1.00000000,1.00000000,0.00000000,1.00000000,1.00000000,0.00000000,1.00000000,1.00000000,0.00000000,1.00000000,1.00000000,0.00000000,1.00000000,1.00000000,0.00000000,0.01528736,0.00161076,0.01367660,0.07320990,0.00627706,0.06693284,0.06348869,0.00525452,0.05823418,0.06348869,0.00525452,0.05823418
child,logreg,histbin,6,290,0.48275862,0.99655172,1.00000000,0.00344828,0.99666667,1.00000000,0.00333333,1.00000000,1.00000000,0.00000000,0.99333333,1.00000000,0.00666667,1.00000000,1.00000000,0.00000000,1.00000000,1.00000000,0.00000000,0.01361479,0.00220307,0.01141173,0.06824273,0.00680718,0.06143556,0.05594949,0.00517241,0.05077708,0.05594949,0.00517241,0.05077708
child,logreg,histbin,7,290,0.48275862,0.98965517,0.98965517,0.00000000,0.99000000,0.99000000,0.00000000,1.00000000,1.00000000,0.00000000,0.98000000,0.98000000,0.00000000,0.99961905,0.99323810,-0.00638095,0.99959214,0.98571716,-0.01387498,0.01574646,0.00788633,0.00786013,0.07320144,0.25218553,-0.17898408,0.05331117,0.00823755,0.04507363,0.05331117,0.00977011,0.04354106
child,logreg,histbin,8,290,0.48275862,0.99655172,0.98965517,-0.00689655,0.99666667,0.98952381,-0.00714286,1.00000000,0.98571429,-0.01428571,0.99333333,0.99333333,0.00000000,0.99985714,0.98933333,-0.01052381,0.99984693,0.98551937,-0.01432757,0.01651621,0.01085441,0.00566180,0.07548152,0.37580246,-0.30032094,0.05393478,0.01183908,0.04209570,0.06171823,0.01298851,0.04872972
child,logreg,histbin,9,290,0.48275862,0.99310345,0.99655172,0.00344828,0.99333333,0.99666667,0.00333333,1.00000000,1.00000000,0.00000000,0.98666667,0.99333333,0.00666667,1.00000000,0.99659524,-0.00340476,1.00000000,0.99275693,-0.00724307,0.01656031,0.00364742,0.01291289,0.07565562,0.12588595,-0.05023032,0.06033919,0.00334218,0.05699701,0.06033919,0.00334218,0.05699701
child,logreg,isotonic,0,290,0.48275862,0.98620690,0.99655172,0.01034483,0.98666667,0.99666667,0.01000000,1.00000000,1.00000000,0.00000000,0.97333333,0.99333333,0.02000000,1.00000000,1.00000000,0.00000000,1.00000000,1.00000000,0.00000000,0.01580546,0.00377365,0.01203182,0.07333417,0.01048984,0.06284433,0.06267400,0.00683093,0.05584307,0.06267400,0.00683093,0.05584307
child,logreg,isotonic,1,290,0.48275862,0.98965517,0.99655172,0.00689655,0.99000000,0.99666667,0.00666667,1.00000000,1.00000000,0.00000000,0.98000000,0.99333333,0.01333333,1.00000000,0.99995238,-0.00004762,1.00000000,0.99994934,-0.00005066,0.01611137,0.00358914,0.01252223,0.07437305,0.01125274,0.06312031,0.06361603,0.00743346,0.05618257,0.06361603,0.00743346,0.05618257
child,logreg,isotonic,2,290,0.48275862,0.99310345,1.00000000,0.00689655,0.99333333,1.00000000,0.00666667,1.00000000,1.00000000,0.00000000,0.98666667,1.00000000,0.01333333,1.00000000,1.00000000,0.00000000,1.00000000,1.00000000,0.00000000,0.01485048,0.00038177,0.01446871,0.07146241,0.00231802,0.06914440,0.06193378,0.00209519,0.05983859,0.06193378,0.00209519,0.05983859
child,logreg,isotonic,3,290,0.48275862,0.99310345,0.99655172,0.00344828,0.99333333,0.99666667,0.00333333,1.00000000,1.00000000,0.00000000,0.98666667,0.99333333,0.00666667,0.99990476,0.99995238,0.00004762,0.99989832,0.99989868,0.00000036,0.01764655,0.00452260,0.01312395,0.07862148,0.01612068,0.06250080,0.06079568,0.00877177,0.05202392,0.06079568,0.00877177,0.05202392
child,logreg,isotonic,4,290,0.48275862,0.99310345,0.99310345,0.00000000,0.99333333,0.99309524,-0.00023810,1.00000000,0.99285714,-0.00714286,0.98666667,0.99333333,0.00666667,0.99985714,0.99657143,-0.00328571,0.99984838,0.99275691,-0.00709147,0.01701472,0.00757788,0.00943684,0.07668748,0.13835007,-0.06166259,0.05776013,0.00791362,0.04984651,0.05776013,0.00904804,0.04871209
child,logreg,isotonic,5,290,0.48275862,1.00000000,1.00000000,0.00000000,1.00000000,1.00000000,0.00000000,1.00000000,1.00000000,0.00000000,1.00000000,1.00000000,0.00000000,1.00000000,1.00000000,0.00000000,1.00000000,1.00000000,0.00000000,0.01528736,0.00156685,0.01372051,0.07320990,0.00604018,0.06716972,0.06348869,0.00502328,0.05846542,0.06348869,0.00502328,0.05846542
child,logreg,isotonic,6,290,0.48275862,0.99655172,0.99310345,-0.00344828,0.99666667,0.99285714,-0.00380952,1.00000000,0.98571429,-0.01428571,0.99333333,1.00000000,0.00666667,1.00000000,0.99640476,-0.00359524,1.00000000,0.99630542,-0.00369458,0.01361479,0.00525483,0.00835997,0.06824273,0.12922795,-0.06098522,0.05594949,0.00464188,0.05130761,0.05594949,0.00464188,0.05130761
child,logreg,isotonic,7,290,0.48275862,0.98965517,0.98965517,0.00000000,0.99000000,0.99000000,0.00000000,1.00000000,1.00000000,0.00000000,0.98000000,0.98000000,0.00000000,0.99961905,0.99323810,-0.00638095,0.99959214,0.98571716,-0.01387498,0.01574646,0.00778927,0.00795719,0.07320144,0.25144290,-0.17824145,0.05331117,0.00816092,0.04515025,0.05331117,0.00816092,0.04515025
child,logreg,isotonic,8,290,0.48275862,0.99655172,0.99310345,-0.00344828,0.99666667,0.99309524,-0.00357143,1.00000000,0.99285714,-0.00714286,0.99333333,0.99333333,0.00000000,0.99985714,0.99661905,-0.00323810,0.99984693,0.99280685,-0.00704008,0.01651621,0.00631718,0.01019903,0.07548152,0.13268536,-0.05720384,0.05393478,0.00862998,0.04530480,0.06171823,0.00862998,0.05308825
child,logreg,isotonic,9,290,0.48275862,0.99310345,0.99655172,0.00344828,0.99333333,0.99666667,0.00333333,1.00000000,1.00000000,0.00000000,0.98666667,0.99333333,0.00666667,1.00000000,1.00000000,0.00000000,1.00000000,1.00000000,0.00000000,0.01656031,0.00269521,0.01386510,0.07565562,0.00822698,0.06742865,0.06033919,0.00165857,0.05868062,0.06033919,0.00275708,0.05758211
child,logreg,beta,0,290,0.48275862,0.98620690,0.99310345,0.00689655,0.98666667,0.99333333,0.00666667,1.00000000,1.00000000,0.00000000,0.97333333,0.98666667,0.01333333,1.00000000,1.00000000,0.00000000,1.00000000,1.00000000,0.00000000,0.01580546,0.00305730,0.01274817,0.07333417,0.00924870,0.06408547,0.06267400,0.00682296,0.05585104,0.06267400,0.00682296,0.05585104
child,logreg,beta,1,290,0.48275862,0.98965517,0.99310345,0.00344828,0.99000000,0.99333333,0.00333333,1.00000000,1.00000000,0.00000000,0.98000000,0.98666667,0.00666667,1.00000000,0.99995238,-0.00004762,1.00000000,0.99994934,-0.00005066,0.01611137,0.00445098,0.01166039,0.07437305,0.01371819,0.06065486,0.06361603,0.00668781,0.05692822,0.06361603,0.00713046,0.05648557
child,logreg,beta,2,290,0.48275862,0.99310345,1.00000000,0.00689655,0.99333333,1.00000000,0.00666667,1.00000000,1.00000000,0.00000000,0.98666667,1.00000000,0.01333333,1.00000000,1.00000000,0.00000000,1.00000000,1.00000000,0.00000000,0.01485048,0.00024134,0.01460913,0.07146241,0.00195637,0.06950604,0.06193378,0.00181646,0.06011732,0.06193378,0.00181646,0.06011732
child,logreg,beta,3,290,0.48275862,0.99310345,0.99655172,0.00344828,0.99333333,0.99666667,0.00333333,1.00000000,1.00000000,0.00000000,0.98666667,0.99333333,0.00666667,0.99990476,0.99995238,0.00004762,0.99989832,0.99994934,0.00005102,0.01764655,0.00310384,0.01454271,0.07862148,0.01336141,0.06526007,0.06079568,0.00643947,0.05435621,0.06079568,0.00828601,0.05250967
child,logreg,beta,4,290,0.48275862,0.99310345,0.99310345,0.00000000,0.99333333,0.99309524,-0.00023810,1.00000000,0.99285714,-0.00714286,0.98666667,0.99333333,0.00666667,0.99985714,0.99885714,-0.00100000,0.99984838,0.99868301,-0.00116536,0.01701472,0.00653278,0.01048193,0.07668748,0.04570686,0.03098062,0.05776013,0.00492771,0.05283243,0.05776013,0.00704883,0.05071131
child,logreg,beta,5,290,0.48275862,1.00000000,1.00000000,0.00000000,1.00000000,1.00000000,0.00000000,1.00000000,1.00000000,0.00000000,1.00000000,1.00000000,0.00000000,1.00000000,1.00000000,0.00000000,1.00000000,1.00000000,0.00000000,0.01528736,0.00128490,0.01400246,0.07320990,0.00694307,0.06626683,0.06348869,0.00612859,0.05736011,0.06348869,0.00612859,0.05736011
child,logreg,beta,6,290,0.48275862,0.99655172,0.99310345,-0.00344828,0.99666667,0.99285714,-0.00380952,1.00000000,0.98571429,-0.01428571,0.99333333,1.00000000,0.00666667,1.00000000,0.99995238,-0.00004762,1.00000000,0.99994934,-0.00005066,0.01361479,0.00350878,0.01010601,0.06824273,0.00977471,0.05846802,0.05594949,0.00400432,0.05194517,0.05594949,0.00400432,0.05194517
child,logreg,beta,7,290,0.48275862,0.98965517,0.99310345,0.00344828,0.99000000,0.99333333,0.00333333,1.00000000,1.00000000,0.00000000,0.98000000,0.98666667,0.00666667,0.99961905,0.99623810,-0.00338095,0.99959214,0.99534292,-0.00424922,0.01574646,0.00772102,0.00802544,0.07320144,0.07307833,0.00012311,0.05331117,0.00749485,0.04581633,0.05331117,0.00749485,0.04581633
child,logreg,beta,8,290,0.48275862,0.99655172,0.99310345,-0.00344828,0.99666667,0.99309524,-0.00357143,1.00000000,0.99285714,-0.00714286,0.99333333,0.99333333,0.00000000,0.99985714,0.99990476,0.00004762,0.99984693,0.99989832,0.00005139,0.01651621,0.00478443,0.01173178,0.07548152,0.01829762,0.05718390,0.05393478,0.00719765,0.04673713,0.06171823,0.00719765,0.05452058
child,logreg,beta,9,290,0.48275862,0.99310345,0.99655172,0.00344828,0.99333333,0.99666667,0.00333333,1.00000000,1.00000000,0.00000000,0.98666667,0.99333333,0.00666667,1.00000000,0.99985714,-0.00014286,1.00000000,0.99984693,-0.00015307,0.01656031,0.00333593,0.01322437,0.07565562,0.01354073,0.06211489,0.06033919,0.00226328,0.05807591,0.06033919,0.00302814,0.05731104
child,dtree,platt,0,290,0.48275862,0.90000000,0.89655172,-0.00344828,0.90095238,0.89619048,-0.00476190,0.92857143,0.88571429,-0.04285714,0.87333333,0.90666667,0.03333333,0.91361905,0.90361905,-0.01000000,0.86648458,0.85669174,-0.00979284,0.09525928,0.09401651,0.00124277,2.90493250,0.33637386,2.56855865,0.09105901,0.04608599,0.04497303,0.09105901,0.06175528,0.02930374
child,dtree,platt,1,290,0.48275862,0.86551724,0.86551724,0.00000000,0.86690476,0.86571429,-0.00119048,0.90714286,0.87142857,-0.03571429,0.82666667,0.86000000,0.03333333,0.89180952,0.88050000,-0.01130952,0.84189263,0.85946126,0.01756862,0.11603928,0.10762097,0.00841831,3.64966909,0.37138685,3.27828224,0.10968607,0.02138343,0.08830264,0.10968607,0.04581806,0.06386801
child,dtree,platt,2,290,0.48275862,0.86206897,0.87241379,0.01034483,0.86285714,0.87238095,0.00952381,0.88571429,0.87142857,-0.01428571,0.84000000,0.87333333,0.03333333,0.89423810,0.89980952,0.00557143,0.85358333,0.87945215,0.02586882,0.11572880,0.10393554,0.01179325,3.53201281,0.35932933,3.17268348,0.11058537,0.02709091,0.08349446,0.11058537,0.02709091,0.08349446
child,dtree,platt,3,290,0.48275862,0.87586207,0.87931034,0.00344828,0.87595238,0.87880952,0.00285714,0.87857143,0.86428571,-0.01428571,0.87333333,0.89333333,0.02000000,0.90357143,0.89588095,-0.00769048,0.85738089,0.84826664,-0.00911425,0.10708791,0.10029741,0.00679050,3.16561034,0.34976213,2.81584822,0.09313688,0.02397162,0.06916526,0.09313688,0.03130398,0.06183290
child,dtree,platt,4,290,0.48275862,0.87586207,0.88620690,0.01034483,0.87619048,0.88547619,0.00928571,0.88571429,0.86428571,-0.02142857,0.86666667,0.90666667,0.04000000,0.90266667,0.89619048,-0.00647619,0.86356731,0.84757843,-0.01598888,0.10793387,0.10135600,0.00657787,3.16790329,0.35369475,2.81420854,0.09394012,0.03137811,0.06256201,0.09721306,0.04208518,0.05512788
child,dtree,platt,5,290,0.48275862,0.84827586,0.85172414,0.00344828,0.84833333,0.85047619,0.00214286,0.85000000,0.81428571,-0.03571429,0.84666667,0.88666667,0.04000000,0.86733333,0.86045238,-0.00688095,0.81637633,0.81516749,-0.00120885,0.13809775,0.12262170,0.01547605,4.51302116,0.41091286,4.10210830,0.13137071,0.02249870,0.10887201,0.13137071,0.02249870,0.10887201
child,dtree,platt,6,290,0.48275862,0.86551724,0.87241379,0.00689655,0.86595238,0.87071429,0.00476190,0.87857143,0.82142857,-0.05714286,0.85333333,0.92000000,0.06666667,0.89295238,0.88985714,-0.00309524,0.85487375,0.87324523,0.01837148,0.11625062,0.10602348,0.01022715,3.53486324,0.36553808,3.16932516,0.10817636,0.03037936,0.07779700,0.10817636,0.03226960,0.07590677
child,dtree,platt,7,290,0.48275862,0.88620690,0.88620690,0.00000000,0.88761905,0.88595238,-0.00166667,0.92857143,0.87857143,-0.05000000,0.84666667,0.89333333,0.04666667,0.92090476,0.91490476,-0.00600000,0.88878510,0.89167423,0.00288912,0.09315837,0.09159532,0.00156306,2.55535989,0.32470901,2.23065088,0.09344077,0.05049898,0.04294179,0.09344077,0.05143795,0.04200282
child,dtree,platt,8,290,0.48275862,0.87241379,0.87586207,0.00344828,0.87261905,0.87523810,0.00261905,0.87857143,0.85714286,-0.02142857,0.86666667,0.89333333,0.02666667,0.88638095,0.89535714,0.00897619,0.84509365,0.87082421,0.02573056,0.11939349,0.10996373,0.00942977,3.77556588,0.37381303,3.40175285,0.11176488,0.00961383,0.10215105,0.11239184,0.02965853,0.08273331
child,dtree,platt,9,290,0.48275862,0.84482759,0.83103448,-0.01379310,0.84476190,0.83000000,-0.01476190,0.84285714,0.80000000,-0.04285714,0.84666667,0.86000000,0.01333333,0.85697619,0.85364286,-0.00333333,0.80752258,0.81782597,0.01030338,0.14603771,0.13233866,0.01369905,4.76726570,0.43619531,4.33107038,0.14078814,0.02203152,0.11875662,0.14078814,0.03110246,0.10968568
child,dtree,temperature,0,290,0.48275862,0.90000000,0.90000000,0.00000000,0.90095238,0.90095238,0.00000000,0.92857143,0.92857143,0.00000000,0.87333333,0.87333333,0.00000000,0.91361905,0.90538095,-0.00823810,0.86648458,0.86965264,0.00316807,0.09525928,0.09396957,0.00128971,2.90493250,0.33563486,2.56929764,0.09105901,0.04506730,0.04599171,0.09105901,0.05793843,0.03312058
child,dtree,temperature,1,290,0.48275862,0.86551724,0.86551724,0.00000000,0.86690476,0.86690476,0.00000000,0.90714286,0.90714286,0.00000000,0.82666667,0.82666667,0.00000000,0.89180952,0.87602381,-0.01578571,0.84189263,0.83163584,-0.01025680,0.11603928,0.10707894,0.00896034,3.64966909,0.36849519,3.28117390,0.10968607,0.02398650,0.08569957,0.10968607,0.02398650,0.08569957
child,dtree,temperature,2,290,0.48275862,0.86206897,0.86206897,0.00000000,0.86285714,0.86285714,0.00000000,0.88571429,0.88571429,0.00000000,0.84000000,0.84000000,0.00000000,0.89423810,0.89861905,0.00438095,0.85358333,0.87312248,0.01953915,0.11572880,0.10442731,0.01130148,3.53201281,0.36041360,3.17159921,0.11058537,0.02815491,0.08243046,0.11058537,0.02815491,0.08243046
child,dtree,temperature,3,290,0.48275862,0.87586207,0.87586207,0.00000000,0.87595238,0.87595238,0.00000000,0.87857143,0.87857143,0.00000000,0.87333333,0.87333333,0.00000000,0.90357143,0.89897619,-0.00459524,0.85738089,0.85689501,-0.00048588,0.10708791,0.10052970,0.00655821,3.16561034,0.35030795,2.81530239,0.09313688,0.02419518,0.06894170,0.09313688,0.02674486,0.06639202
child,dtree,temperature,4,290,0.48275862,0.87586207,0.87586207,0.00000000,0.87619048,0.87619048,0.00000000,0.88571429,0.88571429,0.00000000,0.86666667,0.86666667,0.00000000,0.90266667,0.89847619,-0.00419048,0.86356731,0.85785651,-0.00571080,0.10793387,0.10150105,0.00643283,3.16790329,0.35300828,2.81489501,0.09394012,0.03478362,0.05915650,0.09721306,0.03650966,0.06070340
child,dtree,temperature,5,290,0.48275862,0.84827586,0.84827586,0.00000000,0.84833333,0.84833333,0.00000000,0.85000000,0.85000000,0.00000000,0.84666667,0.84666667,0.00000000,0.86733333,0.84111905,-0.02621429,0.81637633,0.80340838,-0.01296795,0.13809775,0.12244961,0.01564814,4.51302116,0.40952397,4.10349719,0.13137071,0.00814896,0.12322175,0.13137071,0.00814896,0.12322175
child,dtree,temperature,6,290,0.48275862,0.86551724,0.86551724,0.00000000,0.86595238,0.86595238,0.00000000,0.87857143,0.87857143,0.00000000,0.85333333,0.85333333,0.00000000,0.89295238,0.89442857,0.00147619,0.85487375,0.87460390,0.01973016,0.11625062,0.10613186,0.01011876,3.53486324,0.36382927,3.17103397,0.10817636,0.01728891,0.09088745,0.10817636,0.02022658,0.08794978
child,dtree,temperature,7,290,0.48275862,0.88620690,0.88620690,0.00000000,0.88761905,0.88761905,0.00000000,0.92857143,0.92857143,0.00000000,0.84666667,0.84666667,0.00000000,0.92090476,0.91709524,-0.00380952,0.88878510,0.88772664,-0.00105847,0.09315837,0.09197339,0.00118499,2.55535989,0.32551036,2.22984953,0.09344077,0.05422480,0.03921597,0.09344077,0.05422480,0.03921597
child,dtree,temperature,8,290,0.48275862,0.87241379,0.87241379,0.00000000,0.87261905,0.87261905,0.00000000,0.87857143,0.87857143,0.00000000,0.86666667,0.86666667,0.00000000,0.88638095,0.89235714,0.00597619,0.84509365,0.86643054,0.02133689,0.11939349,0.11048330,0.00891020,3.77556588,0.37503531,3.40053057,0.11176488,0.01171108,0.10005381,0.11239184,0.03638643,0.07600541
child,dtree,temperature,9,290,0.48275862,0.84482759,0.84482759,0.00000000,0.84476190,0.84476190,0.00000000,0.84285714,0.84285714,0.00000000,0.84666667,0.84666667,0.00000000,0.85697619,0.85869048,0.00171429,0.80752258,0.82585817,0.01833558,0.14603771,0.13178505,0.01425266,4.76726570,0.43400114,4.33326456,0.14078814,0.02065640,0.12013175,0.14078814,0.03694721,0.10384094
child,dtree,histbin,0,290,0.48275862,0.90000000,0.88275862,-0.01724138,0.90095238,0.88333333,-0.01761905,0.92857143,0.90000000,-0.02857143,0.87333333,0.86666667,-0.00666667,0.91361905,0.90252381,-0.01109524,0.86648458,0.85548490,-0.01099968,0.09525928,0.09506944,0.00018984,2.90493250,0.33845744,2.56647506,0.09105901,0.05135410,0.03970492,0.09105901,0.07538235,0.01567666
child,dtree,histbin,1,290,0.48275862,0.86551724,0.86551724,0.00000000,0.86690476,0.86571429,-0.00119048,0.90714286,0.87142857,-0.03571429,0.82666667,0.86000000,0.03333333,0.89180952,0.87564286,-0.01616667,0.84189263,0.84476128,0.00286864,0.11603928,0.11041593,0.00562335,3.64966909,0.37894368,3.27072541,0.10968607,0.02038131,0.08930476,0.10968607,0.04549517,0.06419090
child,dtree,histbin,2,290,0.48275862,0.86206897,0.87586207,0.01379310,0.86285714,0.87523810,0.01238095,0.88571429,0.85714286,-0.02857143,0.84000000,0.89333333,0.05333333,0.89423810,0.89885714,0.00461905,0.85358333,0.87331267,0.01972934,0.11572880,0.10159273,0.01413607,3.53201281,0.35389461,3.17811820,0.11058537,0.02616110,0.08442427,0.11058537,0.02616110,0.08442427
child,dtree,histbin,3,290,0.48275862,0.87586207,0.88275862,0.00689655,0.87595238,0.88285714,0.00690476,0.87857143,0.88571429,0.00714286,0.87333333,0.88000000,0.00666667,0.90357143,0.89702381,-0.00654762,0.85738089,0.84894476,-0.00843613,0.10708791,0.09919257,0.00789534,3.16561034,0.34752748,2.81808286,0.09313688,0.02538392,0.06775296,0.09313688,0.02829827,0.06483861
child,dtree,histbin,4,290,0.48275862,0.87586207,0.84482759,-0.03103448,0.87619048,0.84523810,-0.03095238,0.88571429,0.85714286,-0.02857143,0.86666667,0.83333333,-0.03333333,0.90266667,0.90023810,-0.00242857,0.86356731,0.86670599,0.00313869,0.10793387,0.10664365,0.00129023,3.16790329,0.36478598,2.80311731,0.09394012,0.04065845,0.05328168,0.09721306,0.05606867,0.04114439
child,dtree,histbin,5,290,0.48275862,0.84827586,0.85862069,0.01034483,0.84833333,0.85761905,0.00928571,0.85000000,0.82857143,-0.02142857,0.84666667,0.88666667,0.04000000,0.86733333,0.85664286,-0.01069048,0.81637633,0.81112264,-0.00525369,0.13809775,0.11925063,0.01884712,4.51302116,0.40136966,4.11165149,0.13137071,0.02298419,0.10838653,0.13137071,0.02298419,0.10838653
child,dtree,histbin,6,290,0.48275862,0.86551724,0.87241379,0.00689655,0.86595238,0.87071429,0.00476190,0.87857143,0.82142857,-0.05714286,0.85333333,0.92000000,0.06666667,0.89295238,0.88828571,-0.00466667,0.85487375,0.87577105,0.02089731,0.11625062,0.10687825,0.00937237,3.53486324,0.36791894,3.16694429,0.10817636,0.02380914,0.08436722,0.10817636,0.02491838,0.08325798
child,dtree,histbin,7,290,0.48275862,0.88620690,0.87931034,-0.00689655,0.88761905,0.87880952,-0.00880952,0.92857143,0.86428571,-0.06428571,0.84666667,0.89333333,0.04666667,0.92090476,0.91947619,-0.00142857,0.88878510,0.90295642,0.01417131,0.09315837,0.09514561,-0.00198724,2.55535989,0.33138722,2.22397267,0.09344077,0.04127016,0.05217061,0.09344077,0.04266529,0.05077548
child,dtree,histbin,8,290,0.48275862,0.87241379,0.86896552,-0.00344828,0.87261905,0.86833333,-0.00428571,0.87857143,0.85000000,-0.02857143,0.86666667,0.88666667,0.02000000,0.88638095,0.89647619,0.01009524,0.84509365,0.87236235,0.02726871,0.11939349,0.10703662,0.01235688,3.77556588,0.36569930,3.40986658,0.11176488,0.00452061,0.10724428,0.11239184,0.01048456,0.10190728
child,dtree,histbin,9,290,0.48275862,0.84482759,0.84137931,-0.00344828,0.84476190,0.83952381,-0.00523810,0.84285714,0.78571429,-0.05714286,0.84666667,0.89333333,0.04666667,0.85697619,0.85245238,-0.00452381,0.80752258,0.82486921,0.01734663,0.14603771,0.13014641,0.01589130,4.76726570,0.43026304,4.33700266,0.14078814,0.02297021,0.11781794,0.14078814,0.02993781,0.11085033
child,dtree,isotonic,0,290,0.48275862,0.90000000,0.88275862,-0.01724138,0.90095238,0.88238095,-0.01857143,0.92857143,0.87142857,-0.05714286,0.87333333,0.89333333,0.02000000,0.91361905,0.90345238,-0.01016667,0.86648458,0.85654380,-0.00994077,0.09525928,0.09441206,0.00084723,2.90493250,0.33743490,2.56749760,0.09105901,0.05636690,0.03469212,0.09105901,0.07954004,0.01151897
child,dtree,isotonic,1,290,0.48275862,0.86551724,0.85862069,-0.00689655,0.86690476,0.85976190,-0.00714286,0.90714286,0.89285714,-0.01428571,0.82666667,0.82666667,0.00000000,0.89180952,0.87597619,-0.01583333,0.84189263,0.84532184,0.00342921,0.11603928,0.11220644,0.00383285,3.64966909,0.38238371,3.26728538,0.10968607,0.02916008,0.08052599,0.10968607,0.05442595,0.05526012
child,dtree,isotonic,2,290,0.48275862,0.86206897,0.87241379,0.01034483,0.86285714,0.87238095,0.00952381,0.88571429,0.87142857,-0.01428571,0.84000000,0.87333333,0.03333333,0.89423810,0.89911905,0.00488095,0.85358333,0.87263474,0.01905141,0.11572880,0.10286131,0.01286748,3.53201281,0.35676060,3.17525221,0.11058537,0.02505341,0.08553196,0.11058537,0.02691337,0.08367200
child,dtree,isotonic,3,290,0.48275862,0.87586207,0.88620690,0.01034483,0.87595238,0.88595238,0.01000000,0.87857143,0.87857143,0.00000000,0.87333333,0.89333333,0.02000000,0.90357143,0.89840476,-0.00516667,0.85738089,0.85318357,-0.00419732,0.10708791,0.09914006,0.00794785,3.16561034,0.34739903,2.81821131,0.09313688,0.02670483,0.06643205,0.09313688,0.04595151,0.04718537
child,dtree,isotonic,4,290,0.48275862,0.87586207,0.87931034,0.00344828,0.87619048,0.87904762,0.00285714,0.88571429,0.87142857,-0.01428571,0.86666667,0.88666667,0.02000000,0.90266667,0.90252381,-0.00014286,0.86356731,0.86934833,0.00578103,0.10793387,0.10167593,0.00625794,3.16790329,0.35372406,2.81417922,0.09394012,0.03930028,0.05463984,0.09721306,0.03930028,0.05791278
child,dtree,isotonic,5,290,0.48275862,0.84827586,0.85517241,0.00689655,0.84833333,0.85476190,0.00642857,0.85000000,0.84285714,-0.00714286,0.84666667,0.86666667,0.02000000,0.86733333,0.85595238,-0.01138095,0.81637633,0.81071010,-0.00566623,0.13809775,0.12109854,0.01699921,4.51302116,0.40631892,4.10670223,0.13137071,0.02745710,0.10391361,0.13137071,0.02745710,0.10391361
child,dtree,isotonic,6,290,0.48275862,0.86551724,0.87931034,0.01379310,0.86595238,0.87785714,0.01190476,0.87857143,0.83571429,-0.04285714,0.85333333,0.92000000,0.06666667,0.89295238,0.88857143,-0.00438095,0.85487375,0.87545701,0.02058326,0.11625062,0.10689575,0.00935488,3.53486324,0.36799762,3.16686562,0.10817636,0.02464807,0.08352829,0.10817636,0.03316152,0.07501485
child,dtree,isotonic,7,290,0.48275862,0.88620690,0.89310345,0.00689655,0.88761905,0.89238095,0.00476190,0.92857143,0.87142857,-0.05714286,0.84666667,0.91333333,0.06666667,0.92090476,0.91980952,-0.00109524,0.88878510,0.90338775,0.01460265,0.09315837,0.08953597,0.00362240,2.55535989,0.31900265,2.23635724,0.09344077,0.04308930,0.05035148,0.09344077,0.05356492,0.03987585
child,dtree,isotonic,8,290,0.48275862,0.87241379,0.87586207,0.00344828,0.87261905,0.87500000,0.00238095,0.87857143,0.85000000,-0.02857143,0.86666667,0.90000000,0.03333333,0.88638095,0.89788095,0.01150000,0.84509365,0.87197817,0.02688452,0.11939349,0.10549083,0.01390266,3.77556588,0.36270701,3.41285887,0.11176488,0.01282485,0.09894004,0.11239184,0.01891157,0.09348027
child,dtree,isotonic,9,290,0.48275862,0.84482759,0.84482759,0.00000000,0.84476190,0.84309524,-0.00166667,0.84285714,0.79285714,-0.05000000,0.84666667,0.89333333,0.04666667,0.85697619,0.85188095,-0.00509524,0.80752258,0.81842625,0.01090367,0.14603771,0.12833551,0.01770220,4.76726570,0.42743291,4.33983278,0.14078814,0.02508109,0.11570705,0.14078814,0.03569040,0.10509775
child,dtree,beta,0,290,0.48275862,0.90000000,0.87931034,-0.02068966,0.90095238,0.87833333,-0.02261905,0.92857143,0.85000000,-0.07857143,0.87333333,0.90666667,0.03333333,0.91361905,0.90338095,-0.01023810,0.86648458,0.85664793,-0.00983664,0.09525928,0.09507044,0.00018885,2.90493250,0.33917797,2.56575454,0.09105901,0.05210045,0.03895857,0.09105901,0.06414134,0.02691767
child,dtree,beta,1,290,0.48275862,0.86551724,0.84827586,-0.01724138,0.86690476,0.84952381,-0.01738095,0.90714286,0.88571429,-0.02142857,0.82666667,0.81333333,-0.01333333,0.89180952,0.87573810,-0.01607143,0.84189263,0.84515779,0.00326516,0.11603928,0.11167052,0.00436876,3.64966909,0.38100706,3.26866203,0.10968607,0.03290744,0.07677863,0.10968607,0.06187803,0.04780803
child,dtree,beta,2,290,0.48275862,0.86206897,0.87931034,0.01724138,0.86285714,0.87857143,0.01571429,0.88571429,0.85714286,-0.02857143,0.84000000,0.90000000,0.06000000,0.89423810,0.89871429,0.00447619,0.85358333,0.87318319,0.01959986,0.11572880,0.10269133,0.01303746,3.53201281,0.35681855,3.17519426,0.11058537,0.02148248,0.08910289,0.11058537,0.02349902,0.08708635
child,dtree,beta,3,290,0.48275862,0.87586207,0.88275862,0.00689655,0.87595238,0.88285714,0.00690476,0.87857143,0.88571429,0.00714286,0.87333333,0.88000000,0.00666667,0.90357143,0.89745238,-0.00611905,0.85738089,0.84935874,-0.00802215,0.10708791,0.09939276,0.00769515,3.16561034,0.34793374,2.81767660,0.09313688,0.03055310,0.06258379,0.09313688,0.03282026,0.06031662
child,dtree,beta,4,290,0.48275862,0.87586207,0.87241379,-0.00344828,0.87619048,0.87119048,-0.00500000,0.88571429,0.83571429,-0.05000000,0.86666667,0.90666667,0.04000000,0.90266667,0.90071429,-0.00195238,0.86356731,0.86718580,0.00361849,0.10793387,0.10392513,0.00400875,3.16790329,0.35868816,2.80921513,0.09394012,0.04576813,0.04817199,0.09721306,0.04576813,0.05144493
child,dtree,beta,5,290,0.48275862,0.84827586,0.85172414,0.00344828,0.84833333,0.85047619,0.00214286,0.85000000,0.81428571,-0.03571429,0.84666667,0.88666667,0.04000000,0.86733333,0.85345238,-0.01388095,0.81637633,0.80966353,-0.00671281,0.13809775,0.12168825,0.01640949,4.51302116,0.40828096,4.10474019,0.13137071,0.02494299,0.10642772,0.13137071,0.02494299,0.10642772
child,dtree,beta,6,290,0.48275862,0.86551724,0.87241379,0.00689655,0.86595238,0.87071429,0.00476190,0.87857143,0.82142857,-0.05714286,0.85333333,0.92000000,0.06666667,0.89295238,0.89090476,-0.00204762,0.85487375,0.87675582,0.02188207,0.11625062,0.10680664,0.00944398,3.53486324,0.36643085,3.16843239,0.10817636,0.02740192,0.08077445,0.10817636,0.03443556,0.07374081
child,dtree,beta,7,290,0.48275862,0.88620690,0.89655172,0.01034483,0.88761905,0.89571429,0.00809524,0.92857143,0.87142857,-0.05714286,0.84666667,0.92000000,0.07333333,0.92090476,0.91780952,-0.00309524,0.88878510,0.90253260,0.01374750,0.09315837,0.09214552,0.00101285,2.55535989,0.32594032,2.22941958,0.09344077,0.05210351,0.04133727,0.09344077,0.05499702,0.03844375
child,dtree,beta,8,290,0.48275862,0.87241379,0.86896552,-0.00344828,0.87261905,0.86833333,-0.00428571,0.87857143,0.85000000,-0.02857143,0.86666667,0.88666667,0.02000000,0.88638095,0.89545238,0.00907143,0.84509365,0.87018511,0.02509146,0.11939349,0.11155250,0.00784099,3.77556588,0.37644847,3.39911741,0.11176488,0.01401603,0.09774885,0.11239184,0.02131278,0.09107907
child,dtree,beta,9,290,0.48275862,0.84482759,0.84137931,-0.00344828,0.84476190,0.83952381,-0.00523810,0.84285714,0.78571429,-0.05714286,0.84666667,0.89333333,0.04666667,0.85697619,0.85035714,-0.00661905,0.80752258,0.81691319,0.00939061,0.14603771,0.13238425,0.01365346,4.76726570,0.43652455,4.33074115,0.14078814,0.02649815,0.11428999,0.14078814,0.03203119,0.10875696
child,knn,platt,0,290,0.48275862,0.90344828,0.87586207,-0.02758621,0.90571429,0.87214286,-0.03357143,0.97142857,0.76428571,-0.20714286,0.84000000,0.98000000,0.14000000,0.97547619,0.97835714,0.00288095,0.95870358,0.97369295,0.01498937,0.06703448,0.07066423,-0.00362975,0.43132330,0.22366505,0.20765825,0.06068966,0.05397123,0.00671843,0.06068966,0.05397123,0.00671843
child,knn,platt,1,290,0.48275862,0.89655172,0.90344828,0.00689655,0.89904762,0.90119048,0.00214286,0.97142857,0.83571429,-0.13571429,0.82666667,0.96666667,0.14000000,0.97311905,0.97726190,0.00414286,0.95610245,0.97087444,0.01477200,0.07282759,0.06351286,0.00931473,0.44580504,0.22236775,0.22343729,0.06896552,0.03647713,0.03248839,0.06896552,0.04383790,0.02512762
child,knn,platt,2,290,0.48275862,0.90000000,0.87931034,-0.02068966,0.90238095,0.87690476,-0.02547619,0.97142857,0.80714286,-0.16428571,0.83333333,0.94666667,0.11333333,0.97042857,0.96635714,-0.00407143,0.94910411,0.93857304,-0.01053107,0.07103448,0.07276467,-0.00173019,0.55664660,0.26690606,0.28974054,0.06137931,0.06937551,-0.00799620,0.06137931,0.06937551,-0.00799620
child,knn,platt,3,290,0.48275862,0.89310345,0.86551724,-0.02758621,0.89595238,0.86309524,-0.03285714,0.97857143,0.79285714,-0.18571429,0.81333333,0.93333333,0.12000000,0.97200000,0.96366667,-0.00833333,0.95231424,0.93906805,-0.01324619,0.07282759,0.07527610,-0.00244851,0.44766833,0.35639313,0.09127520,0.06344828,0.04480673,0.01864155,0.06344828,0.05351060,0.00993768
child,knn,platt,4,290,0.48275862,0.90344828,0.88620690,-0.01724138,0.90619048,0.88357143,-0.02261905,0.98571429,0.80714286,-0.17857143,0.82666667,0.96000000,0.13333333,0.97573810,0.97533333,-0.00040476,0.95846462,0.96031753,0.00185291,0.06868966,0.07087666,-0.00218700,0.43551777,0.30113312,0.13438465,0.06620690,0.06556716,0.00063974,0.06620690,0.07062404,-0.00441714
child,knn,platt,5,290,0.48275862,0.89655172,0.87241379,-0.02413793,0.89904762,0.86880952,-0.03023810,0.97142857,0.76428571,-0.20714286,0.82666667,0.97333333,0.14666667,0.97069048,0.97173810,0.00104762,0.94848679,0.95360521,0.00511842,0.07296552,0.07481959,-0.00185407,0.56474346,0.30108111,0.26366235,0.06413793,0.08158986,-0.01745193,0.07931034,0.08158986,-0.00227952
child,knn,platt,6,290,0.48275862,0.91724138,0.90344828,-0.01379310,0.91904762,0.90095238,-0.01809524,0.97142857,0.82857143,-0.14285714,0.86666667,0.97333333,0.10666667,0.97995238,0.97845238,-0.00150000,0.96524977,0.96370450,-0.00154527,0.06151724,0.06355249,-0.00203525,0.41728665,0.23592470,0.18136195,0.06344828,0.06629457,-0.00284629,0.06482759,0.06629457,-0.00146698
child,knn,platt,7,290,0.48275862,0.90689655,0.88965517,-0.01724138,0.90904762,0.88666667,-0.02238095,0.97142857,0.80000000,-0.17142857,0.84666667,0.97333333,0.12666667,0.97678571,0.97866667,0.00188095,0.96408144,0.97529052,0.01120908,0.06648276,0.06463410,0.00184866,0.31456864,0.20432104,0.11024760,0.05655172,0.02727095,0.02928078,0.05655172,0.05757015,-0.00101842
child,knn,platt,8,290,0.48275862,0.91034483,0.84827586,-0.06206897,0.91238095,0.84404762,-0.06833333,0.97142857,0.72142857,-0.25000000,0.85333333,0.96666667,0.11333333,0.97573810,0.96985714,-0.00588095,0.95817108,0.95377348,-0.00439760,0.06510345,0.07763577,-0.01253232,0.42844521,0.31921129,0.10923392,0.05241379,0.06996688,-0.01755309,0.05931034,0.08117072,-0.02186038
child,knn,platt,9,290,0.48275862,0.90689655,0.87931034,-0.02758621,0.90952381,0.87761905,-0.03190476,0.98571429,0.82857143,-0.15714286,0.83333333,0.92666667,0.09333333,0.96888095,0.96154762,-0.00733333,0.94590827,0.93831087,-0.00759741,0.07255172,0.07686066,-0.00430894,0.56438015,0.37172849,0.19265166,0.06344828,0.04861518,0.01483309,0.06344828,0.06950613,-0.00605785
child,knn,temperature,0,290,0.48275862,0.90344828,0.90344828,0.00000000,0.90571429,0.90571429,0.00000000,0.97142857,0.97142857,0.00000000,0.84000000,0.84000000,0.00000000,0.97547619,0.97850000,0.00302381,0.95870358,0.97407288,0.01536930,0.06703448,0.07828453,-0.01125005,0.43132330,0.24575232,0.18557098,0.06068966,0.08779681,-0.02710716,0.06068966,0.08804060,-0.02735095
child,knn,temperature,1,290,0.48275862,0.89655172,0.89655172,0.00000000,0.89904762,0.89904762,0.00000000,0.97142857,0.97142857,0.00000000,0.82666667,0.82666667,0.00000000,0.97311905,0.97726190,0.00414286,0.95610245,0.97084782,0.01474538,0.07282759,0.07421590,-0.00138832,0.44580504,0.24588653,0.19991851,0.06896552,0.06538389,0.00358163,0.06896552,0.06940818,-0.00044266
child,knn,temperature,2,290,0.48275862,0.90000000,0.90000000,0.00000000,0.90238095,0.90238095,0.00000000,0.97142857,0.97142857,0.00000000,0.83333333,0.83333333,0.00000000,0.97042857,0.96516667,-0.00526190,0.94910411,0.93749343,-0.01161068,0.07103448,0.07949014,-0.00845566,0.55664660,0.28216349,0.27448311,0.06137931,0.08832204,-0.02694273,0.06137931,0.08832204,-0.02694273
child,knn,temperature,3,290,0.48275862,0.89310345,0.89310345,0.00000000,0.89595238,0.89595238,0.00000000,0.97857143,0.97857143,0.00000000,0.81333333,0.81333333,0.00000000,0.97200000,0.96195238,-0.01004762,0.95231424,0.93711818,-0.01519606,0.07282759,0.08167159,-0.00884401,0.44766833,0.35085705,0.09681128,0.06344828,0.07046499,-0.00701672,0.06344828,0.08169854,-0.01825026
child,knn,temperature,4,290,0.48275862,0.90344828,0.90344828,0.00000000,0.90619048,0.90619048,0.00000000,0.98571429,0.98571429,0.00000000,0.82666667,0.82666667,0.00000000,0.97573810,0.97271429,-0.00302381,0.95846462,0.95780554,-0.00065908,0.06868966,0.08111233,-0.01242268,0.43551777,0.31461881,0.12089896,0.06620690,0.07678271,-0.01057581,0.06620690,0.07678271,-0.01057581
child,knn,temperature,5,290,0.48275862,0.89655172,0.89655172,0.00000000,0.89904762,0.89904762,0.00000000,0.97142857,0.97142857,0.00000000,0.82666667,0.82666667,0.00000000,0.97069048,0.97007143,-0.00061905,0.94848679,0.95177951,0.00329272,0.07296552,0.08080972,-0.00784421,0.56474346,0.30964628,0.25509718,0.06413793,0.09559193,-0.03145400,0.07931034,0.10245951,-0.02314916
child,knn,temperature,6,290,0.48275862,0.91724138,0.91724138,0.00000000,0.91904762,0.91904762,0.00000000,0.97142857,0.97142857,0.00000000,0.86666667,0.86666667,0.00000000,0.97995238,0.97950000,-0.00045238,0.96524977,0.96436742,-0.00088235,0.06151724,0.07391590,-0.01239866,0.41728665,0.25343521,0.16385145,0.06344828,0.08518265,-0.02173438,0.06482759,0.08518265,-0.02035507
child,knn,temperature,7,290,0.48275862,0.90689655,0.90689655,0.00000000,0.90904762,0.90904762,0.00000000,0.97142857,0.97142857,0.00000000,0.84666667,0.84666667,0.00000000,0.97678571,0.97738095,0.00059524,0.96408144,0.97415713,0.01007569,0.06648276,0.07421954,-0.00773678,0.31456864,0.22867423,0.08589441,0.05655172,0.05683645,-0.00028473,0.05655172,0.05875950,-0.00220778
child,knn,temperature,8,290,0.48275862,0.91034483,0.91034483,0.00000000,0.91238095,0.91238095,0.00000000,0.97142857,0.97142857,0.00000000,0.85333333,0.85333333,0.00000000,0.97573810,0.96842857,-0.00730952,0.95817108,0.95217562,-0.00599546,0.06510345,0.08087892,-0.01577547,0.42844521,0.30733912,0.12110609,0.05241379,0.09246384,-0.04005004,0.05931034,0.09246384,-0.03315349
child,knn,temperature,9,290,0.48275862,0.90689655,0.90689655,0.00000000,0.90952381,0.90952381,0.00000000,0.98571429,0.98571429,0.00000000,0.83333333,0.83333333,0.00000000,0.96888095,0.96169048,-0.00719048,0.94590827,0.93859677,-0.00731150,0.07255172,0.08377159,-0.01121987,0.56438015,0.36282526,0.20155489,0.06344828,0.08682865,-0.02338037,0.06344828,0.08682865,-0.02338037
child,knn,histbin,0,290,0.48275862,0.90344828,0.92068966,0.01724138,0.90571429,0.91976190,0.01404762,0.97142857,0.89285714,-0.07857143,0.84000000,0.94666667,0.10666667,0.97547619,0.97571429,0.00023810,0.95870358,0.96689610,0.00819252,0.06703448,0.05871901,0.00831547,0.43132330,0.19089414,0.24042916,0.06068966,0.01642115,0.04426851,0.06068966,0.02163677,0.03905288
child,knn,histbin,1,290,0.48275862,0.89655172,0.90344828,0.00689655,0.89904762,0.90452381,0.00547619,0.97142857,0.93571429,-0.03571429,0.82666667,0.87333333,0.04666667,0.97311905,0.97071429,-0.00240476,0.95610245,0.96268817,0.00658572,0.07282759,0.06121347,0.01161412,0.44580504,0.31258599,0.13321905,0.06896552,0.02720654,0.04175898,0.06896552,0.03704836,0.03191716
child,knn,histbin,2,290,0.48275862,0.90000000,0.90000000,0.00000000,0.90238095,0.90142857,-0.00095238,0.97142857,0.94285714,-0.02857143,0.83333333,0.86000000,0.02666667,0.97042857,0.96333333,-0.00709524,0.94910411,0.94110856,-0.00799555,0.07103448,0.06496770,0.00606678,0.55664660,0.32978135,0.22686525,0.06137931,0.01912714,0.04225217,0.06137931,0.02314235,0.03823696
child,knn,histbin,3,290,0.48275862,0.89310345,0.91724138,0.02413793,0.89595238,0.91666667,0.02071429,0.97857143,0.90000000,-0.07857143,0.81333333,0.93333333,0.12000000,0.97200000,0.96933333,-0.00266667,0.95231424,0.94967223,-0.00264200,0.07282759,0.06177896,0.01104863,0.44766833,0.42037080,0.02729753,0.06344828,0.00894647,0.05450181,0.06344828,0.02032051,0.04312777
child,knn,histbin,4,290,0.48275862,0.90344828,0.91034483,0.00689655,0.90619048,0.91071429,0.00452381,0.98571429,0.92142857,-0.06428571,0.82666667,0.90000000,0.07333333,0.97573810,0.97485714,-0.00088095,0.95846462,0.96028448,0.00181987,0.06868966,0.06087403,0.00781562,0.43551777,0.30536538,0.13015238,0.06620690,0.02331710,0.04288980,0.06620690,0.04197893,0.02422797
child,knn,histbin,5,290,0.48275862,0.89655172,0.90689655,0.01034483,0.89904762,0.90785714,0.00880952,0.97142857,0.93571429,-0.03571429,0.82666667,0.88000000,0.05333333,0.97069048,0.96754762,-0.00314286,0.94848679,0.94569406,-0.00279273,0.07296552,0.06606630,0.00689922,0.56474346,0.32760369,0.23713978,0.06413793,0.01581913,0.04831880,0.07931034,0.01828218,0.06102816
child,knn,histbin,6,290,0.48275862,0.91724138,0.93793103,0.02068966,0.91904762,0.93738095,0.01833333,0.97142857,0.92142857,-0.05000000,0.86666667,0.95333333,0.08666667,0.97995238,0.97621429,-0.00373810,0.96524977,0.95816811,-0.00708166,0.06151724,0.04959221,0.01192503,0.41728665,0.17534613,0.24194052,0.06344828,0.01608649,0.04736178,0.06482759,0.02879067,0.03603692
child,knn,histbin,7,290,0.48275862,0.90689655,0.92068966,0.01379310,0.90904762,0.92047619,0.01142857,0.97142857,0.91428571,-0.05714286,0.84666667,0.92666667,0.08000000,0.97678571,0.97409524,-0.00269048,0.96408144,0.97216312,0.00808168,0.06648276,0.05813564,0.00834711,0.31456864,0.40607197,-0.09150333,0.05655172,0.01513998,0.04141175,0.05655172,0.02966719,0.02688453
child,knn,histbin,8,290,0.48275862,0.91034483,0.92068966,0.01034483,0.91238095,0.91952381,0.00714286,0.97142857,0.88571429,-0.08571429,0.85333333,0.95333333,0.10000000,0.97573810,0.97242857,-0.00330952,0.95817108,0.95653917,-0.00163191,0.06510345,0.05938359,0.00571986,0.42844521,0.30337210,0.12507310,0.05241379,0.03203384,0.02037995,0.05931034,0.03565938,0.02365096
child,knn,histbin,9,290,0.48275862,0.90689655,0.90000000,-0.00689655,0.90952381,0.90000000,-0.00952381,0.98571429,0.90000000,-0.08571429,0.83333333,0.90000000,0.06666667,0.96888095,0.96426190,-0.00461905,0.94590827,0.94171734,-0.00419093,0.07255172,0.06367865,0.00887307,0.56438015,0.43350168,0.13087847,0.06344828,0.02647208,0.03697619,0.06344828,0.04001467,0.02343360
child,knn,isotonic,0,290,0.48275862,0.90344828,0.92068966,0.01724138,0.90571429,0.91976190,0.01404762,0.97142857,0.89285714,-0.07857143,0.84000000,0.94666667,0.10666667,0.97547619,0.97571429,0.00023810,0.95870358,0.96689610,0.00819252,0.06703448,0.05871446,0.00832002,0.43132330,0.19086394,0.24045936,0.06068966,0.01644888,0.04424077,0.06068966,0.02160903,0.03908062
child,knn,isotonic,1,290,0.48275862,0.89655172,0.90344828,0.00689655,0.89904762,0.90452381,0.00547619,0.97142857,0.93571429,-0.03571429,0.82666667,0.87333333,0.04666667,0.97311905,0.97071429,-0.00240476,0.95610245,0.96268817,0.00658572,0.07282759,0.06121347,0.01161412,0.44580504,0.31258599,0.13321905,0.06896552,0.02720654,0.04175898,0.06896552,0.03704836,0.03191716
child,knn,isotonic,2,290,0.48275862,0.90000000,0.90000000,0.00000000,0.90238095,0.90142857,-0.00095238,0.97142857,0.94285714,-0.02857143,0.83333333,0.86000000,0.02666667,0.97042857,0.96333333,-0.00709524,0.94910411,0.94110856,-0.00799555,0.07103448,0.06496770,0.00606678,0.55664660,0.32978135,0.22686525,0.06137931,0.01912714,0.04225217,0.06137931,0.02314235,0.03823696
child,knn,isotonic,3,290,0.48275862,0.89310345,0.91724138,0.02413793,0.89595238,0.91666667,0.02071429,0.97857143,0.90000000,-0.07857143,0.81333333,0.93333333,0.12000000,0.97200000,0.96933333,-0.00266667,0.95231424,0.94967223,-0.00264200,0.07282759,0.06177896,0.01104863,0.44766833,0.42037080,0.02729753,0.06344828,0.00894647,0.05450181,0.06344828,0.02032051,0.04312777
child,knn,isotonic,4,290,0.48275862,0.90344828,0.91034483,0.00689655,0.90619048,0.91071429,0.00452381,0.98571429,0.92142857,-0.06428571,0.82666667,0.90000000,0.07333333,0.97573810,0.97485714,-0.00088095,0.95846462,0.96028448,0.00181987,0.06868966,0.06087403,0.00781562,0.43551777,0.30536538,0.13015238,0.06620690,0.02331710,0.04288980,0.06620690,0.04197893,0.02422797
child,knn,isotonic,5,290,0.48275862,0.89655172,0.90689655,0.01034483,0.89904762,0.90785714,0.00880952,0.97142857,0.93571429,-0.03571429,0.82666667,0.88000000,0.05333333,0.97069048,0.96754762,-0.00314286,0.94848679,0.94569406,-0.00279273,0.07296552,0.06606630,0.00689922,0.56474346,0.32760369,0.23713978,0.06413793,0.01581913,0.04831880,0.07931034,0.01828218,0.06102816
child,knn,isotonic,6,290,0.48275862,0.91724138,0.93793103,0.02068966,0.91904762,0.93738095,0.01833333,0.97142857,0.92142857,-0.05000000,0.86666667,0.95333333,0.08666667,0.97995238,0.97621429,-0.00373810,0.96524977,0.95816811,-0.00708166,0.06151724,0.04959221,0.01192503,0.41728665,0.17534613,0.24194052,0.06344828,0.01608649,0.04736178,0.06482759,0.02879067,0.03603692
child,knn,isotonic,7,290,0.48275862,0.90689655,0.92068966,0.01379310,0.90904762,0.92047619,0.01142857,0.97142857,0.91428571,-0.05714286,0.84666667,0.92666667,0.08000000,0.97678571,0.97409524,-0.00269048,0.96408144,0.97216312,0.00808168,0.06648276,0.05813564,0.00834711,0.31456864,0.40607197,-0.09150333,0.05655172,0.01513998,0.04141175,0.05655172,0.02966719,0.02688453
child,knn,isotonic,8,290,0.48275862,0.91034483,0.92068966,0.01034483,0.91238095,0.91952381,0.00714286,0.97142857,0.88571429,-0.08571429,0.85333333,0.95333333,0.10000000,0.97573810,0.97242857,-0.00330952,0.95817108,0.95653917,-0.00163191,0.06510345,0.05938359,0.00571986,0.42844521,0.30337210,0.12507310,0.05241379,0.03203384,0.02037995,0.05931034,0.03565938,0.02365096
child,knn,isotonic,9,290,0.48275862,0.90689655,0.90000000,-0.00689655,0.90952381,0.90000000,-0.00952381,0.98571429,0.90000000,-0.08571429,0.83333333,0.90000000,0.06666667,0.96888095,0.96426190,-0.00461905,0.94590827,0.94171734,-0.00419093,0.07255172,0.06367865,0.00887307,0.56438015,0.43350168,0.13087847,0.06344828,0.02647208,0.03697619,0.06344828,0.04001467,0.02343360
child,knn,beta,0,290,0.48275862,0.90344828,0.92068966,0.01724138,0.90571429,0.91976190,0.01404762,0.97142857,0.89285714,-0.07857143,0.84000000,0.94666667,0.10666667,0.97547619,0.97730952,0.00183333,0.95870358,0.97128846,0.01258488,0.06703448,0.05801848,0.00901600,0.43132330,0.18728236,0.24404094,0.06068966,0.01267638,0.04801328,0.06068966,0.01820636,0.04248330
child,knn,beta,1,290,0.48275862,0.89655172,0.92413793,0.02758621,0.89904762,0.92380952,0.02476190,0.97142857,0.91428571,-0.05714286,0.82666667,0.93333333,0.10666667,0.97311905,0.97297619,-0.00014286,0.95610245,0.96456334,0.00846089,0.07282759,0.06046081,0.01236678,0.44580504,0.21125326,0.23455178,0.06896552,0.02062942,0.04833610,0.06896552,0.02965515,0.03931037
child,knn,beta,2,290,0.48275862,0.90000000,0.91724138,0.01724138,0.90238095,0.91809524,0.01571429,0.97142857,0.94285714,-0.02857143,0.83333333,0.89333333,0.06000000,0.97042857,0.96588095,-0.00454762,0.94910411,0.93696744,-0.01213666,0.07103448,0.06144830,0.00958618,0.55664660,0.21451781,0.34212879,0.06137931,0.02247441,0.03890490,0.06137931,0.02247441,0.03890490
child,knn,beta,3,290,0.48275862,0.89310345,0.90689655,0.01379310,0.89595238,0.90714286,0.01119048,0.97857143,0.91428571,-0.06428571,0.81333333,0.90000000,0.08666667,0.97200000,0.96861905,-0.00338095,0.95231424,0.94418246,-0.00813178,0.07282759,0.06365643,0.00917115,0.44766833,0.40878769,0.03888064,0.06344828,0.01853920,0.04490908,0.06344828,0.02839369,0.03505459
child,knn,beta,4,290,0.48275862,0.90344828,0.91034483,0.00689655,0.90619048,0.91071429,0.00452381,0.98571429,0.92142857,-0.06428571,0.82666667,0.90000000,0.07333333,0.97573810,0.97361905,-0.00211905,0.95846462,0.95878619,0.00032157,0.06868966,0.05848977,0.01019988,0.43551777,0.27459240,0.16092537,0.06620690,0.02293637,0.04327053,0.06620690,0.03930275,0.02690414
child,knn,beta,5,290,0.48275862,0.89655172,0.92758621,0.03103448,0.89904762,0.92690476,0.02785714,0.97142857,0.90714286,-0.06428571,0.82666667,0.94666667,0.12000000,0.97069048,0.96711905,-0.00357143,0.94848679,0.94579236,-0.00269444,0.07296552,0.06280162,0.01016390,0.56474346,0.22493455,0.33980891,0.06413793,0.03069323,0.03344470,0.07931034,0.03433751,0.04497283
child,knn,beta,6,290,0.48275862,0.91724138,0.92413793,0.00689655,0.91904762,0.92404762,0.00500000,0.97142857,0.92142857,-0.05000000,0.86666667,0.92666667,0.06000000,0.97995238,0.97507143,-0.00488095,0.96524977,0.95713601,-0.00811377,0.06151724,0.05060396,0.01091328,0.41728665,0.17401627,0.24327038,0.06344828,0.01892910,0.04451918,0.06482759,0.02499166,0.03983592
child,knn,beta,7,290,0.48275862,0.90689655,0.91379310,0.00689655,0.90904762,0.91261905,0.00357143,0.97142857,0.87857143,-0.09285714,0.84666667,0.94666667,0.10000000,0.97678571,0.98009524,0.00330952,0.96408144,0.97682068,0.01273925,0.06648276,0.05654114,0.00994162,0.31456864,0.17867990,0.13588874,0.05655172,0.01402580,0.04252592,0.05655172,0.02039538,0.03615635
child,knn,beta,8,290,0.48275862,0.91034483,0.92068966,0.01034483,0.91238095,0.91952381,0.00714286,0.97142857,0.88571429,-0.08571429,0.85333333,0.95333333,0.10000000,0.97573810,0.97304762,-0.00269048,0.95817108,0.95601363,-0.00215745,0.06510345,0.05837456,0.00672889,0.42844521,0.25879876,0.16964645,0.05241379,0.01493365,0.03748014,0.05931034,0.01940265,0.03990769
child,knn,beta,9,290,0.48275862,0.90689655,0.90000000,-0.00689655,0.90952381,0.90000000,-0.00952381,0.98571429,0.90000000,-0.08571429,0.83333333,0.90000000,0.06666667,0.96888095,0.96383333,-0.00504762,0.94590827,0.94056684,-0.00534143,0.07255172,0.06390968,0.00864204,0.56438015,0.30106449,0.26331566,0.06344828,0.01801312,0.04543515,0.06344828,0.04235660,0.02109168
child,nb,platt,0,290,0.48275862,0.82068966,0.81724138,-0.00344828,0.82095238,0.81714286,-0.00380952,0.82857143,0.81428571,-0.01428571,0.81333333,0.82000000,0.00666667,0.83114286,0.83188095,0.00073810,0.74996297,0.75872603,0.00876306,0.16284215,0.15792417,0.00491797,2.83166953,0.50204387,2.32962566,0.15855313,0.09710730,0.06144583,0.15860982,0.09829781,0.06031201
child,nb,platt,1,290,0.48275862,0.79310345,0.79310345,0.00000000,0.79357143,0.79309524,-0.00047619,0.80714286,0.79285714,-0.01428571,0.78000000,0.79333333,0.01333333,0.81845238,0.82045238,0.00200000,0.74353859,0.75160952,0.00807093,0.18382567,0.16069864,0.02312703,3.07062826,0.50842080,2.56220746,0.17840486,0.09894948,0.07945538,0.18275033,0.09894948,0.08380085
child,nb,platt,2,290,0.48275862,0.79310345,0.80344828,0.01034483,0.79333333,0.80309524,0.00976190,0.80000000,0.79285714,-0.00714286,0.78666667,0.81333333,0.02666667,0.82997619,0.83069048,0.00071429,0.75860050,0.75477736,-0.00382313,0.18457444,0.16020239,0.02437205,2.70105119,0.50273025,2.19832094,0.17074300,0.06606991,0.10467309,0.17148078,0.07410332,0.09737746
child,nb,platt,3,290,0.48275862,0.79655172,0.80344828,0.00689655,0.79666667,0.80261905,0.00595238,0.80000000,0.77857143,-0.02142857,0.79333333,0.82666667,0.03333333,0.84680952,0.84811905,0.00130952,0.77514824,0.78565805,0.01050981,0.17658170,0.15156922,0.02501248,2.26639065,0.48018867,1.78620198,0.15947014,0.05949706,0.09997308,0.16020823,0.06656618,0.09364205
child,nb,platt,4,290,0.48275862,0.82068966,0.82068966,0.00000000,0.82142857,0.82095238,-0.00047619,0.84285714,0.82857143,-0.01428571,0.80000000,0.81333333,0.01333333,0.82907143,0.82797619,-0.00109524,0.74981451,0.75460829,0.00479378,0.16386685,0.15853772,0.00532913,2.90114487,0.51060798,2.39053689,0.14769517,0.08519648,0.06249870,0.15071848,0.12315983,0.02755865
child,nb,platt,5,290,0.48275862,0.77586207,0.78275862,0.00689655,0.77690476,0.78261905,0.00571429,0.80714286,0.77857143,-0.02857143,0.74666667,0.78666667,0.04000000,0.80676190,0.81173810,0.00497619,0.71741775,0.73692447,0.01950672,0.19869172,0.16817179,0.03051993,3.24572330,0.52159913,2.72412417,0.18073927,0.06814989,0.11258938,0.18613140,0.06906879,0.11706261
child,nb,platt,6,290,0.48275862,0.83103448,0.83793103,0.00689655,0.83095238,0.83785714,0.00690476,0.82857143,0.83571429,0.00714286,0.83333333,0.84000000,0.00666667,0.84723810,0.84907143,0.00183333,0.76689301,0.78036745,0.01347445,0.14858524,0.14515797,0.00342727,2.68254901,0.47073068,2.21181833,0.13219249,0.08702904,0.04516346,0.13285354,0.10934054,0.02351300
child,nb,platt,7,290,0.48275862,0.80689655,0.82758621,0.02068966,0.80738095,0.82809524,0.02071429,0.82142857,0.84285714,0.02142857,0.79333333,0.81333333,0.02000000,0.83340476,0.84435714,0.01095238,0.75679832,0.77732478,0.02052646,0.16722244,0.15109768,0.01612477,2.78015887,0.48781370,2.29234518,0.15326461,0.07703914,0.07622546,0.15566957,0.10355514,0.05211443
child,nb,platt,8,290,0.48275862,0.81724138,0.82068966,0.00344828,0.81785714,0.82071429,0.00285714,0.83571429,0.82142857,-0.01428571,0.80000000,0.82000000,0.02000000,0.85457143,0.86109524,0.00652381,0.79247747,0.79635366,0.00387619,0.16250826,0.14637406,0.01613419,2.24714153,0.46884991,1.77829162,0.15138667,0.06523316,0.08615351,0.15580346,0.08575562,0.07004783
child,nb,platt,9,290,0.48275862,0.81034483,0.81379310,0.00344828,0.81047619,0.81380952,0.00333333,0.81428571,0.81428571,0.00000000,0.80666667,0.81333333,0.00666667,0.83147619,0.84328571,0.01180952,0.76026029,0.78206768,0.02180739,0.17949302,0.15518289,0.02431013,2.71824927,0.49097581,2.22727346,0.16644496,0.06409695,0.10234801,0.16997088,0.06571321,0.10425767
child,nb,temperature,0,290,0.48275862,0.82068966,0.82068966,0.00000000,0.82095238,0.82095238,0.00000000,0.82857143,0.82857143,0.00000000,0.81333333,0.81333333,0.00000000,0.83114286,0.82921429,-0.00192857,0.74996297,0.75344446,0.00348149,0.16284215,0.15899414,0.00384801,2.83166953,0.50345706,2.32821247,0.15855313,0.08399741,0.07455572,0.15860982,0.09978533,0.05882449
child,nb,temperature,1,290,0.48275862,0.79310345,0.79310345,0.00000000,0.79357143,0.79357143,0.00000000,0.80714286,0.80714286,0.00000000,0.78000000,0.78000000,0.00000000,0.81845238,0.82278571,0.00433333,0.74353859,0.76306347,0.01952488,0.18382567,0.16286209,0.02096358,3.07062826,0.51028521,2.56034305,0.17840486,0.08478263,0.09362223,0.18275033,0.08478263,0.09796770
child,nb,temperature,2,290,0.48275862,0.79310345,0.79310345,0.00000000,0.79333333,0.79333333,0.00000000,0.80000000,0.80000000,0.00000000,0.78666667,0.78666667,0.00000000,0.82997619,0.83011905,0.00014286,0.75860050,0.75830849,-0.00029200,0.18457444,0.16141334,0.02316110,2.70105119,0.50480906,2.19624213,0.17074300,0.06984090,0.10090210,0.17148078,0.06984090,0.10163988
child,nb,temperature,3,290,0.48275862,0.79655172,0.79655172,0.00000000,0.79666667,0.79666667,0.00000000,0.80000000,0.80000000,0.00000000,0.79333333,0.79333333,0.00000000,0.84680952,0.84902381,0.00221429,0.77514824,0.80454130,0.02939305,0.17658170,0.15292595,0.02365576,2.26639065,0.48154061,1.78485004,0.15947014,0.05051229,0.10895785,0.16020823,0.05393760,0.10627063
child,nb,temperature,4,290,0.48275862,0.82068966,0.82068966,0.00000000,0.82142857,0.82142857,0.00000000,0.84285714,0.84285714,0.00000000,0.80000000,0.80000000,0.00000000,0.82907143,0.82845238,-0.00061905,0.74981451,0.75526453,0.00545003,0.16386685,0.15861298,0.00525387,2.90114487,0.50950274,2.39164212,0.14769517,0.08943865,0.05825652,0.15071848,0.12316281,0.02755567
child,nb,temperature,5,290,0.48275862,0.77586207,0.77586207,0.00000000,0.77690476,0.77690476,0.00000000,0.80714286,0.80714286,0.00000000,0.74666667,0.74666667,0.00000000,0.80676190,0.81021429,0.00345238,0.71741775,0.74574760,0.02832984,0.19869172,0.16931848,0.02937324,3.24572330,0.52484995,2.72087336,0.18073927,0.07517343,0.10556584,0.18613140,0.07853493,0.10759647
child,nb,temperature,6,290,0.48275862,0.83103448,0.83103448,0.00000000,0.83095238,0.83095238,0.00000000,0.82857143,0.82857143,0.00000000,0.83333333,0.83333333,0.00000000,0.84723810,0.85145238,0.00421429,0.76689301,0.78951757,0.02262456,0.14858524,0.14576260,0.00282264,2.68254901,0.46974240,2.21280661,0.13219249,0.06537273,0.06681976,0.13285354,0.07512095,0.05773260
child,nb,temperature,7,290,0.48275862,0.80689655,0.80689655,0.00000000,0.80738095,0.80738095,0.00000000,0.82142857,0.82142857,0.00000000,0.79333333,0.79333333,0.00000000,0.83340476,0.84235714,0.00895238,0.75679832,0.78511546,0.02831714,0.16722244,0.15318974,0.01403270,2.78015887,0.49035382,2.28980505,0.15326461,0.08240156,0.07086305,0.15566957,0.09745291,0.05821665
child,nb,temperature,8,290,0.48275862,0.81724138,0.81724138,0.00000000,0.81785714,0.81785714,0.00000000,0.83571429,0.83571429,0.00000000,0.80000000,0.80000000,0.00000000,0.85457143,0.85900000,0.00442857,0.79247747,0.79667244,0.00419497,0.16250826,0.14799507,0.01451319,2.24714153,0.47131370,1.77582784,0.15138667,0.06186559,0.08952108,0.15580346,0.06903833,0.08676513
child,nb,temperature,9,290,0.48275862,0.81034483,0.81034483,0.00000000,0.81047619,0.81047619,0.00000000,0.81428571,0.81428571,0.00000000,0.80666667,0.80666667,0.00000000,0.83147619,0.84014286,0.00866667,0.76026029,0.77816980,0.01790951,0.17949302,0.15821425,0.02127877,2.71824927,0.49462257,2.22362669,0.16644496,0.06176894,0.10467602,0.16997088,0.06936866,0.10060222
child,nb,histbin,0,290,0.48275862,0.82068966,0.81034483,-0.01034483,0.82095238,0.81190476,-0.00904762,0.82857143,0.85714286,0.02857143,0.81333333,0.76666667,-0.04666667,0.83114286,0.80780952,-0.02333333,0.74996297,0.74663603,-0.00332695,0.16284215,0.15640738,0.00643477,2.83166953,1.29986922,1.53180031,0.15855313,0.03782050,0.12073262,0.15860982,0.06343832,0.09517150
child,nb,histbin,1,290,0.48275862,0.79310345,0.78965517,-0.00344828,0.79357143,0.79095238,-0.00261905,0.80714286,0.82857143,0.02142857,0.78000000,0.75333333,-0.02666667,0.81845238,0.81721429,-0.00123810,0.74353859,0.79683816,0.05329957,0.18382567,0.15722002,0.02660564,3.07062826,0.72258719,2.34804107,0.17840486,0.05298689,0.12541797,0.18275033,0.06553543,0.11721490
child,nb,histbin,2,290,0.48275862,0.79310345,0.78965517,-0.00344828,0.79333333,0.79023810,-0.00309524,0.80000000,0.80714286,0.00714286,0.78666667,0.77333333,-0.01333333,0.82997619,0.80771429,-0.02226190,0.75860050,0.75319345,-0.00540705,0.18457444,0.16662459,0.01794985,2.70105119,0.97504680,1.72600439,0.17074300,0.04244540,0.12829760,0.17148078,0.04649608,0.12498470
child,nb,histbin,3,290,0.48275862,0.79655172,0.80689655,0.01034483,0.79666667,0.80690476,0.01023810,0.80000000,0.80714286,0.00714286,0.79333333,0.80666667,0.01333333,0.84680952,0.79878571,-0.04802381,0.77514824,0.76062059,-0.01452766,0.17658170,0.16024837,0.01633334,2.26639065,1.07716288,1.18922776,0.15947014,0.07000361,0.08946653,0.16020823,0.07373924,0.08646899
child,nb,histbin,4,290,0.48275862,0.82068966,0.81379310,-0.00689655,0.82142857,0.81333333,-0.00809524,0.84285714,0.80000000,-0.04285714,0.80000000,0.82666667,0.02666667,0.82907143,0.80647619,-0.02259524,0.74981451,0.75788415,0.00806965,0.16386685,0.15140742,0.01245944,2.90114487,0.82783235,2.07331252,0.14769517,0.02754285,0.12015233,0.15071848,0.04166540,0.10905308
child,nb,histbin,5,290,0.48275862,0.77586207,0.78275862,0.00689655,0.77690476,0.78285714,0.00595238,0.80714286,0.78571429,-0.02142857,0.74666667,0.78000000,0.03333333,0.80676190,0.76092857,-0.04583333,0.71741775,0.68539236,-0.03202539,0.19869172,0.17997433,0.01871738,3.24572330,1.35400366,1.89171965,0.18073927,0.04459739,0.13614188,0.18613140,0.04989818,0.13623322
child,nb,histbin,6,290,0.48275862,0.83103448,0.82758621,-0.00344828,0.83095238,0.82833333,-0.00261905,0.82857143,0.85000000,0.02142857,0.83333333,0.80666667,-0.02666667,0.84723810,0.83611905,-0.01111905,0.76689301,0.76858843,0.00169543,0.14858524,0.14019139,0.00839386,2.68254901,0.79892732,1.88362169,0.13219249,0.05627222,0.07592027,0.13285354,0.06871885,0.06413469
child,nb,histbin,7,290,0.48275862,0.80689655,0.81724138,0.01034483,0.80738095,0.81857143,0.01119048,0.82142857,0.85714286,0.03571429,0.79333333,0.78000000,-0.01333333,0.83340476,0.83480952,0.00140476,0.75679832,0.75552969,-0.00126862,0.16722244,0.14975885,0.01746359,2.78015887,1.04984815,1.73031072,0.15326461,0.01831605,0.13494856,0.15566957,0.02995177,0.12571780
child,nb,histbin,8,290,0.48275862,0.81724138,0.81724138,0.00000000,0.81785714,0.81761905,-0.00023810,0.83571429,0.82857143,-0.00714286,0.80000000,0.80666667,0.00666667,0.85457143,0.82609524,-0.02847619,0.79247747,0.75799433,-0.03448315,0.16250826,0.15138153,0.01112673,2.24714153,0.82456794,1.42257359,0.15138667,0.03158246,0.11980422,0.15580346,0.05249407,0.10330939
child,nb,histbin,9,290,0.48275862,0.81034483,0.80000000,-0.01034483,0.81047619,0.80047619,-0.01000000,0.81428571,0.81428571,0.00000000,0.80666667,0.78666667,-0.02000000,0.83147619,0.82216667,-0.00930952,0.76026029,0.76216162,0.00190133,0.17949302,0.15767063,0.02182239,2.71824927,0.72421552,1.99403375,0.16644496,0.03466277,0.13178219,0.16997088,0.04500760,0.12496328
child,nb,isotonic,0,290,0.48275862,0.82068966,0.80000000,-0.02068966,0.82095238,0.80023810,-0.02071429,0.82857143,0.80714286,-0.02142857,0.81333333,0.79333333,-0.02000000,0.83114286,0.83680952,0.00566667,0.74996297,0.78170759,0.03174462,0.16284215,0.14751216,0.01532999,2.83166953,0.47007609,2.36159344,0.15855313,0.04635746,0.11219567,0.15860982,0.05324100,0.10536882
child,nb,isotonic,1,290,0.48275862,0.79310345,0.80344828,0.01034483,0.79357143,0.80404762,0.01047619,0.80714286,0.82142857,0.01428571,0.78000000,0.78666667,0.00666667,0.81845238,0.82721429,0.00876190,0.74353859,0.79022193,0.04668334,0.18382567,0.15139377,0.03243190,3.07062826,0.48012680,2.59050146,0.17840486,0.01612502,0.16227984,0.18275033,0.01953434,0.16321599
child,nb,isotonic,2,290,0.48275862,0.79310345,0.82068966,0.02758621,0.79333333,0.82095238,0.02761905,0.80000000,0.82857143,0.02857143,0.78666667,0.81333333,0.02666667,0.82997619,0.83976190,0.00978571,0.75860050,0.78954047,0.03093997,0.18457444,0.15289882,0.03167562,2.70105119,0.48226754,2.21878365,0.17074300,0.02009568,0.15064732,0.17148078,0.04074728,0.13073350
child,nb,isotonic,3,290,0.48275862,0.79655172,0.82413793,0.02758621,0.79666667,0.82404762,0.02738095,0.80000000,0.82142857,0.02142857,0.79333333,0.82666667,0.03333333,0.84680952,0.83714286,-0.00966667,0.77514824,0.79119910,0.01605086,0.17658170,0.14875859,0.02782311,2.26639065,0.47112465,1.79526599,0.15947014,0.03725060,0.12221955,0.16020823,0.04324103,0.11696720
child,nb,isotonic,4,290,0.48275862,0.82068966,0.82068966,0.00000000,0.82142857,0.82071429,-0.00071429,0.84285714,0.82142857,-0.02142857,0.80000000,0.82000000,0.02000000,0.82907143,0.82176190,-0.00730952,0.74981451,0.75744528,0.00763078,0.16386685,0.15042194,0.01344491,2.90114487,0.48618671,2.41495816,0.14769517,0.04590452,0.10179065,0.15071848,0.10593748,0.04478100
child,nb,isotonic,5,290,0.48275862,0.77586207,0.77931034,0.00344828,0.77690476,0.78071429,0.00380952,0.80714286,0.82142857,0.01428571,0.74666667,0.74000000,-0.00666667,0.80676190,0.81392857,0.00716667,0.71741775,0.78305210,0.06563434,0.19869172,0.16818817,0.03050355,3.24572330,0.51721683,2.72850648,0.18073927,0.03871046,0.14202882,0.18613140,0.04566055,0.14047084
child,nb,isotonic,6,290,0.48275862,0.83103448,0.83793103,0.00689655,0.83095238,0.83833333,0.00738095,0.82857143,0.85000000,0.02142857,0.83333333,0.82666667,-0.00666667,0.84723810,0.84871429,0.00147619,0.76689301,0.78742314,0.02053014,0.14858524,0.13583243,0.01275281,2.68254901,0.44341031,2.23913870,0.13219249,0.02591540,0.10627709,0.13285354,0.02828513,0.10456841
child,nb,isotonic,7,290,0.48275862,0.80689655,0.82413793,0.01724138,0.80738095,0.82523810,0.01785714,0.82142857,0.85714286,0.03571429,0.79333333,0.79333333,0.00000000,0.83340476,0.84880952,0.01540476,0.75679832,0.79870438,0.04190606,0.16722244,0.14136305,0.02585939,2.78015887,0.45754284,2.32261603,0.15326461,0.02511840,0.12814621,0.15566957,0.04930708,0.10636249
child,nb,isotonic,8,290,0.48275862,0.81724138,0.82068966,0.00344828,0.81785714,0.82166667,0.00380952,0.83571429,0.85000000,0.01428571,0.80000000,0.79333333,-0.00666667,0.85457143,0.84923810,-0.00533333,0.79247747,0.79190717,-0.00057030,0.16250826,0.14452076,0.01798750,2.24714153,0.46100574,1.78613579,0.15138667,0.02703608,0.12435059,0.15580346,0.04840416,0.10739930
child,nb,isotonic,9,290,0.48275862,0.81034483,0.79655172,-0.01379310,0.81047619,0.79761905,-0.01285714,0.81428571,0.82857143,0.01428571,0.80666667,0.76666667,-0.04000000,0.83147619,0.84716667,0.01569048,0.76026029,0.79163056,0.03137027,0.17949302,0.14669173,0.03280129,2.71824927,0.46534531,2.25290395,0.16644496,0.02919407,0.13725089,0.16997088,0.04132860,0.12864228
child,nb,beta,0,290,0.48275862,0.82068966,0.83103448,0.01034483,0.82095238,0.83142857,0.01047619,0.82857143,0.84285714,0.01428571,0.81333333,0.82000000,0.00666667,0.83114286,0.83950000,0.00835714,0.74996297,0.76536085,0.01539787,0.16284215,0.15496088,0.00788127,2.83166953,0.49224717,2.33942236,0.15855313,0.07448263,0.08407049,0.15860982,0.10136288,0.05724694
child,nb,beta,1,290,0.48275862,0.79310345,0.81034483,0.01724138,0.79357143,0.81047619,0.01690476,0.80714286,0.81428571,0.00714286,0.78000000,0.80666667,0.02666667,0.81845238,0.82916667,0.01071429,0.74353859,0.77492429,0.03138570,0.18382567,0.15963412,0.02419155,3.07062826,0.50435267,2.56627560,0.17840486,0.09515624,0.08324862,0.18275033,0.10371797,0.07903236
child,nb,beta,2,290,0.48275862,0.79310345,0.82068966,0.02758621,0.79333333,0.82047619,0.02714286,0.80000000,0.81428571,0.01428571,0.78666667,0.82666667,0.04000000,0.82997619,0.83459524,0.00461905,0.75860050,0.77483998,0.01623948,0.18457444,0.15861533,0.02595910,2.70105119,0.50035701,2.20069418,0.17074300,0.07187031,0.09887269,0.17148078,0.09590681,0.07557397
child,nb,beta,3,290,0.48275862,0.79655172,0.80000000,0.00344828,0.79666667,0.79833333,0.00166667,0.80000000,0.75000000,-0.05000000,0.79333333,0.84666667,0.05333333,0.84680952,0.85330952,0.00650000,0.77514824,0.79991968,0.02477144,0.17658170,0.15106757,0.02551413,2.26639065,0.47896320,1.78742745,0.15947014,0.08143154,0.07803860,0.16020823,0.08143154,0.07877669
child,nb,beta,4,290,0.48275862,0.82068966,0.80000000,-0.02068966,0.82142857,0.79928571,-0.02214286,0.84285714,0.77857143,-0.06428571,0.80000000,0.82000000,0.02000000,0.82907143,0.82502381,-0.00404762,0.74981451,0.74529213,-0.00452238,0.16386685,0.15981651,0.00405034,2.90114487,0.51636201,2.38478285,0.14769517,0.10251731,0.04517787,0.15071848,0.14429724,0.00642124
child,nb,beta,5,290,0.48275862,0.77586207,0.78275862,0.00689655,0.77690476,0.78285714,0.00595238,0.80714286,0.78571429,-0.02142857,0.74666667,0.78000000,0.03333333,0.80676190,0.81421429,0.00745238,0.71741775,0.74084666,0.02342891,0.19869172,0.16735260,0.03133912,3.24572330,0.52010617,2.72561713,0.18073927,0.06354261,0.11719666,0.18613140,0.06731874,0.11881266
child,nb,beta,6,290,0.48275862,0.83103448,0.83793103,0.00689655,0.83095238,0.83904762,0.00809524,0.82857143,0.87142857,0.04285714,0.83333333,0.80666667,-0.02666667,0.84723810,0.85211905,0.00488095,0.76689301,0.78114047,0.01424746,0.14858524,0.14479249,0.00379275,2.68254901,0.47254955,2.20999946,0.13219249,0.09789179,0.03430070,0.13285354,0.11819486,0.01465868
child,nb,beta,7,290,0.48275862,0.80689655,0.81724138,0.01034483,0.80738095,0.81833333,0.01095238,0.82142857,0.85000000,0.02857143,0.79333333,0.78666667,-0.00666667,0.83340476,0.84492857,0.01152381,0.75679832,0.78861254,0.03181423,0.16722244,0.14919149,0.01803095,2.78015887,0.48485262,2.29530625,0.15326461,0.07505707,0.07820754,0.15566957,0.09078620,0.06488337
child,nb,beta,8,290,0.48275862,0.81724138,0.81379310,-0.00344828,0.81785714,0.81404762,-0.00380952,0.83571429,0.82142857,-0.01428571,0.80000000,0.80666667,0.00666667,0.85457143,0.85833333,0.00376190,0.79247747,0.80156194,0.00908447,0.16250826,0.14658836,0.01591990,2.24714153,0.46666956,1.78047197,0.15138667,0.05418971,0.09719696,0.15580346,0.05758536,0.09821810
child,nb,beta,9,290,0.48275862,0.81034483,0.80689655,-0.00344828,0.81047619,0.80714286,-0.00333333,0.81428571,0.81428571,0.00000000,0.80666667,0.80000000,-0.00666667,0.83147619,0.84633333,0.01485714,0.76026029,0.78775067,0.02749038,0.17949302,0.15224025,0.02725277,2.71824927,0.48212808,2.23612119,0.16644496,0.08296411,0.08348085,0.16997088,0.08296411,0.08700677
child,rf,platt,0,290,0.48275862,0.93793103,0.93103448,-0.00689655,0.93833333,0.93095238,-0.00738095,0.95000000,0.92857143,-0.02142857,0.92666667,0.93333333,0.00666667,0.98842857,0.98785714,-0.00057143,0.98815202,0.98763539,-0.00051663,0.08824546,0.04533711,0.04290835,0.31891834,0.14120671,0.17771163,0.16094717,0.01438821,0.14655896,0.18879090,0.03056720,0.15822370
child,rf,platt,1,290,0.48275862,0.93793103,0.93103448,-0.00689655,0.93857143,0.93095238,-0.00761905,0.95714286,0.92857143,-0.02857143,0.92000000,0.93333333,0.01333333,0.98566667,0.98523810,-0.00042857,0.98510172,0.98493723,-0.00016449,0.09122665,0.04859434,0.04263232,0.32611001,0.15117390,0.17493612,0.15352891,0.02695125,0.12657766,0.19295195,0.04464102,0.14831093
child,rf,platt,2,290,0.48275862,0.93793103,0.94137931,0.00344828,0.93833333,0.94142857,0.00309524,0.95000000,0.94285714,-0.00714286,0.92666667,0.94000000,0.01333333,0.98633333,0.98533333,-0.00100000,0.98664414,0.98597896,-0.00066518,0.08999761,0.04627779,0.04371982,0.32224699,0.15321370,0.16903329,0.16203663,0.00596768,0.15606895,0.18974700,0.03489919,0.15484780
child,rf,platt,3,290,0.48275862,0.92068966,0.92413793,0.00344828,0.92095238,0.92428571,0.00333333,0.92857143,0.92857143,0.00000000,0.91333333,0.92000000,0.00666667,0.98514286,0.98414286,-0.00100000,0.98457312,0.98335661,-0.00121651,0.08962173,0.05286899,0.03675274,0.32094068,0.15845037,0.16249031,0.15065970,0.01583162,0.13482809,0.17107273,0.03464777,0.13642496
child,rf,platt,4,290,0.48275862,0.95517241,0.94827586,-0.00689655,0.95547619,0.94833333,-0.00714286,0.96428571,0.95000000,-0.01428571,0.94666667,0.94666667,0.00000000,0.98842857,0.98804762,-0.00038095,0.98766206,0.98708352,-0.00057854,0.08853327,0.04160126,0.04693202,0.31997801,0.13778505,0.18219296,0.15134749,0.01760713,0.13374036,0.20659836,0.04274442,0.16385394
child,rf,platt,5,290,0.48275862,0.93793103,0.93448276,-0.00344828,0.93809524,0.93404762,-0.00404762,0.94285714,0.92142857,-0.02142857,0.93333333,0.94666667,0.01333333,0.98495238,0.98466667,-0.00028571,0.98463288,0.98454738,-0.00008550,0.08982682,0.04908109,0.04074573,0.32218738,0.15810078,0.16408660,0.15158840,0.01563289,0.13595552,0.18880779,0.01589433,0.17291346
child,rf,platt,6,290,0.48275862,0.94827586,0.95172414,0.00344828,0.94809524,0.95119048,0.00309524,0.94285714,0.93571429,-0.00714286,0.95333333,0.96666667,0.01333333,0.99185714,0.99190476,0.00004762,0.99176109,0.99179607,0.00003498,0.08680923,0.03666151,0.05014772,0.31584847,0.12123724,0.19461124,0.16862246,0.02172300,0.14689947,0.19925270,0.02889594,0.17035676
child,rf,platt,7,290,0.48275862,0.94827586,0.94137931,-0.00689655,0.94857143,0.94142857,-0.00714286,0.95714286,0.94285714,-0.01428571,0.94000000,0.94000000,0.00000000,0.98995238,0.99004762,0.00009524,0.99009317,0.99017747,0.00008430,0.08734183,0.03972003,0.04762180,0.31682521,0.12845041,0.18837480,0.17133174,0.02260810,0.14872364,0.19891709,0.02592958,0.17298751
child,rf,platt,8,290,0.48275862,0.92758621,0.92758621,0.00000000,0.92738095,0.92714286,-0.00023810,0.92142857,0.91428571,-0.00714286,0.93333333,0.94000000,0.00666667,0.98923810,0.98885714,-0.00038095,0.98904201,0.98874234,-0.00029967,0.08855932,0.04513502,0.04342430,0.31918372,0.13673235,0.18245137,0.16793757,0.01699717,0.15094040,0.17948338,0.02679272,0.15269066
child,rf,platt,9,290,0.48275862,0.93793103,0.93793103,0.00000000,0.93833333,0.93761905,-0.00071429,0.95000000,0.92857143,-0.02142857,0.92666667,0.94666667,0.02000000,0.98657143,0.98595238,-0.00061905,0.98624589,0.98541228,-0.00083361,0.09101071,0.04542448,0.04558623,0.32595558,0.15103754,0.17491804,0.16147954,0.01859727,0.14288228,0.19304077,0.03331845,0.15972232
child,rf,temperature,0,290,0.48275862,0.93793103,0.93793103,0.00000000,0.93833333,0.93833333,0.00000000,0.95000000,0.95000000,0.00000000,0.92666667,0.92666667,0.00000000,0.98842857,0.98790476,-0.00052381,0.98815202,0.98771139,-0.00044062,0.08824546,0.04447505,0.04377041,0.31891834,0.14002402,0.17889432,0.16094717,0.00720223,0.15374494,0.18879090,0.02247272,0.16631818
child,rf,temperature,1,290,0.48275862,0.93793103,0.93793103,0.00000000,0.93857143,0.93857143,0.00000000,0.95714286,0.95714286,0.00000000,0.92000000,0.92000000,0.00000000,0.98566667,0.98595238,0.00028571,0.98510172,0.98539092,0.00028920,0.09122665,0.04877525,0.04245141,0.32611001,0.15190132,0.17420869,0.15352891,0.02149914,0.13202977,0.19295195,0.03492470,0.15802725
child,rf,temperature,2,290,0.48275862,0.93793103,0.93793103,0.00000000,0.93833333,0.93833333,0.00000000,0.95000000,0.95000000,0.00000000,0.92666667,0.92666667,0.00000000,0.98633333,0.98557143,-0.00076190,0.98664414,0.98619301,-0.00045113,0.08999761,0.04687556,0.04312205,0.32224699,0.15389688,0.16835011,0.16203663,0.01608843,0.14594820,0.18974700,0.03477908,0.15496792
child,rf,temperature,3,290,0.48275862,0.92068966,0.92068966,0.00000000,0.92095238,0.92095238,0.00000000,0.92857143,0.92857143,0.00000000,0.91333333,0.91333333,0.00000000,0.98514286,0.98480952,-0.00033333,0.98457312,0.98405122,-0.00052190,0.08962173,0.05137964,0.03824209,0.32094068,0.15563988,0.16530080,0.15065970,0.01354211,0.13711759,0.17107273,0.04030395,0.13076879
child,rf,temperature,4,290,0.48275862,0.95517241,0.95517241,0.00000000,0.95547619,0.95547619,0.00000000,0.96428571,0.96428571,0.00000000,0.94666667,0.94666667,0.00000000,0.98842857,0.98776190,-0.00066667,0.98766206,0.98681145,-0.00085062,0.08853327,0.04251477,0.04601850,0.31997801,0.14189039,0.17808762,0.15134749,0.01374732,0.13760017,0.20659836,0.04517743,0.16142093
child,rf,temperature,5,290,0.48275862,0.93793103,0.93793103,0.00000000,0.93809524,0.93809524,0.00000000,0.94285714,0.94285714,0.00000000,0.93333333,0.93333333,0.00000000,0.98495238,0.98485714,-0.00009524,0.98463288,0.98472369,0.00009081,0.08982682,0.04880973,0.04101710,0.32218738,0.15649993,0.16568744,0.15158840,0.00937440,0.14221400,0.18880779,0.01634745,0.17246034
child,rf,temperature,6,290,0.48275862,0.94827586,0.94827586,0.00000000,0.94809524,0.94809524,0.00000000,0.94285714,0.94285714,0.00000000,0.95333333,0.95333333,0.00000000,0.99185714,0.99195238,0.00009524,0.99176109,0.99182501,0.00006392,0.08680923,0.03695945,0.04984978,0.31584847,0.12288846,0.19296001,0.16862246,0.02579101,0.14283146,0.19925270,0.04468731,0.15456539
child,rf,temperature,7,290,0.48275862,0.94827586,0.94827586,0.00000000,0.94857143,0.94857143,0.00000000,0.95714286,0.95714286,0.00000000,0.94000000,0.94000000,0.00000000,0.98995238,0.98971429,-0.00023810,0.99009317,0.98985119,-0.00024197,0.08734183,0.04094246,0.04639937,0.31682521,0.13089683,0.18592838,0.17133174,0.01982301,0.15150873,0.19891709,0.02406514,0.17485195
child,rf,temperature,8,290,0.48275862,0.92758621,0.92758621,0.00000000,0.92738095,0.92738095,0.00000000,0.92142857,0.92142857,0.00000000,0.93333333,0.93333333,0.00000000,0.98923810,0.98928571,0.00004762,0.98904201,0.98901793,-0.00002407,0.08855932,0.04374422,0.04481510,0.31918372,0.13443893,0.18474479,0.16793757,0.00976912,0.15816845,0.17948338,0.02889866,0.15058472
child,rf,temperature,9,290,0.48275862,0.93793103,0.93793103,0.00000000,0.93833333,0.93833333,0.00000000,0.95000000,0.95000000,0.00000000,0.92666667,0.92666667,0.00000000,0.98657143,0.98519048,-0.00138095,0.98624589,0.98462037,-0.00162553,0.09101071,0.04734634,0.04366436,0.32595558,0.15684792,0.16910766,0.16147954,0.01694788,0.14453166,0.19304077,0.02518367,0.16785710
child,rf,histbin,0,290,0.48275862,0.93793103,0.91724138,-0.02068966,0.93833333,0.91690476,-0.02142857,0.95000000,0.90714286,-0.04285714,0.92666667,0.92666667,0.00000000,0.98842857,0.98430952,-0.00411905,0.98815202,0.98165837,-0.00649365,0.08824546,0.04902728,0.03921817,0.31891834,0.15075452,0.16816381,0.16094717,0.03186632,0.12908086,0.18879090,0.03186632,0.15692459
child,rf,histbin,1,290,0.48275862,0.93793103,0.93793103,0.00000000,0.93857143,0.93857143,0.00000000,0.95714286,0.95714286,0.00000000,0.92000000,0.92000000,0.00000000,0.98566667,0.98023810,-0.00542857,0.98510172,0.97782156,-0.00728015,0.09122665,0.05235070,0.03887596,0.32611001,0.17608832,0.15002170,0.15352891,0.02396601,0.12956290,0.19295195,0.04316413,0.14978782
child,rf,histbin,2,290,0.48275862,0.93793103,0.93793103,0.00000000,0.93833333,0.93833333,0.00000000,0.95000000,0.95000000,0.00000000,0.92666667,0.92666667,0.00000000,0.98633333,0.97938095,-0.00695238,0.98664414,0.97884077,-0.00780337,0.08999761,0.04881798,0.04117963,0.32224699,0.37972428,-0.05747729,0.16203663,0.01698847,0.14504816,0.18974700,0.02114683,0.16860016
child,rf,histbin,3,290,0.48275862,0.92068966,0.92068966,0.00000000,0.92095238,0.92095238,0.00000000,0.92857143,0.92857143,0.00000000,0.91333333,0.91333333,0.00000000,0.98514286,0.97985714,-0.00528571,0.98457312,0.97228553,-0.01228759,0.08962173,0.05403244,0.03558929,0.32094068,0.27363051,0.04731017,0.15065970,0.00721332,0.14344638,0.17107273,0.03473683,0.13633590
child,rf,histbin,4,290,0.48275862,0.95517241,0.95517241,0.00000000,0.95547619,0.95547619,0.00000000,0.96428571,0.96428571,0.00000000,0.94666667,0.94666667,0.00000000,0.98842857,0.98704762,-0.00138095,0.98766206,0.98512989,-0.00253217,0.08853327,0.04474744,0.04378584,0.31997801,0.14911445,0.17086356,0.15134749,0.03393706,0.11741043,0.20659836,0.04398632,0.16261203
child,rf,histbin,5,290,0.48275862,0.93793103,0.93793103,0.00000000,0.93809524,0.93809524,0.00000000,0.94285714,0.94285714,0.00000000,0.93333333,0.93333333,0.00000000,0.98495238,0.98345238,-0.00150000,0.98463288,0.98156216,-0.00307072,0.08982682,0.05009058,0.03973624,0.32218738,0.16527052,0.15691686,0.15158840,0.01738423,0.13420417,0.18880779,0.02667873,0.16212906
child,rf,histbin,6,290,0.48275862,0.94827586,0.94827586,0.00000000,0.94809524,0.94809524,0.00000000,0.94285714,0.94285714,0.00000000,0.95333333,0.95333333,0.00000000,0.99185714,0.98545238,-0.00640476,0.99176109,0.98365668,-0.00810442,0.08680923,0.04414613,0.04266310,0.31584847,0.14192426,0.17392422,0.16862246,0.02027286,0.14834960,0.19925270,0.03412402,0.16512868
child,rf,histbin,7,290,0.48275862,0.94827586,0.94827586,0.00000000,0.94857143,0.94857143,0.00000000,0.95714286,0.95714286,0.00000000,0.94000000,0.94000000,0.00000000,0.98995238,0.98816667,-0.00178571,0.99009317,0.98691607,-0.00317710,0.08734183,0.04096312,0.04637871,0.31682521,0.13171584,0.18510937,0.17133174,0.01663249,0.15469925,0.19891709,0.02527213,0.17364496
child,rf,histbin,8,290,0.48275862,0.92758621,0.92758621,0.00000000,0.92738095,0.92738095,0.00000000,0.92142857,0.92142857,0.00000000,0.93333333,0.93333333,0.00000000,0.98923810,0.98159524,-0.00764286,0.98904201,0.98028279,-0.00875922,0.08855932,0.05651349,0.03204584,0.31918372,0.17558932,0.14359441,0.16793757,0.02167965,0.14625792,0.17948338,0.03575373,0.14372966
child,rf,histbin,9,290,0.48275862,0.93793103,0.93793103,0.00000000,0.93833333,0.93833333,0.00000000,0.95000000,0.95000000,0.00000000,0.92666667,0.92666667,0.00000000,0.98657143,0.97769048,-0.00888095,0.98624589,0.96638228,-0.01986361,0.09101071,0.04979748,0.04121323,0.32595558,0.38693567,-0.06098008,0.16147954,0.00990638,0.15157316,0.19304077,0.01339364,0.17964713
child,rf,isotonic,0,290,0.48275862,0.93793103,0.93448276,-0.00344828,0.93833333,0.93476190,-0.00357143,0.95000000,0.94285714,-0.00714286,0.92666667,0.92666667,0.00000000,0.98842857,0.98342857,-0.00500000,0.98815202,0.98335656,-0.00479545,0.08824546,0.04799165,0.04025381,0.31891834,0.26255977,0.05635857,0.16094717,0.03308315,0.12786403,0.18879090,0.05243298,0.13635792
child,rf,isotonic,1,290,0.48275862,0.93793103,0.93793103,0.00000000,0.93857143,0.93833333,-0.00023810,0.95714286,0.95000000,-0.00714286,0.92000000,0.92666667,0.00666667,0.98566667,0.98488095,-0.00078571,0.98510172,0.98350028,-0.00160144,0.09122665,0.04813545,0.04309120,0.32611001,0.15299617,0.17311384,0.15352891,0.01430220,0.13922671,0.19295195,0.03615845,0.15679350
child,rf,isotonic,2,290,0.48275862,0.93793103,0.93793103,0.00000000,0.93833333,0.93833333,0.00000000,0.95000000,0.95000000,0.00000000,0.92666667,0.92666667,0.00000000,0.98633333,0.98057143,-0.00576190,0.98664414,0.98098286,-0.00566128,0.08999761,0.04657759,0.04342002,0.32224699,0.37173586,-0.04948887,0.16203663,0.01600371,0.14603292,0.18974700,0.03278140,0.15696559
child,rf,isotonic,3,290,0.48275862,0.92068966,0.92068966,0.00000000,0.92095238,0.92023810,-0.00071429,0.92857143,0.90714286,-0.02142857,0.91333333,0.93333333,0.02000000,0.98514286,0.98135714,-0.00378571,0.98457312,0.97426216,-0.01031096,0.08962173,0.05445576,0.03516597,0.32094068,0.27767812,0.04326256,0.15065970,0.03633632,0.11432339,0.17107273,0.04547637,0.12559636
child,rf,isotonic,4,290,0.48275862,0.95517241,0.93448276,-0.02068966,0.95547619,0.93452381,-0.02095238,0.96428571,0.93571429,-0.02857143,0.94666667,0.93333333,-0.01333333,0.98842857,0.98576190,-0.00266667,0.98766206,0.98446106,-0.00320100,0.08853327,0.04808092,0.04045235,0.31997801,0.14954751,0.17043050,0.15134749,0.01915408,0.13219342,0.20659836,0.03654828,0.17005008
child,rf,isotonic,5,290,0.48275862,0.93793103,0.93103448,-0.00689655,0.93809524,0.93047619,-0.00761905,0.94285714,0.91428571,-0.02857143,0.93333333,0.94666667,0.01333333,0.98495238,0.97997619,-0.00497619,0.98463288,0.97472055,-0.00991233,0.08982682,0.05326217,0.03656465,0.32218738,0.28337520,0.03881218,0.15158840,0.02854810,0.12304030,0.18880779,0.03616772,0.15264007
child,rf,isotonic,6,290,0.48275862,0.94827586,0.95517241,0.00689655,0.94809524,0.95523810,0.00714286,0.94285714,0.95714286,0.01428571,0.95333333,0.95333333,0.00000000,0.99185714,0.99092857,-0.00092857,0.99176109,0.98959699,-0.00216411,0.08680923,0.03766199,0.04914725,0.31584847,0.11800919,0.19783929,0.16862246,0.01911780,0.14950466,0.19925270,0.02194793,0.17730477
child,rf,isotonic,7,290,0.48275862,0.94827586,0.93448276,-0.01379310,0.94857143,0.93452381,-0.01404762,0.95714286,0.93571429,-0.02142857,0.94000000,0.93333333,-0.00666667,0.98995238,0.98933333,-0.00061905,0.99009317,0.98856534,-0.00152783,0.08734183,0.04308232,0.04425950,0.31682521,0.13068542,0.18613979,0.17133174,0.01343738,0.15789436,0.19891709,0.03647356,0.16244353
child,rf,isotonic,8,290,0.48275862,0.92758621,0.92758621,0.00000000,0.92738095,0.92690476,-0.00047619,0.92142857,0.90714286,-0.01428571,0.93333333,0.94666667,0.01333333,0.98923810,0.98911905,-0.00011905,0.98904201,0.98764521,-0.00139680,0.08855932,0.04553237,0.04302695,0.31918372,0.13349608,0.18568764,0.16793757,0.02589943,0.14203814,0.17948338,0.02889376,0.15058962
child,rf,isotonic,9,290,0.48275862,0.93793103,0.92413793,-0.01379310,0.93833333,0.92404762,-0.01428571,0.95000000,0.92142857,-0.02857143,0.92666667,0.92666667,0.00000000,0.98657143,0.97983333,-0.00673810,0.98624589,0.96964608,-0.01659981,0.09101071,0.04993036,0.04108034,0.32595558,0.38343062,-0.05747503,0.16147954,0.01424213,0.14723741,0.19304077,0.02971299,0.16332778
child,rf,beta,0,290,0.48275862,0.93793103,0.93448276,-0.00344828,0.93833333,0.93428571,-0.00404762,0.95000000,0.92857143,-0.02142857,0.92666667,0.94000000,0.01333333,0.98842857,0.98771429,-0.00071429,0.98815202,0.98753572,-0.00061630,0.08824546,0.04568375,0.04256171,0.31891834,0.14199391,0.17692443,0.16094717,0.01402201,0.14692516,0.18879090,0.02349301,0.16529790
child,rf,beta,1,290,0.48275862,0.93793103,0.93103448,-0.00689655,0.93857143,0.93095238,-0.00761905,0.95714286,0.92857143,-0.02857143,0.92000000,0.93333333,0.01333333,0.98566667,0.98538095,-0.00028571,0.98510172,0.98506313,-0.00003859,0.09122665,0.04815330,0.04307335,0.32611001,0.15035913,0.17575089,0.15352891,0.02579740,0.12773152,0.19295195,0.04449246,0.14845949
child,rf,beta,2,290,0.48275862,0.93793103,0.94137931,0.00344828,0.93833333,0.94142857,0.00309524,0.95000000,0.94285714,-0.00714286,0.92666667,0.94000000,0.01333333,0.98633333,0.98561905,-0.00071429,0.98664414,0.98616755,-0.00047658,0.08999761,0.04598487,0.04401274,0.32224699,0.15225494,0.16999204,0.16203663,0.00709207,0.15494456,0.18974700,0.03222136,0.15752564
child,rf,beta,3,290,0.48275862,0.92068966,0.91724138,-0.00344828,0.92095238,0.91738095,-0.00357143,0.92857143,0.92142857,-0.00714286,0.91333333,0.91333333,0.00000000,0.98514286,0.98385714,-0.00128571,0.98457312,0.98308702,-0.00148610,0.08962173,0.05358681,0.03603492,0.32094068,0.16119881,0.15974187,0.15065970,0.01651540,0.13414431,0.17107273,0.03603738,0.13503535
child,rf,beta,4,290,0.48275862,0.95517241,0.94827586,-0.00689655,0.95547619,0.94833333,-0.00714286,0.96428571,0.95000000,-0.01428571,0.94666667,0.94666667,0.00000000,0.98842857,0.98823810,-0.00019048,0.98766206,0.98737493,-0.00028713,0.08853327,0.04165774,0.04687553,0.31997801,0.13767637,0.18230164,0.15134749,0.02272589,0.12862160,0.20659836,0.04707301,0.15952535
child,rf,beta,5,290,0.48275862,0.93793103,0.93448276,-0.00344828,0.93809524,0.93404762,-0.00404762,0.94285714,0.92142857,-0.02142857,0.93333333,0.94666667,0.01333333,0.98495238,0.98476190,-0.00019048,0.98463288,0.98465611,0.00002323,0.08982682,0.04912085,0.04070597,0.32218738,0.15838438,0.16380300,0.15158840,0.01409356,0.13749484,0.18880779,0.01759972,0.17120807
child,rf,beta,6,290,0.48275862,0.94827586,0.95172414,0.00344828,0.94809524,0.95119048,0.00309524,0.94285714,0.93571429,-0.00714286,0.95333333,0.96666667,0.01333333,0.99185714,0.99161905,-0.00023810,0.99176109,0.99148586,-0.00027523,0.08680923,0.03702366,0.04978558,0.31584847,0.12145182,0.19439665,0.16862246,0.02025740,0.14836506,0.19925270,0.03167821,0.16757448
child,rf,beta,7,290,0.48275862,0.94827586,0.94137931,-0.00689655,0.94857143,0.94142857,-0.00714286,0.95714286,0.94285714,-0.01428571,0.94000000,0.94000000,0.00000000,0.98995238,0.98990476,-0.00004762,0.99009317,0.99000578,-0.00008739,0.08734183,0.04009811,0.04724372,0.31682521,0.12936164,0.18746356,0.17133174,0.02267859,0.14865315,0.19891709,0.02975453,0.16916256
child,rf,beta,8,290,0.48275862,0.92758621,0.92758621,0.00000000,0.92738095,0.92714286,-0.00023810,0.92142857,0.91428571,-0.00714286,0.93333333,0.94000000,0.00666667,0.98923810,0.98866667,-0.00057143,0.98904201,0.98854321,-0.00049880,0.08855932,0.04537163,0.04318770,0.31918372,0.13726669,0.18191703,0.16793757,0.01864812,0.14928946,0.17948338,0.02543925,0.15404413
child,rf,beta,9,290,0.48275862,0.93793103,0.93793103,0.00000000,0.93833333,0.93761905,-0.00071429,0.95000000,0.92857143,-0.02142857,0.92666667,0.94666667,0.02000000,0.98657143,0.98561905,-0.00095238,0.98624589,0.98483716,-0.00140873,0.09101071,0.04539146,0.04561925,0.32595558,0.15373919,0.17221639,0.16147954,0.01474796,0.14673158,0.19304077,0.04060963,0.15243113
child,svm,platt,0,290,0.48275862,0.96896552,0.96896552,0.00000000,0.96857143,0.96857143,0.00000000,0.95714286,0.95714286,0.00000000,0.98000000,0.98000000,0.00000000,0.99666667,0.99752381,0.00085714,0.99662098,0.99743747,0.00081649,0.08201374,0.02127685,0.06073690,0.31249519,0.06814606,0.24434914,0.19285843,0.00907744,0.18378099,0.22359061,0.01537554,0.20821507
child,svm,platt,1,290,0.48275862,0.97586207,0.97586207,0.00000000,0.97595238,0.97547619,-0.00047619,0.97857143,0.96428571,-0.01428571,0.97333333,0.98666667,0.01333333,0.99676190,0.99657143,-0.00019048,0.99653965,0.99639501,-0.00014465,0.08247485,0.02272559,0.05974925,0.31362718,0.07586068,0.23776650,0.17958512,0.00713303,0.17245209,0.23149924,0.02699787,0.20450137
child,svm,platt,2,290,0.48275862,0.96206897,0.96551724,0.00344828,0.96238095,0.96571429,0.00333333,0.97142857,0.97142857,0.00000000,0.95333333,0.96000000,0.00666667,0.99766667,0.99714286,-0.00052381,0.99766245,0.99716425,-0.00049819,0.08081214,0.02199755,0.05881460,0.31025888,0.06882000,0.24143888,0.20144395,0.02527302,0.17617094,0.21625997,0.03212812,0.18413185
child,svm,platt,3,290,0.48275862,0.96206897,0.96206897,0.00000000,0.96190476,0.96190476,0.00000000,0.95714286,0.95714286,0.00000000,0.96666667,0.96666667,0.00000000,0.99552381,0.99480952,-0.00071429,0.99552021,0.99482488,-0.00069533,0.08395156,0.02729056,0.05666100,0.31650416,0.08600878,0.23049539,0.18623059,0.01449990,0.17173070,0.21864941,0.01474959,0.20389981
child,svm,platt,4,290,0.48275862,0.95862069,0.96206897,0.00344828,0.95880952,0.96190476,0.00309524,0.96428571,0.95714286,-0.00714286,0.95333333,0.96666667,0.01333333,0.99561905,0.99538095,-0.00023810,0.99538543,0.99515470,-0.00023073,0.08241530,0.02779601,0.05461929,0.31298255,0.08831500,0.22466755,0.18972393,0.01262163,0.17710230,0.21225861,0.02484169,0.18741692
child,svm,platt,5,290,0.48275862,0.97241379,0.96896552,-0.00344828,0.97285714,0.96904762,-0.00380952,0.98571429,0.97142857,-0.01428571,0.96000000,0.96666667,0.00666667,0.99509524,0.99433333,-0.00076190,0.99490306,0.99416095,-0.00074211,0.08439568,0.02744604,0.05694964,0.31770201,0.09780189,0.21990011,0.18006116,0.01677152,0.16328965,0.22933306,0.02458602,0.20474704
child,svm,platt,6,290,0.48275862,0.97931034,0.98275862,0.00344828,0.97904762,0.98238095,0.00333333,0.97142857,0.97142857,0.00000000,0.98666667,0.99333333,0.00666667,0.99842857,0.99880952,0.00038095,0.99838019,0.99878025,0.00040006,0.07945132,0.01522746,0.06422387,0.30687724,0.05289077,0.25398647,0.20135315,0.02049840,0.18085475,0.23192786,0.02537087,0.20655699
child,svm,platt,7,290,0.48275862,0.96551724,0.97241379,0.00689655,0.96571429,0.97238095,0.00666667,0.97142857,0.97142857,0.00000000,0.96000000,0.97333333,0.01333333,0.99628571,0.99580952,-0.00047619,0.99605843,0.99558099,-0.00047744,0.08106663,0.02450684,0.05655979,0.31018394,0.08420183,0.22598211,0.19118283,0.02037664,0.17080619,0.21803291,0.02572603,0.19230688
child,svm,platt,8,290,0.48275862,0.97241379,0.96896552,-0.00344828,0.97190476,0.96833333,-0.00357143,0.95714286,0.95000000,-0.00714286,0.98666667,0.98666667,0.00000000,0.99600000,0.99576190,-0.00023810,0.99600326,0.99579829,-0.00020497,0.08321814,0.02473466,0.05848348,0.31546443,0.07956443,0.23590000,0.19971955,0.00510969,0.19460987,0.22932405,0.01833196,0.21099209
child,svm,platt,9,290,0.48275862,0.95517241,0.96896552,0.01379310,0.95547619,0.96952381,0.01404762,0.96428571,0.98571429,0.02142857,0.94666667,0.95333333,0.00666667,0.99514286,0.99566667,0.00052381,0.99498434,0.99530587,0.00032154,0.08345736,0.02691311,0.05654425,0.31576013,0.09075132,0.22500881,0.19141167,0.01849207,0.17291960,0.21121522,0.02482271,0.18639251
child,svm,temperature,0,290,0.48275862,0.96896552,0.96896552,0.00000000,0.96857143,0.96857143,0.00000000,0.95714286,0.95714286,0.00000000,0.98000000,0.98000000,0.00000000,0.99666667,0.99690476,0.00023810,0.99662098,0.99678893,0.00016795,0.08201374,0.02320047,0.05881328,0.31249519,0.07451249,0.23798270,0.19285843,0.00579524,0.18706319,0.22359061,0.01064080,0.21294981
child,svm,temperature,1,290,0.48275862,0.97586207,0.97586207,0.00000000,0.97595238,0.97595238,0.00000000,0.97857143,0.97857143,0.00000000,0.97333333,0.97333333,0.00000000,0.99676190,0.99661905,-0.00014286,0.99653965,0.99639399,-0.00014566,0.08247485,0.02203207,0.06044277,0.31362718,0.07509633,0.23853085,0.17958512,0.01901533,0.16056979,0.23149924,0.01901533,0.21248391
child,svm,temperature,2,290,0.48275862,0.96206897,0.96206897,0.00000000,0.96238095,0.96238095,0.00000000,0.97142857,0.97142857,0.00000000,0.95333333,0.95333333,0.00000000,0.99766667,0.99723810,-0.00042857,0.99766245,0.99723520,-0.00042725,0.08081214,0.02224694,0.05856520,0.31025888,0.06869971,0.24155917,0.20144395,0.01474882,0.18669514,0.21625997,0.03258722,0.18367275
child,svm,temperature,3,290,0.48275862,0.96206897,0.96206897,0.00000000,0.96190476,0.96190476,0.00000000,0.95714286,0.95714286,0.00000000,0.96666667,0.96666667,0.00000000,0.99552381,0.99461905,-0.00090476,0.99552021,0.99464632,-0.00087389,0.08395156,0.02828935,0.05566221,0.31650416,0.08874618,0.22775799,0.18623059,0.02208972,0.16414088,0.21864941,0.02409681,0.19455260
child,svm,temperature,4,290,0.48275862,0.95862069,0.95862069,0.00000000,0.95880952,0.95880952,0.00000000,0.96428571,0.96428571,0.00000000,0.95333333,0.95333333,0.00000000,0.99561905,0.99500000,-0.00061905,0.99538543,0.99469208,-0.00069334,0.08241530,0.02885694,0.05355837,0.31298255,0.09231181,0.22067075,0.18972393,0.00857092,0.18115302,0.21225861,0.01864875,0.19360986
child,svm,temperature,5,290,0.48275862,0.97241379,0.97241379,0.00000000,0.97285714,0.97285714,0.00000000,0.98571429,0.98571429,0.00000000,0.96000000,0.96000000,0.00000000,0.99509524,0.99480952,-0.00028571,0.99490306,0.99454448,-0.00035858,0.08439568,0.02728700,0.05710867,0.31770201,0.09442438,0.22327763,0.18006116,0.01828702,0.16177415,0.22933306,0.02675154,0.20258152
child,svm,temperature,6,290,0.48275862,0.97931034,0.97931034,0.00000000,0.97904762,0.97904762,0.00000000,0.97142857,0.97142857,0.00000000,0.98666667,0.98666667,0.00000000,0.99842857,0.99838095,-0.00004762,0.99838019,0.99833299,-0.00004721,0.07945132,0.01630812,0.06314320,0.30687724,0.05643364,0.25044360,0.20135315,0.01694156,0.18441159,0.23192786,0.02076322,0.21116465
child,svm,temperature,7,290,0.48275862,0.96551724,0.96551724,0.00000000,0.96571429,0.96571429,0.00000000,0.97142857,0.97142857,0.00000000,0.96000000,0.96000000,0.00000000,0.99628571,0.99576190,-0.00052381,0.99605843,0.99546548,-0.00059295,0.08106663,0.02450293,0.05656370,0.31018394,0.08548364,0.22470029,0.19118283,0.01194352,0.17923931,0.21803291,0.02193141,0.19610150
child,svm,temperature,8,290,0.48275862,0.97241379,0.97241379,0.00000000,0.97190476,0.97190476,0.00000000,0.95714286,0.95714286,0.00000000,0.98666667,0.98666667,0.00000000,0.99600000,0.99595238,-0.00004762,0.99600326,0.99596610,-0.00003716,0.08321814,0.02397987,0.05923828,0.31546443,0.07661453,0.23884990,0.19971955,0.01048192,0.18923763,0.22932405,0.01354051,0.21578353
child,svm,temperature,9,290,0.48275862,0.95517241,0.95517241,0.00000000,0.95547619,0.95547619,0.00000000,0.96428571,0.96428571,0.00000000,0.94666667,0.94666667,0.00000000,0.99514286,0.99504762,-0.00009524,0.99498434,0.99483446,-0.00014988,0.08345736,0.02987377,0.05358360,0.31576013,0.09417093,0.22158920,0.19141167,0.01284737,0.17856430,0.21121522,0.01925281,0.19196241
child,svm,histbin,0,290,0.48275862,0.96896552,0.96896552,0.00000000,0.96857143,0.96857143,0.00000000,0.95714286,0.95714286,0.00000000,0.98000000,0.98000000,0.00000000,0.99666667,0.99633333,-0.00033333,0.99662098,0.99560615,-0.00101483,0.08201374,0.02488789,0.05712586,0.31249519,0.07876506,0.23373013,0.19285843,0.01018772,0.18267071,0.22359061,0.01491679,0.20867383
child,svm,histbin,1,290,0.48275862,0.97586207,0.97586207,0.00000000,0.97595238,0.97595238,0.00000000,0.97857143,0.97857143,0.00000000,0.97333333,0.97333333,0.00000000,0.99676190,0.99578571,-0.00097619,0.99653965,0.99465692,-0.00188274,0.08247485,0.02398024,0.05849461,0.31362718,0.08166685,0.23196033,0.17958512,0.02034518,0.15923994,0.23149924,0.02034518,0.21115406
child,svm,histbin,2,290,0.48275862,0.96206897,0.96206897,0.00000000,0.96238095,0.96238095,0.00000000,0.97142857,0.97142857,0.00000000,0.95333333,0.95333333,0.00000000,0.99766667,0.99311905,-0.00454762,0.99766245,0.99236443,-0.00529802,0.08081214,0.03071277,0.05009937,0.31025888,0.09218787,0.21807101,0.20144395,0.01541642,0.18602753,0.21625997,0.01615198,0.20010799
child,svm,histbin,3,290,0.48275862,0.96206897,0.96206897,0.00000000,0.96190476,0.96190476,0.00000000,0.95714286,0.95714286,0.00000000,0.96666667,0.96666667,0.00000000,0.99552381,0.99478571,-0.00073810,0.99552021,0.99394203,-0.00157818,0.08395156,0.02942472,0.05452684,0.31650416,0.08956852,0.22693564,0.18623059,0.01190754,0.17432306,0.21864941,0.01935581,0.19929360
child,svm,histbin,4,290,0.48275862,0.95862069,0.95862069,0.00000000,0.95880952,0.95880952,0.00000000,0.96428571,0.96428571,0.00000000,0.95333333,0.95333333,0.00000000,0.99561905,0.99335714,-0.00226190,0.99538543,0.99211715,-0.00326828,0.08241530,0.03361500,0.04880030,0.31298255,0.09897799,0.21400456,0.18972393,0.01590317,0.17382077,0.21225861,0.02490074,0.18735787
child,svm,histbin,5,290,0.48275862,0.97241379,0.97241379,0.00000000,0.97285714,0.97285714,0.00000000,0.98571429,0.98571429,0.00000000,0.96000000,0.96000000,0.00000000,0.99509524,0.99092857,-0.00416667,0.99490306,0.98575208,-0.00915098,0.08439568,0.03053069,0.05386499,0.31770201,0.21127032,0.10643169,0.18006116,0.03178741,0.14827376,0.22933306,0.03844615,0.19088692
child,svm,histbin,6,290,0.48275862,0.97931034,0.97931034,0.00000000,0.97904762,0.97904762,0.00000000,0.97142857,0.97142857,0.00000000,0.98666667,0.98666667,0.00000000,0.99842857,0.99792857,-0.00050000,0.99838019,0.99742875,-0.00095145,0.07945132,0.02116876,0.05828256,0.30687724,0.06924950,0.23762774,0.20135315,0.01669757,0.18465558,0.23192786,0.01965323,0.21227463
child,svm,histbin,7,290,0.48275862,0.96551724,0.96551724,0.00000000,0.96571429,0.96571429,0.00000000,0.97142857,0.97142857,0.00000000,0.96000000,0.96000000,0.00000000,0.99628571,0.99321429,-0.00307143,0.99605843,0.99229232,-0.00376611,0.08106663,0.03052443,0.05054220,0.31018394,0.09467171,0.21551223,0.19118283,0.01650504,0.17467779,0.21803291,0.02413595,0.19389696
child,svm,histbin,8,290,0.48275862,0.97241379,0.97241379,0.00000000,0.97190476,0.97190476,0.00000000,0.95714286,0.95714286,0.00000000,0.98666667,0.98666667,0.00000000,0.99600000,0.99347619,-0.00252381,0.99600326,0.99284372,-0.00315954,0.08321814,0.02559357,0.05762457,0.31546443,0.08284424,0.23262019,0.19971955,0.01882970,0.18088985,0.22932405,0.01882970,0.21049434
child,svm,histbin,9,290,0.48275862,0.95517241,0.95517241,0.00000000,0.95547619,0.95547619,0.00000000,0.96428571,0.96428571,0.00000000,0.94666667,0.94666667,0.00000000,0.99514286,0.99307143,-0.00207143,0.99498434,0.99212063,-0.00286371,0.08345736,0.03380040,0.04965696,0.31576013,0.09771913,0.21804099,0.19141167,0.02132345,0.17008822,0.21121522,0.02361300,0.18760222
child,svm,isotonic,0,290,0.48275862,0.96896552,0.96896552,0.00000000,0.96857143,0.96857143,0.00000000,0.95714286,0.95714286,0.00000000,0.98000000,0.98000000,0.00000000,0.99666667,0.99357143,-0.00309524,0.99662098,0.98894905,-0.00767193,0.08201374,0.02479994,0.05721381,0.31249519,0.18601559,0.12647960,0.19285843,0.00918486,0.18367357,0.22359061,0.01684769,0.20674292
child,svm,isotonic,1,290,0.48275862,0.97586207,0.96551724,-0.01034483,0.97595238,0.96571429,-0.01023810,0.97857143,0.97142857,-0.00714286,0.97333333,0.96000000,-0.01333333,0.99676190,0.99354762,-0.00321429,0.99653965,0.98860464,-0.00793501,0.08247485,0.02385130,0.05862355,0.31362718,0.18954698,0.12408019,0.17958512,0.01266810,0.16691702,0.23149924,0.01716819,0.21433105
child,svm,isotonic,2,290,0.48275862,0.96206897,0.95172414,-0.01034483,0.96238095,0.95261905,-0.00976190,0.97142857,0.97857143,0.00714286,0.95333333,0.92666667,-0.02666667,0.99766667,0.99342857,-0.00423810,0.99766245,0.99357097,-0.00409148,0.08081214,0.02607135,0.05474079,0.31025888,0.19201142,0.11824746,0.20144395,0.02196080,0.17948315,0.21625997,0.02587890,0.19038107
child,svm,isotonic,3,290,0.48275862,0.96206897,0.96206897,0.00000000,0.96190476,0.96166667,-0.00023810,0.95714286,0.95000000,-0.00714286,0.96666667,0.97333333,0.00666667,0.99552381,0.99523810,-0.00028571,0.99552021,0.99499246,-0.00052775,0.08395156,0.02565158,0.05829998,0.31650416,0.07608900,0.24041516,0.18623059,0.01271804,0.17351255,0.21864941,0.01794562,0.20070379
child,svm,isotonic,4,290,0.48275862,0.95862069,0.95862069,0.00000000,0.95880952,0.95833333,-0.00047619,0.96428571,0.95000000,-0.01428571,0.95333333,0.96666667,0.01333333,0.99561905,0.98992857,-0.00569048,0.99538543,0.98563732,-0.00974810,0.08241530,0.02673293,0.05568238,0.31298255,0.30597976,0.00700280,0.18972393,0.01225291,0.17747102,0.21225861,0.01821651,0.19404209
child,svm,isotonic,5,290,0.48275862,0.97241379,0.95172414,-0.02068966,0.97285714,0.95142857,-0.02142857,0.98571429,0.94285714,-0.04285714,0.96000000,0.96000000,0.00000000,0.99509524,0.98254762,-0.01254762,0.99490306,0.97445304,-0.02045002,0.08439568,0.03193181,0.05246387,0.31770201,0.55424081,-0.23653881,0.18006116,0.03091581,0.14914535,0.22933306,0.04049436,0.18883870
child,svm,isotonic,6,290,0.48275862,0.97931034,0.96896552,-0.01034483,0.97904762,0.96833333,-0.01071429,0.97142857,0.95000000,-0.02142857,0.98666667,0.98666667,0.00000000,0.99842857,0.99842857,0.00000000,0.99838019,0.99807573,-0.00030447,0.07945132,0.01700121,0.06245012,0.30687724,0.05212551,0.25475173,0.20135315,0.01184684,0.18950631,0.23192786,0.01639402,0.21553384
child,svm,isotonic,7,290,0.48275862,0.96551724,0.96896552,0.00344828,0.96571429,0.96952381,0.00380952,0.97142857,0.98571429,0.01428571,0.96000000,0.95333333,-0.00666667,0.99628571,0.98742857,-0.00885714,0.99605843,0.97912513,-0.01693330,0.08106663,0.02717324,0.05389339,0.31018394,0.42401375,-0.11382981,0.19118283,0.02110942,0.17007342,0.21803291,0.02630835,0.19172455
child,svm,isotonic,8,290,0.48275862,0.97241379,0.96896552,-0.00344828,0.97190476,0.96833333,-0.00357143,0.95714286,0.95000000,-0.00714286,0.98666667,0.98666667,0.00000000,0.99600000,0.99633333,0.00033333,0.99600326,0.99574081,-0.00026245,0.08321814,0.02366717,0.05955098,0.31546443,0.06952380,0.24594064,0.19971955,0.00694010,0.19277946,0.22932405,0.01113636,0.21818769
child,svm,isotonic,9,290,0.48275862,0.95517241,0.95517241,0.00000000,0.95547619,0.95476190,-0.00071429,0.96428571,0.94285714,-0.02142857,0.94666667,0.96666667,0.02000000,0.99514286,0.98340476,-0.01173810,0.99498434,0.97103081,-0.02395353,0.08345736,0.03134130,0.05211606,0.31576013,0.54709918,-0.23133906,0.19141167,0.01981938,0.17159229,0.21121522,0.02521035,0.18600487
child,svm,beta,0,290,0.48275862,0.96896552,0.96896552,0.00000000,0.96857143,0.96857143,0.00000000,0.95714286,0.95714286,0.00000000,0.98000000,0.98000000,0.00000000,0.99666667,0.99752381,0.00085714,0.99662098,0.99743747,0.00081649,0.08201374,0.02130554,0.06070821,0.31249519,0.06829531,0.24419988,0.19285843,0.00638787,0.18647056,0.22359061,0.01291834,0.21067228
child,svm,beta,1,290,0.48275862,0.97586207,0.97586207,0.00000000,0.97595238,0.97547619,-0.00047619,0.97857143,0.96428571,-0.01428571,0.97333333,0.98666667,0.01333333,0.99676190,0.99657143,-0.00019048,0.99653965,0.99639501,-0.00014465,0.08247485,0.02267880,0.05979605,0.31362718,0.07562178,0.23800540,0.17958512,0.00713653,0.17244859,0.23149924,0.02693494,0.20456430
child,svm,beta,2,290,0.48275862,0.96206897,0.96551724,0.00344828,0.96238095,0.96571429,0.00333333,0.97142857,0.97142857,0.00000000,0.95333333,0.96000000,0.00666667,0.99766667,0.99709524,-0.00057143,0.99766245,0.99711504,-0.00054741,0.08081214,0.02232510,0.05848704,0.31025888,0.06945542,0.24080347,0.20144395,0.02636652,0.17507743,0.21625997,0.03218642,0.18407355
child,svm,beta,3,290,0.48275862,0.96206897,0.96206897,0.00000000,0.96190476,0.96190476,0.00000000,0.95714286,0.95714286,0.00000000,0.96666667,0.96666667,0.00000000,0.99552381,0.99466667,-0.00085714,0.99552021,0.99469290,-0.00082731,0.08395156,0.02758230,0.05636926,0.31650416,0.08665232,0.22985184,0.18623059,0.01648544,0.16974515,0.21864941,0.01648544,0.20216397
child,svm,beta,4,290,0.48275862,0.95862069,0.96206897,0.00344828,0.95880952,0.96190476,0.00309524,0.96428571,0.95714286,-0.00714286,0.95333333,0.96666667,0.01333333,0.99561905,0.99552381,-0.00009524,0.99538543,0.99531749,-0.00006794,0.08241530,0.02779759,0.05461771,0.31298255,0.08825584,0.22472671,0.18972393,0.01328733,0.17643660,0.21225861,0.02222584,0.19003277
child,svm,beta,5,290,0.48275862,0.97241379,0.96896552,-0.00344828,0.97285714,0.96904762,-0.00380952,0.98571429,0.97142857,-0.01428571,0.96000000,0.96666667,0.00666667,0.99509524,0.99428571,-0.00080952,0.99490306,0.99412470,-0.00077836,0.08439568,0.02725221,0.05714347,0.31770201,0.09729094,0.22041107,0.18006116,0.01674704,0.16331413,0.22933306,0.02448134,0.20485172
child,svm,beta,6,290,0.48275862,0.97931034,0.98275862,0.00344828,0.97904762,0.98238095,0.00333333,0.97142857,0.97142857,0.00000000,0.98666667,0.99333333,0.00666667,0.99842857,0.99871429,0.00028571,0.99838019,0.99867957,0.00029938,0.07945132,0.01537848,0.06407284,0.30687724,0.05326043,0.25361681,0.20135315,0.02078425,0.18056890,0.23192786,0.02343088,0.20849698
child,svm,beta,7,290,0.48275862,0.96551724,0.97241379,0.00689655,0.96571429,0.97238095,0.00666667,0.97142857,0.97142857,0.00000000,0.96000000,0.97333333,0.01333333,0.99628571,0.99566667,-0.00061905,0.99605843,0.99544857,-0.00060985,0.08106663,0.02465938,0.05640725,0.31018394,0.08438398,0.22579995,0.19118283,0.02106723,0.17011560,0.21803291,0.02672630,0.19130661
child,svm,beta,8,290,0.48275862,0.97241379,0.96896552,-0.00344828,0.97190476,0.96833333,-0.00357143,0.95714286,0.95000000,-0.00714286,0.98666667,0.98666667,0.00000000,0.99600000,0.99571429,-0.00028571,0.99600326,0.99574944,-0.00025382,0.08321814,0.02481801,0.05840013,0.31546443,0.07949147,0.23597296,0.19971955,0.00579398,0.19392557,0.22932405,0.01782349,0.21150056
child,svm,beta,9,290,0.48275862,0.95517241,0.96896552,0.01379310,0.95547619,0.96952381,0.01404762,0.96428571,0.98571429,0.02142857,0.94666667,0.95333333,0.00666667,0.99514286,0.99561905,0.00047619,0.99498434,0.99525867,0.00027433,0.08345736,0.02691132,0.05654605,0.31576013,0.09066567,0.22509446,0.19141167,0.01853003,0.17288164,0.21121522,0.02484280,0.18637242
child,xgb,platt,0,290,0.48275862,0.97241379,0.97241379,0.00000000,0.97309524,0.97285714,-0.00023810,0.99285714,0.98571429,-0.00714286,0.95333333,0.96000000,0.00666667,0.99504762,0.99500000,-0.00004762,0.99437622,0.99443238,0.00005616,0.03015825,0.02429129,0.00586696,0.11224832,0.08726749,0.02498083,0.04772034,0.01690252,0.03081782,0.04861854,0.01861188,0.03000666
child,xgb,platt,1,290,0.48275862,0.96551724,0.95862069,-0.00689655,0.96571429,0.95833333,-0.00738095,0.97142857,0.95000000,-0.02142857,0.96000000,0.96666667,0.00666667,0.99423810,0.99328571,-0.00095238,0.99350983,0.99237221,-0.00113762,0.03169750,0.03206106,-0.00036357,0.11644062,0.10841341,0.00802721,0.04177724,0.02789120,0.01388604,0.04380795,0.02952390,0.01428406
child,xgb,platt,2,290,0.48275862,0.96206897,0.95862069,-0.00344828,0.96238095,0.95857143,-0.00380952,0.97142857,0.95714286,-0.01428571,0.95333333,0.96000000,0.00666667,0.99552381,0.99519048,-0.00033333,0.99518789,0.99483504,-0.00035285,0.03064490,0.02866451,0.00198040,0.11172311,0.09065546,0.02106765,0.03890250,0.01248238,0.02642012,0.04558924,0.02265870,0.02293054
child,xgb,platt,3,290,0.48275862,0.96551724,0.95862069,-0.00689655,0.96595238,0.95857143,-0.00738095,0.97857143,0.95714286,-0.02142857,0.95333333,0.96000000,0.00666667,0.99500000,0.99357143,-0.00142857,0.99453743,0.99298838,-0.00154905,0.03094160,0.02840808,0.00253351,0.11355465,0.10097197,0.01258268,0.04128283,0.01017888,0.03110395,0.04147868,0.01541334,0.02606534
child,xgb,platt,4,290,0.48275862,0.96896552,0.97241379,0.00344828,0.96928571,0.97261905,0.00333333,0.97857143,0.97857143,0.00000000,0.96000000,0.96666667,0.00666667,0.99500000,0.99404762,-0.00095238,0.99419004,0.99314084,-0.00104920,0.02969404,0.02507517,0.00461888,0.11272094,0.09332282,0.01939812,0.04845748,0.01393674,0.03452073,0.05052155,0.01892844,0.03159311
child,xgb,platt,5,290,0.48275862,0.96206897,0.95862069,-0.00344828,0.96214286,0.95857143,-0.00357143,0.96428571,0.95714286,-0.00714286,0.96000000,0.96000000,0.00000000,0.99371429,0.99357143,-0.00014286,0.99289204,0.99267016,-0.00022188,0.03226491,0.02948186,0.00278306,0.11849482,0.09995059,0.01854423,0.03810118,0.01437705,0.02372414,0.04031087,0.02226509,0.01804578
child,xgb,platt,6,290,0.48275862,0.97931034,0.97241379,-0.00689655,0.97952381,0.97238095,-0.00714286,0.98571429,0.97142857,-0.01428571,0.97333333,0.97333333,0.00000000,0.99661905,0.99666667,0.00004762,0.99639172,0.99642604,0.00003432,0.02669739,0.02206029,0.00463710,0.10259004,0.07406465,0.02852538,0.04765109,0.01370443,0.03394666,0.05073931,0.02557467,0.02516464
child,xgb,platt,7,290,0.48275862,0.96206897,0.96206897,0.00000000,0.96190476,0.96190476,0.00000000,0.95714286,0.95714286,0.00000000,0.96666667,0.96666667,0.00000000,0.99352381,0.99219048,-0.00133333,0.99272632,0.99152748,-0.00119884,0.03290964,0.03227870,0.00063094,0.11853405,0.11107113,0.00746292,0.03280860,0.01387817,0.01893043,0.03953476,0.01949857,0.02003619
child,xgb,platt,8,290,0.48275862,0.96551724,0.96896552,0.00344828,0.96595238,0.96928571,0.00333333,0.97857143,0.97857143,0.00000000,0.95333333,0.96000000,0.00666667,0.99609524,0.99571429,-0.00038095,0.99610741,0.99577294,-0.00033447,0.02951412,0.02363763,0.00587649,0.11048847,0.08391252,0.02657595,0.03988814,0.01269525,0.02719289,0.04735494,0.01291212,0.03444282
child,xgb,platt,9,290,0.48275862,0.95862069,0.96206897,0.00344828,0.95904762,0.96238095,0.00333333,0.97142857,0.97142857,0.00000000,0.94666667,0.95333333,0.00666667,0.99404762,0.99347619,-0.00057143,0.99388307,0.99296129,-0.00092178,0.03599596,0.03053481,0.00546115,0.12559893,0.10363071,0.02196821,0.04027761,0.00999396,0.03028365,0.04230278,0.01962914,0.02267364
child,xgb,temperature,0,290,0.48275862,0.97241379,0.97241379,0.00000000,0.97309524,0.97309524,0.00000000,0.99285714,0.99285714,0.00000000,0.95333333,0.95333333,0.00000000,0.99504762,0.99452381,-0.00052381,0.99437622,0.99380024,-0.00057598,0.03015825,0.02605094,0.00410730,0.11224832,0.09171261,0.02053571,0.04772034,0.01000671,0.03771363,0.04861854,0.01802153,0.03059701
child,xgb,temperature,1,290,0.48275862,0.96551724,0.96551724,0.00000000,0.96571429,0.96571429,0.00000000,0.97142857,0.97142857,0.00000000,0.96000000,0.96000000,0.00000000,0.99423810,0.99380952,-0.00042857,0.99350983,0.99295413,-0.00055570,0.03169750,0.02896089,0.00273661,0.11644062,0.10353371,0.01290691,0.04177724,0.02368518,0.01809207,0.04380795,0.02754938,0.01625857
child,xgb,temperature,2,290,0.48275862,0.96206897,0.96206897,0.00000000,0.96238095,0.96238095,0.00000000,0.97142857,0.97142857,0.00000000,0.95333333,0.95333333,0.00000000,0.99552381,0.99547619,-0.00004762,0.99518789,0.99514081,-0.00004708,0.03064490,0.02773188,0.00291302,0.11172311,0.08913747,0.02258564,0.03890250,0.02762673,0.01127577,0.04558924,0.03203193,0.01355731
child,xgb,temperature,3,290,0.48275862,0.96551724,0.96551724,0.00000000,0.96595238,0.96595238,0.00000000,0.97857143,0.97857143,0.00000000,0.95333333,0.95333333,0.00000000,0.99500000,0.99395238,-0.00104762,0.99453743,0.99324874,-0.00128869,0.03094160,0.02728390,0.00365769,0.11355465,0.09798996,0.01556469,0.04128283,0.02050173,0.02078111,0.04147868,0.02050173,0.02097695
child,xgb,temperature,4,290,0.48275862,0.96896552,0.96896552,0.00000000,0.96928571,0.96928571,0.00000000,0.97857143,0.97857143,0.00000000,0.96000000,0.96000000,0.00000000,0.99500000,0.99461905,-0.00038095,0.99419004,0.99375952,-0.00043052,0.02969404,0.02478661,0.00490743,0.11272094,0.09305528,0.01966566,0.04845748,0.01526793,0.03318955,0.05052155,0.02258019,0.02794135
child,xgb,temperature,5,290,0.48275862,0.96206897,0.96206897,0.00000000,0.96214286,0.96214286,0.00000000,0.96428571,0.96428571,0.00000000,0.96000000,0.96000000,0.00000000,0.99371429,0.99361905,-0.00009524,0.99289204,0.99272026,-0.00017178,0.03226491,0.02821714,0.00404777,0.11849482,0.09840977,0.02008505,0.03810118,0.01468873,0.02341245,0.04031087,0.01761047,0.02270040
child,xgb,temperature,6,290,0.48275862,0.97931034,0.97931034,0.00000000,0.97952381,0.97952381,0.00000000,0.98571429,0.98571429,0.00000000,0.97333333,0.97333333,0.00000000,0.99661905,0.99671429,0.00009524,0.99639172,0.99649011,0.00009838,0.02669739,0.02193803,0.00475936,0.10259004,0.07599790,0.02659213,0.04765109,0.01867485,0.02897624,0.05073931,0.02702942,0.02370989
child,xgb,temperature,7,290,0.48275862,0.96206897,0.96206897,0.00000000,0.96190476,0.96190476,0.00000000,0.95714286,0.95714286,0.00000000,0.96666667,0.96666667,0.00000000,0.99352381,0.99176190,-0.00176190,0.99272632,0.99088730,-0.00183902,0.03290964,0.03176987,0.00113977,0.11853405,0.11029487,0.00823918,0.03280860,0.01296437,0.01984423,0.03953476,0.02798588,0.01154888
child,xgb,temperature,8,290,0.48275862,0.96551724,0.96551724,0.00000000,0.96595238,0.96595238,0.00000000,0.97857143,0.97857143,0.00000000,0.95333333,0.95333333,0.00000000,0.99609524,0.99600000,-0.00009524,0.99610741,0.99601589,-0.00009151,0.02951412,0.02470556,0.00480856,0.11048847,0.08543397,0.02505449,0.03988814,0.01525789,0.02463025,0.04735494,0.01965409,0.02770085
child,xgb,temperature,9,290,0.48275862,0.95862069,0.95862069,0.00000000,0.95904762,0.95904762,0.00000000,0.97142857,0.97142857,0.00000000,0.94666667,0.94666667,0.00000000,0.99404762,0.99261905,-0.00142857,0.99388307,0.99229076,-0.00159231,0.03599596,0.03517383,0.00082214,0.12559893,0.11659477,0.00900416,0.04027761,0.02130823,0.01896938,0.04230278,0.02419446,0.01810833
child,xgb,histbin,0,290,0.48275862,0.97241379,0.95172414,-0.02068966,0.97309524,0.95190476,-0.02119048,0.99285714,0.95714286,-0.03571429,0.95333333,0.94666667,-0.00666667,0.99504762,0.98730952,-0.00773810,0.99437622,0.98208721,-0.01228901,0.03015825,0.03454513,-0.00438689,0.11224832,0.33067841,-0.21843009,0.04772034,0.03499515,0.01272519,0.04861854,0.03788513,0.01073341
child,xgb,histbin,1,290,0.48275862,0.96551724,0.94482759,-0.02068966,0.96571429,0.94452381,-0.02119048,0.97142857,0.93571429,-0.03571429,0.96000000,0.95333333,-0.00666667,0.99423810,0.97330952,-0.02092857,0.99350983,0.96061842,-0.03289141,0.03169750,0.04425170,-0.01255420,0.11644062,0.81519879,-0.69875817,0.04177724,0.02864907,0.01312817,0.04380795,0.03333779,0.01047016
child,xgb,histbin,2,290,0.48275862,0.96206897,0.95517241,-0.00689655,0.96238095,0.95523810,-0.00714286,0.97142857,0.95714286,-0.01428571,0.95333333,0.95333333,0.00000000,0.99552381,0.98738095,-0.00814286,0.99518789,0.97651095,-0.01867694,0.03064490,0.03279752,-0.00215261,0.11172311,0.32478329,-0.21306018,0.03890250,0.02139094,0.01751156,0.04558924,0.02196565,0.02362359
child,xgb,histbin,3,290,0.48275862,0.96551724,0.95517241,-0.01034483,0.96595238,0.95523810,-0.01071429,0.97857143,0.95714286,-0.02142857,0.95333333,0.95333333,0.00000000,0.99500000,0.98604762,-0.00895238,0.99453743,0.97987391,-0.01466353,0.03094160,0.03644965,-0.00550805,0.11355465,0.34012819,-0.22657354,0.04128283,0.01547774,0.02580509,0.04147868,0.03436116,0.00711753
child,xgb,histbin,4,290,0.48275862,0.96896552,0.94827586,-0.02068966,0.96928571,0.94904762,-0.02023810,0.97857143,0.97142857,-0.00714286,0.96000000,0.92666667,-0.03333333,0.99500000,0.97611905,-0.01888095,0.99419004,0.95557911,-0.03861094,0.02969404,0.03626081,-0.00656677,0.11272094,0.57552425,-0.46280331,0.04845748,0.01822559,0.03023188,0.05052155,0.03323619,0.01728535
child,xgb,histbin,5,290,0.48275862,0.96206897,0.93448276,-0.02758621,0.96214286,0.93428571,-0.02785714,0.96428571,0.92857143,-0.03571429,0.96000000,0.94000000,-0.02000000,0.99371429,0.98521429,-0.00850000,0.99289204,0.98436761,-0.00852443,0.03226491,0.04027487,-0.00800996,0.11849482,0.34642729,-0.22793247,0.03810118,0.03150984,0.00659135,0.04031087,0.04006968,0.00024120
child,xgb,histbin,6,290,0.48275862,0.97931034,0.97586207,-0.00344828,0.97952381,0.97595238,-0.00357143,0.98571429,0.97857143,-0.00714286,0.97333333,0.97333333,0.00000000,0.99661905,0.99445238,-0.00216667,0.99639172,0.99417631,-0.00221541,0.02669739,0.01895984,0.00773755,0.10259004,0.17617716,-0.07358713,0.04765109,0.01615367,0.03149741,0.05073931,0.01848238,0.03225693
child,xgb,histbin,7,290,0.48275862,0.96206897,0.94827586,-0.01379310,0.96190476,0.94833333,-0.01357143,0.95714286,0.95000000,-0.00714286,0.96666667,0.94666667,-0.02000000,0.99352381,0.97119048,-0.02233333,0.99272632,0.95364736,-0.03907896,0.03290964,0.04121497,-0.00830533,0.11853405,0.92506948,-0.80653543,0.03280860,0.03183323,0.00097537,0.03953476,0.04963539,-0.01010063
child,xgb,histbin,8,290,0.48275862,0.96551724,0.96206897,-0.00344828,0.96595238,0.96238095,-0.00357143,0.97857143,0.97142857,-0.00714286,0.95333333,0.95333333,0.00000000,0.99609524,0.97826190,-0.01783333,0.99610741,0.96546206,-0.03064535,0.02951412,0.03370975,-0.00419563,0.11048847,0.67815982,-0.56767135,0.03988814,0.01646610,0.02342204,0.04735494,0.03929239,0.00806254
child,xgb,histbin,9,290,0.48275862,0.95862069,0.94482759,-0.01379310,0.95904762,0.94500000,-0.01404762,0.97142857,0.95000000,-0.02142857,0.94666667,0.94000000,-0.00666667,0.99404762,0.98704762,-0.00700000,0.99388307,0.98141648,-0.01246659,0.03599596,0.03731099,-0.00131503,0.12559893,0.33860238,-0.21300346,0.04027761,0.02152999,0.01874762,0.04230278,0.02221965,0.02008314
child,xgb,isotonic,0,290,0.48275862,0.97241379,0.96206897,-0.01034483,0.97309524,0.96238095,-0.01071429,0.99285714,0.97142857,-0.02142857,0.95333333,0.95333333,0.00000000,0.99504762,0.98892857,-0.00611905,0.99437622,0.98401263,-0.01036359,0.03015825,0.02954661,0.00061164,0.11224832,0.31792187,-0.20567355,0.04772034,0.02300484,0.02471550,0.04861854,0.02946627,0.01915227
child,xgb,isotonic,1,290,0.48275862,0.96551724,0.95517241,-0.01034483,0.96571429,0.95476190,-0.01095238,0.97142857,0.94285714,-0.02857143,0.96000000,0.96666667,0.00666667,0.99423810,0.99080952,-0.00342857,0.99350983,0.98474508,-0.00876475,0.03169750,0.03433554,-0.00263804,0.11644062,0.21350771,-0.09706709,0.04177724,0.02778904,0.01398820,0.04380795,0.02778904,0.01601891
child,xgb,isotonic,2,290,0.48275862,0.96206897,0.95517241,-0.00689655,0.96238095,0.95547619,-0.00690476,0.97142857,0.96428571,-0.00714286,0.95333333,0.94666667,-0.00666667,0.99552381,0.99161905,-0.00390476,0.99518789,0.98649249,-0.00869540,0.03064490,0.03277699,-0.00213208,0.11172311,0.20857548,-0.09685237,0.03890250,0.02439302,0.01450948,0.04558924,0.03423628,0.01135296
child,xgb,isotonic,3,290,0.48275862,0.96551724,0.95862069,-0.00689655,0.96595238,0.95857143,-0.00738095,0.97857143,0.95714286,-0.02142857,0.95333333,0.96000000,0.00666667,0.99500000,0.98826190,-0.00673810,0.99453743,0.98322651,-0.01131093,0.03094160,0.03128847,-0.00034688,0.11355465,0.32352633,-0.20997167,0.04128283,0.01322071,0.02806213,0.04147868,0.02902910,0.01244958
child,xgb,isotonic,4,290,0.48275862,0.96896552,0.96206897,-0.00689655,0.96928571,0.96238095,-0.00690476,0.97857143,0.97142857,-0.00714286,0.96000000,0.95333333,-0.00666667,0.99500000,0.98890476,-0.00609524,0.99419004,0.98401044,-0.01017961,0.02969404,0.02821237,0.00148167,0.11272094,0.31829515,-0.20557421,0.04845748,0.00633418,0.04212330,0.05052155,0.03122847,0.01929307
child,xgb,isotonic,5,290,0.48275862,0.96206897,0.95862069,-0.00344828,0.96214286,0.95833333,-0.00380952,0.96428571,0.95000000,-0.01428571,0.96000000,0.96666667,0.00666667,0.99371429,0.99121429,-0.00250000,0.99289204,0.98524520,-0.00764684,0.03226491,0.03119094,0.00107397,0.11849482,0.21111100,-0.09261619,0.03810118,0.02021170,0.01788948,0.04031087,0.03115341,0.00915746
child,xgb,isotonic,6,290,0.48275862,0.97931034,0.97586207,-0.00344828,0.97952381,0.97619048,-0.00333333,0.98571429,0.98571429,0.00000000,0.97333333,0.96666667,-0.00666667,0.99661905,0.99426190,-0.00235714,0.99639172,0.99405977,-0.00233195,0.02669739,0.01987681,0.00682059,0.10259004,0.17489478,-0.07230474,0.04765109,0.00834218,0.03930891,0.05073931,0.01750550,0.03323381
child,xgb,isotonic,7,290,0.48275862,0.96206897,0.95862069,-0.00344828,0.96190476,0.95857143,-0.00333333,0.95714286,0.95714286,0.00000000,0.96666667,0.96000000,-0.00666667,0.99352381,0.98050000,-0.01302381,0.99272632,0.96699641,-0.02572991,0.03290964,0.03482038,-0.00191075,0.11853405,0.56690767,-0.44837362,0.03280860,0.01871136,0.01409725,0.03953476,0.04257771,-0.00304295
child,xgb,isotonic,8,290,0.48275862,0.96551724,0.96551724,0.00000000,0.96595238,0.96595238,0.00000000,0.97857143,0.97857143,0.00000000,0.95333333,0.95333333,0.00000000,0.99609524,0.99292857,-0.00316667,0.99610741,0.99298084,-0.00312657,0.02951412,0.02624984,0.00326428,0.11048847,0.19568644,-0.08519797,0.03988814,0.01203487,0.02785327,0.04735494,0.03280273,0.01455221
child,xgb,isotonic,9,290,0.48275862,0.95862069,0.95172414,-0.00689655,0.95904762,0.95214286,-0.00690476,0.97142857,0.96428571,-0.00714286,0.94666667,0.94000000,-0.00666667,0.99404762,0.98830952,-0.00573810,0.99388307,0.98376130,-0.01012177,0.03599596,0.03414331,0.00185266,0.12559893,0.32897512,-0.20337619,0.04027761,0.01951736,0.02076025,0.04230278,0.02293280,0.01936999
child,xgb,beta,0,290,0.48275862,0.97241379,0.97241379,0.00000000,0.97309524,0.97285714,-0.00023810,0.99285714,0.98571429,-0.00714286,0.95333333,0.96000000,0.00666667,0.99504762,0.99447619,-0.00057143,0.99437622,0.99403336,-0.00034286,0.03015825,0.02462214,0.00553611,0.11224832,0.09028180,0.02196652,0.04772034,0.01580120,0.03191914,0.04861854,0.01860664,0.03001190
child,xgb,beta,1,290,0.48275862,0.96551724,0.95517241,-0.01034483,0.96571429,0.95476190,-0.01095238,0.97142857,0.94285714,-0.02857143,0.96000000,0.96666667,0.00666667,0.99423810,0.99252381,-0.00171429,0.99350983,0.99085841,-0.00265142,0.03169750,0.03205859,-0.00036110,0.11644062,0.11468437,0.00175625,0.04177724,0.02851628,0.01326097,0.04380795,0.03000651,0.01380144
child,xgb,beta,2,290,0.48275862,0.96206897,0.95862069,-0.00344828,0.96238095,0.95880952,-0.00357143,0.97142857,0.96428571,-0.00714286,0.95333333,0.95333333,0.00000000,0.99552381,0.99480952,-0.00071429,0.99518789,0.99438464,-0.00080325,0.03064490,0.02997549,0.00066941,0.11172311,0.09425843,0.01746468,0.03890250,0.01621665,0.02268585,0.04558924,0.02632849,0.01926076
child,xgb,beta,3,290,0.48275862,0.96551724,0.96896552,0.00344828,0.96595238,0.96928571,0.00333333,0.97857143,0.97857143,0.00000000,0.95333333,0.96000000,0.00666667,0.99500000,0.99295238,-0.00204762,0.99453743,0.99214654,-0.00239089,0.03094160,0.02852217,0.00241943,0.11355465,0.10304232,0.01051233,0.04128283,0.00972707,0.03155577,0.04147868,0.01826334,0.02321534
child,xgb,beta,4,290,0.48275862,0.96896552,0.96896552,0.00000000,0.96928571,0.96904762,-0.00023810,0.97857143,0.97142857,-0.00714286,0.96000000,0.96666667,0.00666667,0.99500000,0.99380952,-0.00119048,0.99419004,0.99289922,-0.00129082,0.02969404,0.02598458,0.00370946,0.11272094,0.09400112,0.01871982,0.04845748,0.00874940,0.03970807,0.05052155,0.01805774,0.03246380
child,xgb,beta,5,290,0.48275862,0.96206897,0.95862069,-0.00344828,0.96214286,0.95857143,-0.00357143,0.96428571,0.95714286,-0.00714286,0.96000000,0.96000000,0.00000000,0.99371429,0.99357143,-0.00014286,0.99289204,0.99265160,-0.00024045,0.03226491,0.02953723,0.00272768,0.11849482,0.09970574,0.01878908,0.03810118,0.01604778,0.02205340,0.04031087,0.02112199,0.01918888
child,xgb,beta,6,290,0.48275862,0.97931034,0.97931034,0.00000000,0.97952381,0.97952381,0.00000000,0.98571429,0.98571429,0.00000000,0.97333333,0.97333333,0.00000000,0.99661905,0.99661905,0.00000000,0.99639172,0.99641801,0.00002629,0.02669739,0.02136440,0.00533299,0.10259004,0.07446607,0.02812396,0.04765109,0.01023599,0.03741509,0.05073931,0.02812608,0.02261323
child,xgb,beta,7,290,0.48275862,0.96206897,0.96206897,0.00000000,0.96190476,0.96190476,0.00000000,0.95714286,0.95714286,0.00000000,0.96666667,0.96666667,0.00000000,0.99352381,0.99171429,-0.00180952,0.99272632,0.99086936,-0.00185695,0.03290964,0.03244858,0.00046105,0.11853405,0.11119562,0.00733843,0.03280860,0.01784299,0.01496561,0.03953476,0.01931888,0.02021589
child,xgb,beta,8,290,0.48275862,0.96551724,0.96896552,0.00344828,0.96595238,0.96928571,0.00333333,0.97857143,0.97857143,0.00000000,0.95333333,0.96000000,0.00666667,0.99609524,0.99390476,-0.00219048,0.99610741,0.99486715,-0.00124026,0.02951412,0.02313512,0.00637900,0.11048847,0.09555081,0.01493765,0.03988814,0.00565749,0.03423065,0.04735494,0.00967854,0.03767639
child,xgb,beta,9,290,0.48275862,0.95862069,0.95862069,0.00000000,0.95904762,0.95904762,0.00000000,0.97142857,0.97142857,0.00000000,0.94666667,0.94666667,0.00000000,0.99404762,0.99228571,-0.00176190,0.99388307,0.99113581,-0.00274726,0.03599596,0.03192382,0.00407214,0.12559893,0.11183383,0.01376510,0.04027761,0.01009937,0.03017824,0.04230278,0.01534277,0.02696001
child,adaboost,platt,0,290,0.48275862,0.92068966,0.91724138,-0.00344828,0.92285714,0.91714286,-0.00571429,0.98571429,0.91428571,-0.07142857,0.86000000,0.92000000,0.06000000,0.98290476,0.98295238,0.00004762,0.98130020,0.98142685,0.00012665,0.13064016,0.05319156,0.07744860,0.43791623,0.16536973,0.27254650,0.23337138,0.03859551,0.19477587,0.25820971,0.03859551,0.21961420
child,adaboost,platt,1,290,0.48275862,0.88965517,0.91724138,0.02758621,0.89214286,0.91714286,0.02500000,0.96428571,0.91428571,-0.05000000,0.82000000,0.92000000,0.10000000,0.97945238,0.98154762,0.00209524,0.97816224,0.98118569,0.00302344,0.13294207,0.05641738,0.07652469,0.44300123,0.17446256,0.26853867,0.23906793,0.01181719,0.22725074,0.23906793,0.01573331,0.22333462
child,adaboost,platt,2,290,0.48275862,0.91724138,0.93448276,0.01724138,0.91952381,0.93476190,0.01523810,0.98571429,0.94285714,-0.04285714,0.85333333,0.92666667,0.07333333,0.98442857,0.98361905,-0.00080952,0.98347646,0.98259689,-0.00087957,0.13263550,0.05111990,0.08151560,0.44217270,0.16549764,0.27667505,0.23993524,0.01803536,0.22189988,0.25716127,0.02022616,0.23693511
child,adaboost,platt,3,290,0.48275862,0.90344828,0.90689655,0.00344828,0.90571429,0.90690476,0.00119048,0.97142857,0.90714286,-0.06428571,0.84000000,0.90666667,0.06666667,0.97709524,0.97833333,0.00123810,0.97614026,0.97773363,0.00159337,0.13325103,0.06093709,0.07231394,0.44309950,0.18382206,0.25927743,0.23560332,0.03236093,0.20324239,0.24188018,0.04585197,0.19602820
child,adaboost,platt,4,290,0.48275862,0.92413793,0.91724138,-0.00689655,0.92642857,0.91761905,-0.00880952,0.99285714,0.92857143,-0.06428571,0.86000000,0.90666667,0.04666667,0.98409524,0.98266667,-0.00142857,0.98313013,0.98176524,-0.00136490,0.13033268,0.05316006,0.07717262,0.43705035,0.16343936,0.27361099,0.23501245,0.01965894,0.21535351,0.26100825,0.02487069,0.23613755
child,adaboost,platt,5,290,0.48275862,0.90689655,0.92413793,0.01724138,0.90904762,0.92380952,0.01476190,0.97142857,0.91428571,-0.05714286,0.84666667,0.93333333,0.08666667,0.98088095,0.98021429,-0.00066667,0.97987466,0.97920268,-0.00067198,0.13240687,0.05724624,0.07516063,0.44172284,0.18454533,0.25717751,0.22583848,0.02167190,0.20416658,0.24572306,0.02759109,0.21813197
child,adaboost,platt,6,290,0.48275862,0.91379310,0.93103448,0.01724138,0.91571429,0.93119048,0.01547619,0.97142857,0.93571429,-0.03571429,0.86000000,0.92666667,0.06666667,0.98514286,0.98623810,0.00109524,0.98448049,0.98569082,0.00121033,0.13136900,0.04814314,0.08322587,0.43951549,0.15266048,0.28685500,0.23940661,0.01422834,0.22517827,0.25303987,0.02422314,0.22881674
child,adaboost,platt,7,290,0.48275862,0.90344828,0.92758621,0.02413793,0.90595238,0.92833333,0.02238095,0.97857143,0.95000000,-0.02857143,0.83333333,0.90666667,0.07333333,0.98276190,0.98180952,-0.00095238,0.98167799,0.98051520,-0.00116279,0.13315406,0.05491077,0.07824330,0.44319556,0.17322370,0.26997186,0.23831879,0.01711775,0.22120104,0.24349523,0.03298954,0.21050570
child,adaboost,platt,8,290,0.48275862,0.91724138,0.91724138,0.00000000,0.91952381,0.91738095,-0.00214286,0.98571429,0.92142857,-0.06428571,0.85333333,0.91333333,0.06000000,0.98457143,0.98390476,-0.00066667,0.98372515,0.98301321,-0.00071194,0.13219573,0.05166562,0.08053011,0.44126810,0.16036054,0.28090756,0.23859773,0.03218881,0.20640892,0.25747626,0.03218881,0.22528745
child,adaboost,platt,9,290,0.48275862,0.92068966,0.93793103,0.01724138,0.92309524,0.93761905,0.01452381,0.99285714,0.92857143,-0.06428571,0.85333333,0.94666667,0.09333333,0.98661905,0.98671429,0.00009524,0.98550633,0.98547188,-0.00003445,0.13133893,0.04780279,0.08353613,0.43963105,0.15293109,0.28669996,0.23469821,0.03687689,0.19782132,0.26129256,0.03915925,0.22213331
child,adaboost,temperature,0,290,0.48275862,0.92068966,0.92068966,0.00000000,0.92285714,0.92285714,0.00000000,0.98571429,0.98571429,0.00000000,0.86000000,0.86000000,0.00000000,0.98290476,0.98309524,0.00019048,0.98130020,0.98154561,0.00024541,0.13064016,0.06065778,0.06998239,0.43791623,0.19819142,0.23972481,0.23337138,0.05819126,0.17518013,0.25820971,0.06114071,0.19706900
child,adaboost,temperature,1,290,0.48275862,0.88965517,0.88965517,0.00000000,0.89214286,0.89214286,0.00000000,0.96428571,0.96428571,0.00000000,0.82000000,0.82000000,0.00000000,0.97945238,0.98145238,0.00200000,0.97816224,0.98096419,0.00280195,0.13294207,0.06749825,0.06544382,0.44300123,0.20899979,0.23400144,0.23906793,0.06316797,0.17589996,0.23906793,0.06476121,0.17430673
child,adaboost,temperature,2,290,0.48275862,0.91724138,0.91724138,0.00000000,0.91952381,0.91952381,0.00000000,0.98571429,0.98571429,0.00000000,0.85333333,0.85333333,0.00000000,0.98442857,0.98400000,-0.00042857,0.98347646,0.98284707,-0.00062938,0.13263550,0.06526677,0.06736873,0.44217270,0.20861334,0.23355935,0.23993524,0.07092071,0.16901453,0.25716127,0.07092071,0.18624056
child,adaboost,temperature,3,290,0.48275862,0.90344828,0.90344828,0.00000000,0.90571429,0.90571429,0.00000000,0.97142857,0.97142857,0.00000000,0.84000000,0.84000000,0.00000000,0.97709524,0.97823810,0.00114286,0.97614026,0.97766383,0.00152358,0.13325103,0.06965769,0.06359334,0.44309950,0.21670803,0.22639147,0.23560332,0.06252543,0.17307790,0.24188018,0.06252543,0.17935475
child,adaboost,temperature,4,290,0.48275862,0.92413793,0.92413793,0.00000000,0.92642857,0.92642857,0.00000000,0.99285714,0.99285714,0.00000000,0.86000000,0.86000000,0.00000000,0.98409524,0.98385714,-0.00023810,0.98313013,0.98280384,-0.00032629,0.13033268,0.06174699,0.06858569,0.43705035,0.19688639,0.24016396,0.23501245,0.06454776,0.17046469,0.26100825,0.06454776,0.19646049
child,adaboost,temperature,5,290,0.48275862,0.90689655,0.90689655,0.00000000,0.90904762,0.90904762,0.00000000,0.97142857,0.97142857,0.00000000,0.84666667,0.84666667,0.00000000,0.98088095,0.98073810,-0.00014286,0.97987466,0.97955783,-0.00031684,0.13240687,0.06588683,0.06652004,0.44172284,0.21118082,0.23054202,0.22583848,0.05829035,0.16754814,0.24572306,0.05842508,0.18729798
child,adaboost,temperature,6,290,0.48275862,0.91379310,0.91379310,0.00000000,0.91571429,0.91571429,0.00000000,0.97142857,0.97142857,0.00000000,0.86000000,0.86000000,0.00000000,0.98514286,0.98590476,0.00076190,0.98448049,0.98538329,0.00090280,0.13136900,0.06034562,0.07102339,0.43951549,0.19138631,0.24812918,0.23940661,0.06331337,0.17609324,0.25303987,0.06571757,0.18732230
child,adaboost,temperature,7,290,0.48275862,0.90344828,0.90344828,0.00000000,0.90595238,0.90595238,0.00000000,0.97857143,0.97857143,0.00000000,0.83333333,0.83333333,0.00000000,0.98276190,0.98214286,-0.00061905,0.98167799,0.98085920,-0.00081879,0.13315406,0.06633574,0.06681833,0.44319556,0.21188313,0.23131244,0.23831879,0.06710036,0.17121843,0.24349523,0.07031116,0.17318408
child,adaboost,temperature,8,290,0.48275862,0.91724138,0.91724138,0.00000000,0.91952381,0.91952381,0.00000000,0.98571429,0.98571429,0.00000000,0.85333333,0.85333333,0.00000000,0.98457143,0.98376190,-0.00080952,0.98372515,0.98272407,-0.00100108,0.13219573,0.06277325,0.06942248,0.44126810,0.20155944,0.23970867,0.23859773,0.06633600,0.17226173,0.25747626,0.06633600,0.19114026
child,adaboost,temperature,9,290,0.48275862,0.92068966,0.92068966,0.00000000,0.92309524,0.92309524,0.00000000,0.99285714,0.99285714,0.00000000,0.85333333,0.85333333,0.00000000,0.98661905,0.98638095,-0.00023810,0.98550633,0.98513047,-0.00037586,0.13133893,0.05868737,0.07265156,0.43963105,0.19047781,0.24915324,0.23469821,0.05968721,0.17501100,0.26129256,0.06757101,0.19372156
child,adaboost,histbin,0,290,0.48275862,0.92068966,0.92068966,0.00000000,0.92285714,0.92285714,0.00000000,0.98571429,0.98571429,0.00000000,0.86000000,0.86000000,0.00000000,0.98290476,0.97671429,-0.00619048,0.98130020,0.97177070,-0.00952950,0.13064016,0.05443460,0.07620556,0.43791623,0.16833678,0.26957946,0.23337138,0.02581069,0.20756069,0.25820971,0.02581069,0.23239902
child,adaboost,histbin,1,290,0.48275862,0.88965517,0.88965517,0.00000000,0.89214286,0.89214286,0.00000000,0.96428571,0.96428571,0.00000000,0.82000000,0.82000000,0.00000000,0.97945238,0.96911905,-0.01033333,0.97816224,0.96582390,-0.01233834,0.13294207,0.06747986,0.06546221,0.44300123,0.43034655,0.01265468,0.23906793,0.03483647,0.20423146,0.23906793,0.03742268,0.20164525
child,adaboost,histbin,2,290,0.48275862,0.91724138,0.91724138,0.00000000,0.91952381,0.91952381,0.00000000,0.98571429,0.98571429,0.00000000,0.85333333,0.85333333,0.00000000,0.98442857,0.97714286,-0.00728571,0.98347646,0.97153681,-0.01193965,0.13263550,0.05623851,0.07639699,0.44217270,0.17889853,0.26327416,0.23993524,0.00752267,0.23241258,0.25716127,0.01167412,0.24548715
child,adaboost,histbin,3,290,0.48275862,0.90344828,0.90344828,0.00000000,0.90571429,0.90571429,0.00000000,0.97142857,0.97142857,0.00000000,0.84000000,0.84000000,0.00000000,0.97709524,0.97292857,-0.00416667,0.97614026,0.96945497,-0.00668528,0.13325103,0.06414109,0.06910994,0.44309950,0.19661960,0.24647989,0.23560332,0.02542540,0.21017793,0.24188018,0.03937406,0.20250611
child,adaboost,histbin,4,290,0.48275862,0.92413793,0.92413793,0.00000000,0.92642857,0.92642857,0.00000000,0.99285714,0.99285714,0.00000000,0.86000000,0.86000000,0.00000000,0.98409524,0.97402381,-0.01007143,0.98313013,0.96792770,-0.01520243,0.13033268,0.05443013,0.07590255,0.43705035,0.17288726,0.26416309,0.23501245,0.03774274,0.19726971,0.26100825,0.03774274,0.22326551
child,adaboost,histbin,5,290,0.48275862,0.90689655,0.90689655,0.00000000,0.90904762,0.90904762,0.00000000,0.97142857,0.97142857,0.00000000,0.84666667,0.84666667,0.00000000,0.98088095,0.96764286,-0.01323810,0.97987466,0.96154496,-0.01832971,0.13240687,0.06643596,0.06597091,0.44172284,0.21584011,0.22588273,0.22583848,0.01150819,0.21433029,0.24572306,0.02851968,0.21720337
child,adaboost,histbin,6,290,0.48275862,0.91379310,0.91379310,0.00000000,0.91571429,0.91571429,0.00000000,0.97142857,0.97142857,0.00000000,0.86000000,0.86000000,0.00000000,0.98514286,0.97854762,-0.00659524,0.98448049,0.97545656,-0.00902393,0.13136900,0.05787987,0.07348914,0.43951549,0.18020027,0.25931521,0.23940661,0.01025003,0.22915658,0.25303987,0.02911155,0.22392832
child,adaboost,histbin,7,290,0.48275862,0.90344828,0.90344828,0.00000000,0.90595238,0.90595238,0.00000000,0.97857143,0.97857143,0.00000000,0.83333333,0.83333333,0.00000000,0.98276190,0.97066667,-0.01209524,0.98167799,0.95902864,-0.02264935,0.13315406,0.06170500,0.07144906,0.44319556,0.30391297,0.13928260,0.23831879,0.00954362,0.22877517,0.24349523,0.00994194,0.23355329
child,adaboost,histbin,8,290,0.48275862,0.91724138,0.90344828,-0.01379310,0.91952381,0.90452381,-0.01500000,0.98571429,0.93571429,-0.05000000,0.85333333,0.87333333,0.02000000,0.98457143,0.98028571,-0.00428571,0.98372515,0.97577591,-0.00794924,0.13219573,0.05472584,0.07746989,0.44126810,0.17141653,0.26985157,0.23859773,0.02415948,0.21443825,0.25747626,0.03048132,0.22699494
child,adaboost,histbin,9,290,0.48275862,0.92068966,0.92068966,0.00000000,0.92309524,0.92309524,0.00000000,0.99285714,0.99285714,0.00000000,0.85333333,0.85333333,0.00000000,0.98661905,0.97359524,-0.01302381,0.98550633,0.96790058,-0.01760575,0.13133893,0.05415263,0.07718629,0.43963105,0.17224875,0.26738230,0.23469821,0.04653671,0.18816150,0.26129256,0.04653671,0.21475586
child,adaboost,isotonic,0,290,0.48275862,0.92068966,0.90689655,-0.01379310,0.92285714,0.90642857,-0.01642857,0.98571429,0.89285714,-0.09285714,0.86000000,0.92000000,0.06000000,0.98290476,0.98030952,-0.00259524,0.98130020,0.97283986,-0.00846034,0.13064016,0.05442986,0.07621030,0.43791623,0.27457984,0.16333639,0.23337138,0.02683711,0.20653428,0.25820971,0.02802388,0.23018583
child,adaboost,isotonic,1,290,0.48275862,0.88965517,0.91034483,0.02068966,0.89214286,0.91190476,0.01976190,0.96428571,0.95714286,-0.00714286,0.82000000,0.86666667,0.04666667,0.97945238,0.97316667,-0.00628571,0.97816224,0.96541137,-0.01275088,0.13294207,0.06226638,0.07067569,0.44300123,0.41093752,0.03206371,0.23906793,0.02796198,0.21110596,0.23906793,0.03236101,0.20670692
child,adaboost,isotonic,2,290,0.48275862,0.91724138,0.92413793,0.00689655,0.91952381,0.92571429,0.00619048,0.98571429,0.97142857,-0.01428571,0.85333333,0.88000000,0.02666667,0.98442857,0.98188095,-0.00254762,0.98347646,0.97451790,-0.00895856,0.13263550,0.05405968,0.07857582,0.44217270,0.28005565,0.16211705,0.23993524,0.02282308,0.21711216,0.25716127,0.02750467,0.22965660
child,adaboost,isotonic,3,290,0.48275862,0.90344828,0.92068966,0.01724138,0.90571429,0.92190476,0.01619048,0.97142857,0.95714286,-0.01428571,0.84000000,0.88666667,0.04666667,0.97709524,0.97583333,-0.00126190,0.97614026,0.97424284,-0.00189742,0.13325103,0.06186007,0.07139096,0.44309950,0.29627463,0.14682487,0.23560332,0.03315675,0.20244658,0.24188018,0.04751137,0.19436881
child,adaboost,isotonic,4,290,0.48275862,0.92413793,0.91379310,-0.01034483,0.92642857,0.91428571,-0.01214286,0.99285714,0.92857143,-0.06428571,0.86000000,0.90000000,0.04000000,0.98409524,0.97711905,-0.00697619,0.98313013,0.97521322,-0.00791692,0.13033268,0.05718442,0.07314826,0.43705035,0.28232061,0.15472974,0.23501245,0.02388735,0.21112511,0.26100825,0.02831740,0.23269085
child,adaboost,isotonic,5,290,0.48275862,0.90689655,0.91724138,0.01034483,0.90904762,0.91714286,0.00809524,0.97142857,0.91428571,-0.05714286,0.84666667,0.92000000,0.07333333,0.98088095,0.97578571,-0.00509524,0.97987466,0.96984220,-0.01003246,0.13240687,0.05769138,0.07471549,0.44172284,0.40525750,0.03646534,0.22583848,0.02625512,0.19958336,0.24572306,0.03803818,0.20768487
child,adaboost,isotonic,6,290,0.48275862,0.91379310,0.93103448,0.01724138,0.91571429,0.93190476,0.01619048,0.97142857,0.95714286,-0.01428571,0.86000000,0.90666667,0.04666667,0.98514286,0.98411905,-0.00102381,0.98448049,0.98244287,-0.00203761,0.13136900,0.05055995,0.08080905,0.43951549,0.15330305,0.28621244,0.23940661,0.02304340,0.21636321,0.25303987,0.03425948,0.21878039
child,adaboost,isotonic,7,290,0.48275862,0.90344828,0.91034483,0.00689655,0.90595238,0.91047619,0.00452381,0.97857143,0.91428571,-0.06428571,0.83333333,0.90666667,0.07333333,0.98276190,0.97790476,-0.00485714,0.98167799,0.96959777,-0.01208022,0.13315406,0.05669711,0.07645696,0.44319556,0.28604516,0.15715040,0.23831879,0.02561625,0.21270254,0.24349523,0.03928390,0.20421133
child,adaboost,isotonic,8,290,0.48275862,0.91724138,0.93103448,0.01379310,0.91952381,0.93261905,0.01309524,0.98571429,0.97857143,-0.00714286,0.85333333,0.88666667,0.03333333,0.98457143,0.98159524,-0.00297619,0.98372515,0.97437377,-0.00935138,0.13219573,0.04879276,0.08340297,0.44126810,0.25733050,0.18393760,0.23859773,0.02169477,0.21690296,0.25747626,0.02824620,0.22923006
child,adaboost,isotonic,9,290,0.48275862,0.92068966,0.93448276,0.01379310,0.92309524,0.93476190,0.01166667,0.99285714,0.94285714,-0.05000000,0.85333333,0.92666667,0.07333333,0.98661905,0.98366667,-0.00295238,0.98550633,0.98061386,-0.00489247,0.13133893,0.05394901,0.07738992,0.43963105,0.16861650,0.27101455,0.23469821,0.02655867,0.20813954,0.26129256,0.04514714,0.21614543
child,adaboost,beta,0,290,0.48275862,0.92068966,0.91724138,-0.00344828,0.92285714,0.91714286,-0.00571429,0.98571429,0.91428571,-0.07142857,0.86000000,0.92000000,0.06000000,0.98290476,0.98276190,-0.00014286,0.98130020,0.98117641,-0.00012379,0.13064016,0.05329317,0.07734699,0.43791623,0.16564822,0.27226801,0.23337138,0.03582452,0.19754687,0.25820971,0.03582452,0.22238520
child,adaboost,beta,1,290,0.48275862,0.88965517,0.91724138,0.02758621,0.89214286,0.91714286,0.02500000,0.96428571,0.91428571,-0.05000000,0.82000000,0.92000000,0.10000000,0.97945238,0.98111905,0.00166667,0.97816224,0.98050045,0.00233821,0.13294207,0.05622681,0.07671526,0.44300123,0.17570995,0.26729129,0.23906793,0.00811848,0.23094945,0.23906793,0.02598433,0.21308361
child,adaboost,beta,2,290,0.48275862,0.91724138,0.93448276,0.01724138,0.91952381,0.93476190,0.01523810,0.98571429,0.94285714,-0.04285714,0.85333333,0.92666667,0.07333333,0.98442857,0.98342857,-0.00100000,0.98347646,0.98235084,-0.00112562,0.13263550,0.05109624,0.08153926,0.44217270,0.16547896,0.27669374,0.23993524,0.01072481,0.22921043,0.25716127,0.01888104,0.23828024
child,adaboost,beta,3,290,0.48275862,0.90344828,0.90344828,0.00000000,0.90571429,0.90357143,-0.00214286,0.97142857,0.90714286,-0.06428571,0.84000000,0.90000000,0.06000000,0.97709524,0.97809524,0.00100000,0.97614026,0.97751957,0.00137932,0.13325103,0.06094573,0.07230530,0.44309950,0.18523486,0.25786463,0.23560332,0.03480696,0.20079637,0.24188018,0.03991273,0.20196744
child,adaboost,beta,4,290,0.48275862,0.92413793,0.91724138,-0.00689655,0.92642857,0.91785714,-0.00857143,0.99285714,0.93571429,-0.05714286,0.86000000,0.90000000,0.04000000,0.98409524,0.98290476,-0.00119048,0.98313013,0.98204100,-0.00108914,0.13033268,0.05275991,0.07757277,0.43705035,0.16248792,0.27456243,0.23501245,0.01452896,0.22048349,0.26100825,0.02544930,0.23555895
child,adaboost,beta,5,290,0.48275862,0.90689655,0.92413793,0.01724138,0.90904762,0.92380952,0.01476190,0.97142857,0.91428571,-0.05714286,0.84666667,0.93333333,0.08666667,0.98088095,0.98026190,-0.00061905,0.97987466,0.97925798,-0.00061669,0.13240687,0.05723622,0.07517065,0.44172284,0.18461061,0.25711223,0.22583848,0.02362951,0.20220898,0.24572306,0.02947871,0.21624435
child,adaboost,beta,6,290,0.48275862,0.91379310,0.93448276,0.02068966,0.91571429,0.93476190,0.01904762,0.97142857,0.94285714,-0.02857143,0.86000000,0.92666667,0.06666667,0.98514286,0.98619048,0.00104762,0.98448049,0.98565574,0.00117526,0.13136900,0.04831579,0.08305321,0.43951549,0.15280918,0.28670631,0.23940661,0.01965320,0.21975341,0.25303987,0.02501204,0.22802783
child,adaboost,beta,7,290,0.48275862,0.90344828,0.92068966,0.01724138,0.90595238,0.92119048,0.01523810,0.97857143,0.93571429,-0.04285714,0.83333333,0.90666667,0.07333333,0.98276190,0.98157143,-0.00119048,0.98167799,0.98023428,-0.00144371,0.13315406,0.05497311,0.07818095,0.44319556,0.17332866,0.26986690,0.23831879,0.01911759,0.21920120,0.24349523,0.03129742,0.21219781
child,adaboost,beta,8,290,0.48275862,0.91724138,0.91379310,-0.00344828,0.91952381,0.91404762,-0.00547619,0.98571429,0.92142857,-0.06428571,0.85333333,0.90666667,0.05333333,0.98457143,0.98400000,-0.00057143,0.98372515,0.98306282,-0.00066233,0.13219573,0.05134668,0.08084905,0.44126810,0.15949656,0.28177154,0.23859773,0.02753144,0.21106629,0.25747626,0.02863424,0.22884202
child,adaboost,beta,9,290,0.48275862,0.92068966,0.93793103,0.01724138,0.92309524,0.93761905,0.01452381,0.99285714,0.92857143,-0.06428571,0.85333333,0.94666667,0.09333333,0.98661905,0.98661905,0.00000000,0.98550633,0.98536962,-0.00013672,0.13133893,0.04764881,0.08369012,0.43963105,0.15236408,0.28726697,0.23469821,0.03525236,0.19944586,0.26129256,0.03832151,0.22297105
child,mlp,platt,0,290,0.48275862,0.90689655,0.91034483,0.00344828,0.90880952,0.91190476,0.00309524,0.96428571,0.95714286,-0.00714286,0.85333333,0.86666667,0.01333333,0.97900000,0.97700000,-0.00200000,0.97967101,0.97713187,-0.00253913,0.09654535,0.06910387,0.02744148,0.32905570,0.21885735,0.11019835,0.17914990,0.05583582,0.12331408,0.17914990,0.05583582,0.12331408
child,mlp,platt,1,290,0.48275862,0.89310345,0.89655172,0.00344828,0.89261905,0.89619048,0.00357143,0.87857143,0.88571429,0.00714286,0.90666667,0.90666667,0.00000000,0.96300000,0.96709524,0.00409524,0.96454976,0.96402629,-0.00052347,0.10779663,0.07331164,0.03448499,0.36299027,0.23673426,0.12625601,0.15461838,0.03977540,0.11484297,0.15811334,0.04731584,0.11079751
child,mlp,platt,2,290,0.48275862,0.88620690,0.86551724,-0.02068966,0.88666667,0.86595238,-0.02071429,0.90000000,0.87857143,-0.02142857,0.87333333,0.85333333,-0.02000000,0.95557143,0.95233333,-0.00323810,0.95711164,0.95444712,-0.00266452,0.11636031,0.09126081,0.02509949,0.38268557,0.27945829,0.10322728,0.13914197,0.03542115,0.10372082,0.16765619,0.04619131,0.12146487
child,mlp,platt,3,290,0.48275862,0.80689655,0.79655172,-0.01034483,0.81000000,0.79880952,-0.01119048,0.90000000,0.86428571,-0.03571429,0.72000000,0.73333333,0.01333333,0.85757143,0.83314286,-0.02442857,0.81929358,0.77037129,-0.04892228,0.15687033,0.16646052,-0.00959019,0.48429728,0.62553698,-0.14123971,0.12107178,0.14429598,-0.02322420,0.12833619,0.14488023,-0.01654404
child,mlp,platt,4,290,0.48275862,0.83103448,0.83793103,0.00689655,0.83285714,0.83738095,0.00452381,0.88571429,0.82142857,-0.06428571,0.78000000,0.85333333,0.07333333,0.93023810,0.91195238,-0.01828571,0.93208079,0.91561587,-0.01646492,0.14504579,0.11932140,0.02572439,0.45741147,0.37420014,0.08321133,0.13867086,0.02455634,0.11411452,0.15674127,0.04512387,0.11161740
child,mlp,platt,5,290,0.48275862,0.93103448,0.91379310,-0.01724138,0.93119048,0.91404762,-0.01714286,0.93571429,0.92142857,-0.01428571,0.92666667,0.90666667,-0.02000000,0.97409524,0.96938095,-0.00471429,0.97105729,0.96481009,-0.00624720,0.10239867,0.06448624,0.03791243,0.35166587,0.22254203,0.12912384,0.16167899,0.02780481,0.13387419,0.19667737,0.04681753,0.14985984
child,mlp,platt,6,290,0.48275862,0.88965517,0.88275862,-0.00689655,0.88904762,0.88119048,-0.00785714,0.87142857,0.83571429,-0.03571429,0.90666667,0.92666667,0.02000000,0.96066667,0.95757143,-0.00309524,0.96209119,0.95758024,-0.00451095,0.11501373,0.08524564,0.02976810,0.38016980,0.26901130,0.11115850,0.15186067,0.03182827,0.12003240,0.17011117,0.03342010,0.13669107
child,mlp,platt,7,290,0.48275862,0.88275862,0.88275862,0.00000000,0.88380952,0.88285714,-0.00095238,0.91428571,0.88571429,-0.02857143,0.85333333,0.88000000,0.02666667,0.95685714,0.95352381,-0.00333333,0.95889174,0.95743908,-0.00145266,0.11224084,0.08658029,0.02566055,0.36959589,0.30444966,0.06514623,0.14070358,0.03850074,0.10220284,0.14943694,0.05346042,0.09597652
child,mlp,platt,8,290,0.48275862,0.94827586,0.93793103,-0.01034483,0.94809524,0.93714286,-0.01095238,0.94285714,0.91428571,-0.02857143,0.95333333,0.96000000,0.00666667,0.99300000,0.99228571,-0.00071429,0.99235032,0.99153575,-0.00081457,0.07613637,0.03790769,0.03822867,0.28584419,0.12051111,0.16533308,0.17359361,0.02611069,0.14748293,0.17650294,0.03314604,0.14335689
child,mlp,platt,9,290,0.48275862,0.87241379,0.87931034,0.00689655,0.87357143,0.88047619,0.00690476,0.90714286,0.91428571,0.00714286,0.84000000,0.84666667,0.00666667,0.95204762,0.94509524,-0.00695238,0.94945974,0.94047716,-0.00898257,0.14554651,0.09734219,0.04820432,0.46757823,0.31533323,0.15224500,0.19503025,0.06055446,0.13447579,0.22004784,0.07181089,0.14823694
child,mlp,temperature,0,290,0.48275862,0.90689655,0.90689655,0.00000000,0.90880952,0.90880952,0.00000000,0.96428571,0.96428571,0.00000000,0.85333333,0.85333333,0.00000000,0.97900000,0.97738095,-0.00161905,0.97967101,0.97684056,-0.00283044,0.09654535,0.06815238,0.02839297,0.32905570,0.21843266,0.11062304,0.17914990,0.05622762,0.12292228,0.17914990,0.06365089,0.11549901
child,mlp,temperature,1,290,0.48275862,0.89310345,0.89310345,0.00000000,0.89261905,0.89261905,0.00000000,0.87857143,0.87857143,0.00000000,0.90666667,0.90666667,0.00000000,0.96300000,0.96452381,0.00152381,0.96454976,0.96086163,-0.00368813,0.10779663,0.07684241,0.03095422,0.36299027,0.24556110,0.11742917,0.15461838,0.03879568,0.11582269,0.15811334,0.04084626,0.11726708
child,mlp,temperature,2,290,0.48275862,0.88620690,0.88620690,0.00000000,0.88666667,0.88666667,0.00000000,0.90000000,0.90000000,0.00000000,0.87333333,0.87333333,0.00000000,0.95557143,0.95619048,0.00061905,0.95711164,0.95687488,-0.00023676,0.11636031,0.08479437,0.03156594,0.38268557,0.26183428,0.12085129,0.13914197,0.01859361,0.12054836,0.16765619,0.04854874,0.11910744
child,mlp,temperature,3,290,0.48275862,0.80689655,0.80689655,0.00000000,0.81000000,0.81000000,0.00000000,0.90000000,0.90000000,0.00000000,0.72000000,0.72000000,0.00000000,0.85757143,0.84228571,-0.01528571,0.81929358,0.78549114,-0.03380244,0.15687033,0.15728004,-0.00040971,0.48429728,0.58204626,-0.09774898,0.12107178,0.12328098,-0.00220920,0.12833619,0.12952484,-0.00118865
child,mlp,temperature,4,290,0.48275862,0.83103448,0.83103448,0.00000000,0.83285714,0.83285714,0.00000000,0.88571429,0.88571429,0.00000000,0.78000000,0.78000000,0.00000000,0.93023810,0.92038095,-0.00985714,0.93208079,0.92345399,-0.00862680,0.14504579,0.11714615,0.02789964,0.45741147,0.36906451,0.08834696,0.13867086,0.06302052,0.07565034,0.15674127,0.07043700,0.08630426
child,mlp,temperature,5,290,0.48275862,0.93103448,0.93103448,0.00000000,0.93119048,0.93119048,0.00000000,0.93571429,0.93571429,0.00000000,0.92666667,0.92666667,0.00000000,0.97409524,0.97100000,-0.00309524,0.97105729,0.96666418,-0.00439311,0.10239867,0.06376680,0.03863187,0.35166587,0.21962900,0.13203687,0.16167899,0.02353112,0.13814788,0.19667737,0.05076890,0.14590847
child,mlp,temperature,6,290,0.48275862,0.88965517,0.88965517,0.00000000,0.88904762,0.88904762,0.00000000,0.87142857,0.87142857,0.00000000,0.90666667,0.90666667,0.00000000,0.96066667,0.95638095,-0.00428571,0.96209119,0.95714025,-0.00495094,0.11501373,0.08558221,0.02943153,0.38016980,0.27018631,0.10998349,0.15186067,0.03799231,0.11386836,0.17011117,0.04004763,0.13006354
child,mlp,temperature,7,290,0.48275862,0.88275862,0.88275862,0.00000000,0.88380952,0.88380952,0.00000000,0.91428571,0.91428571,0.00000000,0.85333333,0.85333333,0.00000000,0.95685714,0.95585714,-0.00100000,0.95889174,0.95867799,-0.00021376,0.11224084,0.08585613,0.02638471,0.36959589,0.27881261,0.09078328,0.14070358,0.04274776,0.09795581,0.14943694,0.04422732,0.10520962
child,mlp,temperature,8,290,0.48275862,0.94827586,0.94827586,0.00000000,0.94809524,0.94809524,0.00000000,0.94285714,0.94285714,0.00000000,0.95333333,0.95333333,0.00000000,0.99300000,0.99300000,-0.00000000,0.99235032,0.99229255,-0.00005777,0.07613637,0.03492620,0.04121017,0.28584419,0.11455436,0.17128983,0.17359361,0.03189961,0.14169401,0.17650294,0.03189961,0.14460333
child,mlp,temperature,9,290,0.48275862,0.87241379,0.87241379,0.00000000,0.87357143,0.87357143,0.00000000,0.90714286,0.90714286,0.00000000,0.84000000,0.84000000,0.00000000,0.95204762,0.94800000,-0.00404762,0.94945974,0.94186232,-0.00759741,0.14554651,0.09666721,0.04887930,0.46757823,0.31503547,0.15254276,0.19503025,0.06479213,0.13023812,0.22004784,0.07263275,0.14741508
child,mlp,histbin,0,290,0.48275862,0.90689655,0.90000000,-0.00689655,0.90880952,0.90238095,-0.00642857,0.96428571,0.97142857,0.00714286,0.85333333,0.83333333,-0.02000000,0.97900000,0.97802381,-0.00097619,0.97967101,0.97587684,-0.00379417,0.09654535,0.06494671,0.03159864,0.32905570,0.20145728,0.12759842,0.17914990,0.04849658,0.13065332,0.17914990,0.05101747,0.12813243
child,mlp,histbin,1,290,0.48275862,0.89310345,0.89310345,0.00000000,0.89261905,0.89261905,0.00000000,0.87857143,0.87857143,0.00000000,0.90666667,0.90666667,0.00000000,0.96300000,0.95078571,-0.01221429,0.96454976,0.94701154,-0.01753822,0.10779663,0.08688595,0.02091068,0.36299027,0.26763924,0.09535104,0.15461838,0.02677588,0.12784250,0.15811334,0.06492406,0.09318929
child,mlp,histbin,2,290,0.48275862,0.88620690,0.85517241,-0.03103448,0.88666667,0.85547619,-0.03119048,0.90000000,0.86428571,-0.03571429,0.87333333,0.84666667,-0.02666667,0.95557143,0.94002381,-0.01554762,0.95711164,0.93760378,-0.01950785,0.11636031,0.10025610,0.01610421,0.38268557,0.41938998,-0.03670441,0.13914197,0.05980286,0.07933911,0.16765619,0.07181174,0.09584445
child,mlp,histbin,3,290,0.48275862,0.80689655,0.80689655,0.00000000,0.81000000,0.81000000,0.00000000,0.90000000,0.90000000,0.00000000,0.72000000,0.72000000,0.00000000,0.85757143,0.82995238,-0.02761905,0.81929358,0.75383599,-0.06545759,0.15687033,0.17298909,-0.01611877,0.48429728,1.25816990,-0.77387262,0.12107178,0.14900929,-0.02793751,0.12833619,0.15502968,-0.02669349
child,mlp,histbin,4,290,0.48275862,0.83103448,0.83103448,0.00000000,0.83285714,0.83285714,0.00000000,0.88571429,0.88571429,0.00000000,0.78000000,0.78000000,0.00000000,0.93023810,0.89430952,-0.03592857,0.93208079,0.88728780,-0.04479300,0.14504579,0.12727921,0.01776658,0.45741147,0.49646250,-0.03905103,0.13867086,0.02955409,0.10911676,0.15674127,0.06766791,0.08907335
child,mlp,histbin,5,290,0.48275862,0.93103448,0.87241379,-0.05862069,0.93119048,0.87214286,-0.05904762,0.93571429,0.86428571,-0.07142857,0.92666667,0.88000000,-0.04666667,0.97409524,0.95714286,-0.01695238,0.97105729,0.93635944,-0.03469785,0.10239867,0.07693312,0.02546555,0.35166587,0.59158152,-0.23991564,0.16167899,0.03659886,0.12508014,0.19667737,0.05212234,0.14455503
child,mlp,histbin,6,290,0.48275862,0.88965517,0.88965517,0.00000000,0.88904762,0.88904762,0.00000000,0.87142857,0.87142857,0.00000000,0.90666667,0.90666667,0.00000000,0.96066667,0.95764286,-0.00302381,0.96209119,0.95470105,-0.00739013,0.11501373,0.08120172,0.03381202,0.38016980,0.24933941,0.13083039,0.15186067,0.03768143,0.11417924,0.17011117,0.05603486,0.11407631
child,mlp,histbin,7,290,0.48275862,0.88275862,0.80000000,-0.08275862,0.88380952,0.79785714,-0.08595238,0.91428571,0.73571429,-0.17857143,0.85333333,0.86000000,0.00666667,0.95685714,0.92835714,-0.02850000,0.95889174,0.91512224,-0.04376951,0.11224084,0.11108867,0.00115217,0.36959589,0.55722096,-0.18762507,0.14070358,0.04562713,0.09507645,0.14943694,0.05808413,0.09135281
child,mlp,histbin,8,290,0.48275862,0.94827586,0.94827586,0.00000000,0.94809524,0.94809524,0.00000000,0.94285714,0.94285714,0.00000000,0.95333333,0.95333333,0.00000000,0.99300000,0.98785714,-0.00514286,0.99235032,0.98511659,-0.00723373,0.07613637,0.04269610,0.03344027,0.28584419,0.13471049,0.15113370,0.17359361,0.02158308,0.15201053,0.17650294,0.02804432,0.14845862
child,mlp,histbin,9,290,0.48275862,0.87241379,0.87241379,0.00000000,0.87357143,0.87357143,0.00000000,0.90714286,0.90714286,0.00000000,0.84000000,0.84000000,0.00000000,0.95204762,0.93361905,-0.01842857,0.94945974,0.92560499,-0.02385475,0.14554651,0.10284758,0.04269893,0.46757823,0.32631518,0.14126306,0.19503025,0.06185747,0.13317278,0.22004784,0.07357002,0.14647781
child,mlp,isotonic,0,290,0.48275862,0.90689655,0.89655172,-0.01034483,0.90880952,0.89833333,-0.01047619,0.96428571,0.95000000,-0.01428571,0.85333333,0.84666667,-0.00666667,0.97900000,0.97169048,-0.00730952,0.97967101,0.96001531,-0.01965570,0.09654535,0.06949700,0.02704835,0.32905570,0.43650212,-0.10744641,0.17914990,0.05046881,0.12868109,0.17914990,0.05564122,0.12350868
child,mlp,isotonic,1,290,0.48275862,0.89310345,0.88965517,-0.00344828,0.89261905,0.88928571,-0.00333333,0.87857143,0.87857143,0.00000000,0.90666667,0.90000000,-0.00666667,0.96300000,0.96416667,0.00116667,0.96454976,0.95767903,-0.00687074,0.10779663,0.07675952,0.03103711,0.36299027,0.23157285,0.13141742,0.15461838,0.02765206,0.12696632,0.15811334,0.04466519,0.11344815
child,mlp,isotonic,2,290,0.48275862,0.88620690,0.85862069,-0.02758621,0.88666667,0.85976190,-0.02690476,0.90000000,0.89285714,-0.00714286,0.87333333,0.82666667,-0.04666667,0.95557143,0.94592857,-0.00964286,0.95711164,0.94786589,-0.00924574,0.11636031,0.09834190,0.01801841,0.38268557,0.30759012,0.07509544,0.13914197,0.05980894,0.07933303,0.16765619,0.07015376,0.09750243
child,mlp,isotonic,3,290,0.48275862,0.80689655,0.80000000,-0.00689655,0.81000000,0.80285714,-0.00714286,0.90000000,0.88571429,-0.01428571,0.72000000,0.72000000,0.00000000,0.85757143,0.81983333,-0.03773810,0.81929358,0.71209279,-0.10720079,0.15687033,0.17167545,-0.01480512,0.48429728,3.59317653,-3.10887926,0.12107178,0.14599531,-0.02492353,0.12833619,0.15278178,-0.02444559
child,mlp,isotonic,4,290,0.48275862,0.83103448,0.84482759,0.01379310,0.83285714,0.84571429,0.01285714,0.88571429,0.87142857,-0.01428571,0.78000000,0.82000000,0.04000000,0.93023810,0.91438095,-0.01585714,0.93208079,0.90577105,-0.02630974,0.14504579,0.11864440,0.02640139,0.45741147,0.82995402,-0.37254255,0.13867086,0.08625362,0.05241724,0.15674127,0.09462059,0.06212068
child,mlp,isotonic,5,290,0.48275862,0.93103448,0.91034483,-0.02068966,0.93119048,0.91142857,-0.01976190,0.93571429,0.94285714,0.00714286,0.92666667,0.88000000,-0.04666667,0.97409524,0.96816667,-0.00592857,0.97105729,0.95470326,-0.01635403,0.10239867,0.06627200,0.03612667,0.35166587,0.55430583,-0.20263995,0.16167899,0.04044154,0.12123745,0.19667737,0.06169548,0.13498189
child,mlp,isotonic,6,290,0.48275862,0.88965517,0.87586207,-0.01379310,0.88904762,0.87428571,-0.01476190,0.87142857,0.82857143,-0.04285714,0.90666667,0.92000000,0.01333333,0.96066667,0.95457143,-0.00609524,0.96209119,0.95438941,-0.00770178,0.11501373,0.08429853,0.03071520,0.38016980,0.48247042,-0.10230062,0.15186067,0.04413747,0.10772321,0.17011117,0.05367717,0.11643399
child,mlp,isotonic,7,290,0.48275862,0.88275862,0.85517241,-0.02758621,0.88380952,0.85642857,-0.02738095,0.91428571,0.89285714,-0.02142857,0.85333333,0.82000000,-0.03333333,0.95685714,0.93857143,-0.01828571,0.95889174,0.93517378,-0.02371796,0.11224084,0.09229081,0.01995002,0.36959589,0.95561984,-0.58602395,0.14070358,0.04702187,0.09368171,0.14943694,0.06054175,0.08889519
child,mlp,isotonic,8,290,0.48275862,0.94827586,0.93103448,-0.01724138,0.94809524,0.93000000,-0.01809524,0.94285714,0.90000000,-0.04285714,0.95333333,0.96000000,0.00666667,0.99300000,0.99066667,-0.00233333,0.99235032,0.98921966,-0.00313066,0.07613637,0.04156291,0.03457346,0.28584419,0.12718442,0.15865977,0.17359361,0.02143175,0.15216186,0.17650294,0.03081831,0.14568462
child,mlp,isotonic,9,290,0.48275862,0.87241379,0.86206897,-0.01034483,0.87357143,0.86380952,-0.00976190,0.90714286,0.91428571,0.00714286,0.84000000,0.81333333,-0.02666667,0.95204762,0.93064286,-0.02140476,0.94945974,0.91797219,-0.03148755,0.14554651,0.10215582,0.04339069,0.46757823,0.43266596,0.03491228,0.19503025,0.03521472,0.15981553,0.22004784,0.07059436,0.14945347
child,mlp,beta,0,290,0.48275862,0.90689655,0.90689655,0.00000000,0.90880952,0.90833333,-0.00047619,0.96428571,0.95000000,-0.01428571,0.85333333,0.86666667,0.01333333,0.97900000,0.97738095,-0.00161905,0.97967101,0.97761057,-0.00206044,0.09654535,0.06852001,0.02802534,0.32905570,0.21755840,0.11149731,0.17914990,0.05651294,0.12263696,0.17914990,0.05692359,0.12222631
child,mlp,beta,1,290,0.48275862,0.89310345,0.90000000,0.00689655,0.89261905,0.89928571,0.00666667,0.87857143,0.87857143,0.00000000,0.90666667,0.92000000,0.01333333,0.96300000,0.96695238,0.00395238,0.96454976,0.96473491,0.00018515,0.10779663,0.07474587,0.03305076,0.36299027,0.24080343,0.12218684,0.15461838,0.02872428,0.12589410,0.15811334,0.03840388,0.11970947
child,mlp,beta,2,290,0.48275862,0.88620690,0.86551724,-0.02068966,0.88666667,0.86595238,-0.02071429,0.90000000,0.87857143,-0.02142857,0.87333333,0.85333333,-0.02000000,0.95557143,0.95280952,-0.00276190,0.95711164,0.95566537,-0.00144626,0.11636031,0.09063855,0.02572176,0.38268557,0.27851188,0.10417369,0.13914197,0.03255002,0.10659194,0.16765619,0.03896135,0.12869483
child,mlp,beta,3,290,0.48275862,0.80689655,0.79655172,-0.01034483,0.81000000,0.79880952,-0.01119048,0.90000000,0.86428571,-0.03571429,0.72000000,0.73333333,0.01333333,0.85757143,0.83309524,-0.02447619,0.81929358,0.76038716,-0.05890641,0.15687033,0.16563271,-0.00876239,0.48429728,0.64625343,-0.16195615,0.12107178,0.14285864,-0.02178685,0.12833619,0.14493455,-0.01659836
child,mlp,beta,4,290,0.48275862,0.83103448,0.83448276,0.00344828,0.83285714,0.83428571,0.00142857,0.88571429,0.82857143,-0.05714286,0.78000000,0.84000000,0.06000000,0.93023810,0.91309524,-0.01714286,0.93208079,0.91670307,-0.01537772,0.14504579,0.11870815,0.02633764,0.45741147,0.37657030,0.08084117,0.13867086,0.02882398,0.10984688,0.15674127,0.04106473,0.11567654
child,mlp,beta,5,290,0.48275862,0.93103448,0.91034483,-0.02068966,0.93119048,0.91095238,-0.02023810,0.93571429,0.92857143,-0.00714286,0.92666667,0.89333333,-0.03333333,0.97409524,0.96904762,-0.00504762,0.97105729,0.96425551,-0.00680178,0.10239867,0.06461042,0.03778825,0.35166587,0.22578305,0.12588282,0.16167899,0.02895331,0.13272569,0.19667737,0.03879974,0.15787763
child,mlp,beta,6,290,0.48275862,0.88965517,0.88965517,0.00000000,0.88904762,0.88880952,-0.00023810,0.87142857,0.86428571,-0.00714286,0.90666667,0.91333333,0.00666667,0.96066667,0.95847619,-0.00219048,0.96209119,0.95840803,-0.00368316,0.11501373,0.08337209,0.03164164,0.38016980,0.26483853,0.11533126,0.15186067,0.03322191,0.11863876,0.17011117,0.03498971,0.13512146
child,mlp,beta,7,290,0.48275862,0.88275862,0.88275862,0.00000000,0.88380952,0.88285714,-0.00095238,0.91428571,0.88571429,-0.02857143,0.85333333,0.88000000,0.02666667,0.95685714,0.95385714,-0.00300000,0.95889174,0.95674738,-0.00214436,0.11224084,0.08672711,0.02551373,0.36959589,0.29639536,0.07320053,0.14070358,0.03800034,0.10270324,0.14943694,0.04457300,0.10486395
child,mlp,beta,8,290,0.48275862,0.94827586,0.93793103,-0.01034483,0.94809524,0.93714286,-0.01095238,0.94285714,0.91428571,-0.02857143,0.95333333,0.96000000,0.00666667,0.99300000,0.99247619,-0.00052381,0.99235032,0.99175829,-0.00059203,0.07613637,0.03790558,0.03823079,0.28584419,0.12035066,0.16549353,0.17359361,0.02537376,0.14821985,0.17650294,0.03354177,0.14296117
child,mlp,beta,9,290,0.48275862,0.87241379,0.87586207,0.00344828,0.87357143,0.87690476,0.00333333,0.90714286,0.90714286,0.00000000,0.84000000,0.84666667,0.00666667,0.95204762,0.94614286,-0.00590476,0.94945974,0.94036718,-0.00909256,0.14554651,0.09536689,0.05017962,0.46757823,0.31254603,0.15503221,0.19503025,0.05801092,0.13701933,0.22004784,0.08055047,0.13949736
adolescent,logreg,platt,0,103,0.60194175,0.98058252,0.96116505,-0.01941748,0.97974036,0.95535012,-0.02439024,0.98387097,0.98387097,0.00000000,0.97560976,0.92682927,-0.04878049,0.99685287,0.97797010,-0.01888277,0.99805229,0.97448277,-0.02356952,0.03103097,0.03014629,0.00088468,0.12272584,0.27840691,-0.15568108,0.07043175,0.01612000,0.05431175,0.08203754,0.03251855,0.04951899
adolescent,logreg,platt,1,103,0.60194175,0.95145631,0.95145631,0.00000000,0.94728560,0.94728560,0.00000000,0.96774194,0.96774194,0.00000000,0.92682927,0.92682927,0.00000000,0.99252557,0.99134540,-0.00118017,0.99552708,0.99499186,-0.00053522,0.03910837,0.03603820,0.00307017,0.14192056,0.12970325,0.01221731,0.06161957,0.04606163,0.01555794,0.07088362,0.04606163,0.02482199
adolescent,logreg,platt,2,103,0.60194175,0.94174757,0.93203883,-0.00970874,0.93509048,0.92702596,-0.00806452,0.96774194,0.95161290,-0.01612903,0.90243902,0.90243902,0.00000000,0.98780488,0.96616837,-0.02163651,0.99227871,0.98157694,-0.01070176,0.04787318,0.05750680,-0.00963362,0.16508809,0.58594974,-0.42086165,0.04690643,0.04921406,-0.00230764,0.05778383,0.06541889,-0.00763505
adolescent,logreg,platt,3,103,0.60194175,0.93203883,0.94174757,0.00970874,0.93115657,0.94748230,0.01632573,0.93548387,0.91935484,-0.01612903,0.92682927,0.97560976,0.04878049,0.98701810,0.97954367,-0.00747443,0.99204572,0.98974406,-0.00230166,0.05091506,0.04531818,0.00559688,0.17282046,0.46090542,-0.28808496,0.05110333,0.02908811,0.02201522,0.06602453,0.03305590,0.03296863
adolescent,logreg,platt,4,103,0.60194175,0.97087379,0.97087379,0.00000000,0.96754524,0.96754524,0.00000000,0.98387097,0.98387097,0.00000000,0.95121951,0.95121951,0.00000000,0.99527931,0.99488592,-0.00039339,0.99716210,0.99698341,-0.00017869,0.04063451,0.03244625,0.00818826,0.14602193,0.10920034,0.03682160,0.06721947,0.03473584,0.03248363,0.08857128,0.04928671,0.03928457
adolescent,logreg,platt,5,103,0.60194175,0.94174757,0.94174757,0.00000000,0.93509048,0.93922109,0.00413061,0.96774194,0.95161290,-0.01612903,0.90243902,0.92682927,0.02439024,0.99213218,0.95397325,-0.03815893,0.99513458,0.97252389,-0.02261069,0.04246789,0.05403531,-0.01156742,0.15001064,0.71358640,-0.56357576,0.05753591,0.03391715,0.02361876,0.06171909,0.04439035,0.01732874
adolescent,logreg,platt,6,103,0.60194175,0.90291262,0.90291262,0.00000000,0.89457120,0.89457120,0.00000000,0.93548387,0.93548387,0.00000000,0.85365854,0.85365854,0.00000000,0.98151062,0.97718332,-0.00432730,0.98825901,0.98579486,-0.00246414,0.05334404,0.06585566,-0.01251162,0.17451016,0.22449147,-0.04998131,0.03881466,0.04902366,-0.01020901,0.08827507,0.06583290,0.02244217
adolescent,logreg,platt,7,103,0.60194175,0.93203883,0.93203883,0.00000000,0.92289536,0.92289536,0.00000000,0.96774194,0.96774194,0.00000000,0.87804878,0.87804878,0.00000000,0.98426436,0.96538159,-0.01888277,0.98991430,0.96220348,-0.02771082,0.05391323,0.05382620,0.00008703,0.17798818,0.32521188,-0.14722371,0.05484297,0.04356100,0.01128197,0.07979671,0.04864480,0.03115191
adolescent,logreg,platt,8,103,0.60194175,0.94174757,0.95145631,0.00970874,0.93922109,0.94728560,0.00806452,0.95161290,0.96774194,0.01612903,0.92682927,0.92682927,0.00000000,0.99291896,0.99331235,0.00039339,0.99558544,0.99605675,0.00047131,0.04058462,0.02828112,0.01230350,0.14423352,0.09656302,0.04767051,0.05690304,0.02506718,0.03183586,0.07327318,0.03276881,0.04050437
adolescent,logreg,platt,9,103,0.60194175,0.95145631,0.95145631,0.00000000,0.94728560,0.94728560,0.00000000,0.96774194,0.96774194,0.00000000,0.92682927,0.92682927,0.00000000,0.99173879,0.99134540,-0.00039339,0.99496260,0.99484344,-0.00011916,0.04381641,0.03576946,0.00804694,0.15379044,0.12112903,0.03266141,0.06785144,0.02912111,0.03873033,0.06785144,0.05044029,0.01741115
adolescent,logreg,temperature,0,103,0.60194175,0.98058252,0.98058252,0.00000000,0.97974036,0.97974036,0.00000000,0.98387097,0.98387097,0.00000000,0.97560976,0.97560976,0.00000000,0.99685287,0.99331235,-0.00354052,0.99805229,0.99535783,-0.00269446,0.03103097,0.02751589,0.00351508,0.12272584,0.10218085,0.02054498,0.07043175,0.01378633,0.05664542,0.08203754,0.04472776,0.03730978
adolescent,logreg,temperature,1,103,0.60194175,0.95145631,0.95145631,0.00000000,0.94728560,0.94728560,0.00000000,0.96774194,0.96774194,0.00000000,0.92682927,0.92682927,0.00000000,0.99252557,0.99173879,-0.00078678,0.99552708,0.99520385,-0.00032324,0.03910837,0.03563310,0.00347526,0.14192056,0.12208259,0.01983797,0.06161957,0.04550792,0.01611164,0.07088362,0.04550792,0.02537570
adolescent,logreg,temperature,2,103,0.60194175,0.94174757,0.94174757,0.00000000,0.93509048,0.93509048,0.00000000,0.96774194,0.96774194,0.00000000,0.90243902,0.90243902,0.00000000,0.98780488,0.97915028,-0.00865460,0.99227871,0.98680736,-0.00547135,0.04787318,0.05221137,-0.00433819,0.16508809,0.20585531,-0.04076722,0.04690643,0.03300336,0.01390307,0.05778383,0.05344247,0.00434137
adolescent,logreg,temperature,3,103,0.60194175,0.93203883,0.93203883,0.00000000,0.93115657,0.93115657,0.00000000,0.93548387,0.93548387,0.00000000,0.92682927,0.92682927,0.00000000,0.98701810,0.98308419,-0.00393391,0.99204572,0.99023385,-0.00181187,0.05091506,0.05298805,-0.00207299,0.17282046,0.19435131,-0.02153085,0.05110333,0.04541028,0.00569304,0.06602453,0.06091767,0.00510686
adolescent,logreg,temperature,4,103,0.60194175,0.97087379,0.97087379,0.00000000,0.96754524,0.96754524,0.00000000,0.98387097,0.98387097,0.00000000,0.95121951,0.95121951,0.00000000,0.99527931,0.99449253,-0.00078678,0.99716210,0.99677622,-0.00038588,0.04063451,0.03356497,0.00706954,0.14602193,0.11393560,0.03208633,0.06721947,0.03889418,0.02832529,0.08857128,0.04902602,0.03954526
adolescent,logreg,temperature,5,103,0.60194175,0.94174757,0.94174757,0.00000000,0.93509048,0.93509048,0.00000000,0.96774194,0.96774194,0.00000000,0.90243902,0.90243902,0.00000000,0.99213218,0.98229740,-0.00983478,0.99513458,0.99012208,-0.00501250,0.04246789,0.04517945,-0.00271156,0.15001064,0.17809223,-0.02808159,0.05753591,0.02457677,0.03295914,0.06171909,0.03723182,0.02448727
adolescent,logreg,temperature,6,103,0.60194175,0.90291262,0.90291262,0.00000000,0.89457120,0.89457120,0.00000000,0.93548387,0.93548387,0.00000000,0.85365854,0.85365854,0.00000000,0.98151062,0.98072384,-0.00078678,0.98825901,0.98766749,-0.00059152,0.05334404,0.05953352,-0.00618948,0.17451016,0.20057193,-0.02606177,0.03881466,0.04614350,-0.00732884,0.08827507,0.06665289,0.02162218
adolescent,logreg,temperature,7,103,0.60194175,0.93203883,0.93203883,0.00000000,0.92289536,0.92289536,0.00000000,0.96774194,0.96774194,0.00000000,0.87804878,0.87804878,0.00000000,0.98426436,0.96420142,-0.02006294,0.98991430,0.96122759,-0.02868671,0.05391323,0.05455633,-0.00064311,0.17798818,0.35616913,-0.17818095,0.05484297,0.04813884,0.00670413,0.07979671,0.06087697,0.01891974
adolescent,logreg,temperature,8,103,0.60194175,0.94174757,0.94174757,0.00000000,0.93922109,0.93922109,0.00000000,0.95161290,0.95161290,0.00000000,0.92682927,0.92682927,0.00000000,0.99291896,0.99252557,-0.00039339,0.99558544,0.99536294,-0.00022249,0.04058462,0.03761690,0.00296772,0.14423352,0.10935425,0.03487928,0.05690304,0.04677850,0.01012454,0.07327318,0.05313626,0.02013692
adolescent,logreg,temperature,9,103,0.60194175,0.95145631,0.95145631,0.00000000,0.94728560,0.94728560,0.00000000,0.96774194,0.96774194,0.00000000,0.92682927,0.92682927,0.00000000,0.99173879,0.99055862,-0.00118017,0.99496260,0.99439160,-0.00057099,0.04381641,0.03622235,0.00759406,0.15379044,0.12195557,0.03183487,0.06785144,0.03078002,0.03707143,0.06785144,0.04200236,0.02584908
adolescent,logreg,histbin,0,103,0.60194175,0.98058252,0.93203883,-0.04854369,0.97974036,0.93115657,-0.04858379,0.98387097,0.93548387,-0.04838710,0.97560976,0.92682927,-0.04878049,0.99685287,0.93705744,-0.05979544,0.99805229,0.94313603,-0.05491627,0.03103097,0.06426331,-0.03323233,0.12272584,2.11840545,-1.99567962,0.07043175,0.06440981,0.00602194,0.08203754,0.06440981,0.01762773
adolescent,logreg,histbin,1,103,0.60194175,0.95145631,0.94174757,-0.00970874,0.94728560,0.93922109,-0.00806452,0.96774194,0.95161290,-0.01612903,0.92682927,0.92682927,0.00000000,0.99252557,0.95712038,-0.03540519,0.99552708,0.95364156,-0.04188553,0.03910837,0.04696063,-0.00785226,0.14192056,1.42427517,-1.28235461,0.06161957,0.04870550,0.01291407,0.07088362,0.05647249,0.01441113
adolescent,logreg,histbin,2,103,0.60194175,0.94174757,0.90291262,-0.03883495,0.93509048,0.89044060,-0.04464988,0.96774194,0.95161290,-0.01612903,0.90243902,0.82926829,-0.07317073,0.98780488,0.93115657,-0.05664831,0.99227871,0.92852786,-0.06375085,0.04787318,0.07821237,-0.03033920,0.16508809,2.15700719,-1.99191910,0.04690643,0.06697873,-0.02007231,0.05778383,0.06697873,-0.00919490
adolescent,logreg,histbin,3,103,0.60194175,0.93203883,0.92233010,-0.00970874,0.93115657,0.91896145,-0.01219512,0.93548387,0.93548387,0.00000000,0.92682927,0.90243902,-0.02439024,0.98701810,0.95357986,-0.03343824,0.99204572,0.95170001,-0.04034571,0.05091506,0.05911295,-0.00819789,0.17282046,1.45571773,-1.28289727,0.05110333,0.05564004,-0.00453671,0.06602453,0.05564004,0.01038449
adolescent,logreg,histbin,4,103,0.60194175,0.97087379,0.95145631,-0.01941748,0.96754524,0.94315500,-0.02439024,0.98387097,0.98387097,0.00000000,0.95121951,0.90243902,-0.04878049,0.99527931,0.96223446,-0.03304485,0.99716210,0.95811634,-0.03904576,0.04063451,0.04826401,-0.00762950,0.14602193,1.10692397,-0.96090204,0.06721947,0.05787158,0.00934789,0.08857128,0.06029876,0.02827252
adolescent,logreg,histbin,5,103,0.60194175,0.94174757,0.94174757,0.00000000,0.93509048,0.93509048,0.00000000,0.96774194,0.96774194,0.00000000,0.90243902,0.90243902,0.00000000,0.99213218,0.97147915,-0.02065303,0.99513458,0.97112085,-0.02401373,0.04246789,0.04729146,-0.00482357,0.15001064,0.78469082,-0.63468019,0.05753591,0.02229494,0.03524097,0.06171909,0.04171241,0.02000668
adolescent,logreg,histbin,6,103,0.60194175,0.90291262,0.90291262,0.00000000,0.89457120,0.89457120,0.00000000,0.93548387,0.93548387,0.00000000,0.85365854,0.85365854,0.00000000,0.98151062,0.93863100,-0.04287962,0.98825901,0.93392481,-0.05433419,0.05334404,0.07762060,-0.02427657,0.17451016,1.82817083,-1.65366067,0.03881466,0.07733472,-0.03852006,0.08827507,0.07976190,0.00851317
adolescent,logreg,histbin,7,103,0.60194175,0.93203883,0.88349515,-0.04854369,0.92289536,0.87431157,-0.04858379,0.96774194,0.91935484,-0.04838710,0.87804878,0.82926829,-0.04878049,0.98426436,0.94020456,-0.04405980,0.98991430,0.93687482,-0.05303948,0.05391323,0.08007748,-0.02616425,0.17798818,1.50814574,-1.33015756,0.05484297,0.08538361,-0.03054065,0.07979671,0.09266517,-0.01286846
adolescent,logreg,histbin,8,103,0.60194175,0.94174757,0.94174757,0.00000000,0.93922109,0.93095987,-0.00826121,0.95161290,0.98387097,0.03225806,0.92682927,0.87804878,-0.04878049,0.99291896,0.95889064,-0.03402832,0.99558544,0.94934592,-0.04623952,0.04058462,0.04733561,-0.00675099,0.14423352,1.10243819,-0.95820467,0.05690304,0.03902044,0.01788260,0.07327318,0.04387481,0.02939837
adolescent,logreg,histbin,9,103,0.60194175,0.95145631,0.93203883,-0.01941748,0.94728560,0.92702596,-0.02025964,0.96774194,0.95161290,-0.01612903,0.92682927,0.90243902,-0.02439024,0.99173879,0.94531865,-0.04642014,0.99496260,0.94506618,-0.04989641,0.04381641,0.06410820,-0.02029179,0.15379044,1.79903506,-1.64524462,0.06785144,0.06060228,0.00724916,0.06785144,0.06491727,0.00293417
adolescent,logreg,isotonic,0,103,0.60194175,0.98058252,0.95145631,-0.02912621,0.97974036,0.94728560,-0.03245476,0.98387097,0.96774194,-0.01612903,0.97560976,0.92682927,-0.04878049,0.99685287,0.97698662,-0.01986625,0.99805229,0.97589290,-0.02215939,0.03103097,0.03141182,-0.00038085,0.12272584,0.73736522,-0.61463939,0.07043175,0.02019525,0.05023650,0.08203754,0.04432622,0.03771132
adolescent,logreg,isotonic,1,103,0.60194175,0.95145631,0.94174757,-0.00970874,0.94728560,0.93922109,-0.00806452,0.96774194,0.95161290,-0.01612903,0.92682927,0.92682927,0.00000000,0.99252557,0.97915028,-0.01337530,0.99552708,0.98480726,-0.01071982,0.03910837,0.04407751,-0.00496914,0.14192056,0.77455428,-0.63263373,0.06161957,0.03811551,0.02350406,0.07088362,0.04458800,0.02629562
adolescent,logreg,isotonic,2,103,0.60194175,0.94174757,0.90291262,-0.03883495,0.93509048,0.89044060,-0.04464988,0.96774194,0.95161290,-0.01612903,0.90243902,0.82926829,-0.07317073,0.98780488,0.96282455,-0.02498033,0.99227871,0.96656834,-0.02571037,0.04787318,0.06033195,-0.01245878,0.16508809,1.13515606,-0.97006797,0.04690643,0.05543339,-0.00852696,0.05778383,0.06249051,-0.00470668
adolescent,logreg,isotonic,3,103,0.60194175,0.93203883,0.94174757,0.00970874,0.93115657,0.94748230,0.01632573,0.93548387,0.91935484,-0.01612903,0.92682927,0.97560976,0.04878049,0.98701810,0.96675846,-0.02025964,0.99204572,0.96869164,-0.02335408,0.05091506,0.04784524,0.00306982,0.17282046,1.10446290,-0.93164244,0.05110333,0.04119753,0.00990579,0.06602453,0.04341173,0.02261279
adolescent,logreg,isotonic,4,103,0.60194175,0.97087379,0.95145631,-0.01941748,0.96754524,0.94728560,-0.02025964,0.98387097,0.96774194,-0.01612903,0.95121951,0.92682927,-0.02439024,0.99527931,0.98544453,-0.00983478,0.99716210,0.98928561,-0.00787649,0.04063451,0.03606503,0.00456948,0.14602193,0.42903105,-0.28300911,0.06721947,0.02360663,0.04361284,0.08857128,0.02749012,0.06108115
adolescent,logreg,isotonic,5,103,0.60194175,0.94174757,0.94174757,0.00000000,0.93509048,0.93509048,0.00000000,0.96774194,0.96774194,0.00000000,0.90243902,0.90243902,0.00000000,0.99213218,0.95554681,-0.03658537,0.99513458,0.95339243,-0.04174215,0.04246789,0.05061712,-0.00814923,0.15001064,1.43714941,-1.28713878,0.05753591,0.05085809,0.00667782,0.06171909,0.05727675,0.00444235
adolescent,logreg,isotonic,6,103,0.60194175,0.90291262,0.90291262,0.00000000,0.89457120,0.89870181,0.00413061,0.93548387,0.91935484,-0.01612903,0.85365854,0.87804878,0.02439024,0.98151062,0.95613690,-0.02537372,0.98825901,0.95430926,-0.03394975,0.05334404,0.06922382,-0.01587979,0.17451016,1.16124935,-0.98673919,0.03881466,0.06620856,-0.02739391,0.08827507,0.07654915,0.01172592
adolescent,logreg,isotonic,7,103,0.60194175,0.93203883,0.92233010,-0.00970874,0.92289536,0.91483084,-0.00806452,0.96774194,0.95161290,-0.01612903,0.87804878,0.87804878,0.00000000,0.98426436,0.94866247,-0.03560189,0.98991430,0.94223797,-0.04767633,0.05391323,0.06037165,-0.00645842,0.17798818,1.46008417,-1.28209599,0.05484297,0.04747045,0.00737252,0.07979671,0.05260783,0.02718889
adolescent,logreg,isotonic,8,103,0.60194175,0.94174757,0.98058252,0.03883495,0.93922109,0.98387097,0.04464988,0.95161290,0.96774194,0.01612903,0.92682927,1.00000000,0.07317073,0.99291896,0.98819827,-0.00472069,0.99558544,0.99191936,-0.00366607,0.04058462,0.02562067,0.01496395,0.14423352,0.40248171,-0.25824819,0.05690304,0.01528323,0.04161981,0.07327318,0.03218442,0.04108876
adolescent,logreg,isotonic,9,103,0.60194175,0.95145631,0.93203883,-0.01941748,0.94728560,0.92289536,-0.02439024,0.96774194,0.96774194,0.00000000,0.92682927,0.87804878,-0.04878049,0.99173879,0.98485445,-0.00688434,0.99496260,0.99007434,-0.00488826,0.04381641,0.03902286,0.00479354,0.15379044,0.43781154,-0.28402110,0.06785144,0.03324317,0.03460827,0.06785144,0.05017033,0.01768112
adolescent,logreg,beta,0,103,0.60194175,0.98058252,0.96116505,-0.01941748,0.97974036,0.95948072,-0.02025964,0.98387097,0.96774194,-0.01612903,0.97560976,0.95121951,-0.02439024,0.99685287,0.97797010,-0.01888277,0.99805229,0.97448277,-0.02356952,0.03103097,0.03030755,0.00072342,0.12272584,0.30707173,-0.18434589,0.07043175,0.01573851,0.05469324,0.08203754,0.03325785,0.04877969
adolescent,logreg,beta,1,103,0.60194175,0.95145631,0.94174757,-0.00970874,0.94728560,0.93922109,-0.00806452,0.96774194,0.95161290,-0.01612903,0.92682927,0.92682927,0.00000000,0.99252557,0.99016522,-0.00236035,0.99552708,0.99447904,-0.00104804,0.03910837,0.03661260,0.00249577,0.14192056,0.13005388,0.01186667,0.06161957,0.04857428,0.01304529,0.07088362,0.05861750,0.01226612
adolescent,logreg,beta,2,103,0.60194175,0.94174757,0.93203883,-0.00970874,0.93509048,0.92702596,-0.00806452,0.96774194,0.95161290,-0.01612903,0.90243902,0.90243902,0.00000000,0.98780488,0.96538159,-0.02242329,0.99227871,0.98131085,-0.01096785,0.04787318,0.05771032,-0.00983715,0.16508809,0.62558708,-0.46049899,0.04690643,0.04925605,-0.00234962,0.05778383,0.05817297,-0.00038913
adolescent,logreg,beta,3,103,0.60194175,0.93203883,0.94174757,0.00970874,0.93115657,0.94748230,0.01632573,0.93548387,0.91935484,-0.01612903,0.92682927,0.97560976,0.04878049,0.98701810,0.98072384,-0.00629426,0.99204572,0.99049931,-0.00154641,0.05091506,0.04532726,0.00558780,0.17282046,0.45980392,-0.28698346,0.05110333,0.03682401,0.01427932,0.06602453,0.04389985,0.02212468
adolescent,logreg,beta,4,103,0.60194175,0.97087379,0.95145631,-0.01941748,0.96754524,0.94728560,-0.02025964,0.98387097,0.96774194,-0.01612903,0.95121951,0.92682927,-0.02439024,0.99527931,0.99409913,-0.00118017,0.99716210,0.99639283,-0.00076928,0.04063451,0.03247357,0.00816094,0.14602193,0.10821219,0.03780974,0.06721947,0.03645602,0.03076345,0.08857128,0.04204282,0.04652846
adolescent,logreg,beta,5,103,0.60194175,0.94174757,0.94174757,0.00000000,0.93509048,0.93922109,0.00413061,0.96774194,0.95161290,-0.01612903,0.90243902,0.92682927,0.02439024,0.99213218,0.96341463,-0.02871755,0.99513458,0.98134607,-0.01378851,0.04246789,0.05235480,-0.00988691,0.15001064,0.61869298,-0.46868234,0.05753591,0.04275103,0.01478488,0.06171909,0.05308690,0.00863220
adolescent,logreg,beta,6,103,0.60194175,0.90291262,0.91262136,0.00970874,0.89457120,0.90676633,0.01219512,0.93548387,0.93548387,0.00000000,0.85365854,0.87804878,0.02439024,0.98151062,0.97482297,-0.00668765,0.98825901,0.98490335,-0.00335565,0.05334404,0.06764526,-0.01430122,0.17451016,0.23773705,-0.06322689,0.03881466,0.05257752,-0.01376286,0.08827507,0.06354714,0.02472793
adolescent,logreg,beta,7,103,0.60194175,0.93203883,0.93203883,0.00000000,0.92289536,0.92289536,0.00000000,0.96774194,0.96774194,0.00000000,0.87804878,0.87804878,0.00000000,0.98426436,0.96302124,-0.02124312,0.98991430,0.96244045,-0.02747385,0.05391323,0.05458057,-0.00066734,0.17798818,0.36699444,-0.18900626,0.05484297,0.03494503,0.01989794,0.07979671,0.04679959,0.03299712
adolescent,logreg,beta,8,103,0.60194175,0.94174757,0.96116505,0.01941748,0.93922109,0.95948072,0.02025964,0.95161290,0.96774194,0.01612903,0.92682927,0.95121951,0.02439024,0.99291896,0.99449253,0.00157356,0.99558544,0.99672753,0.00114209,0.04058462,0.02342781,0.01715681,0.14423352,0.08207607,0.06215745,0.05690304,0.01820301,0.03870003,0.07327318,0.03312198,0.04015120
adolescent,logreg,beta,9,103,0.60194175,0.95145631,0.95145631,0.00000000,0.94728560,0.94728560,0.00000000,0.96774194,0.96774194,0.00000000,0.92682927,0.92682927,0.00000000,0.99173879,0.99055862,-0.00118017,0.99496260,0.99441216,-0.00055044,0.04381641,0.03554823,0.00826818,0.15379044,0.12523241,0.02855803,0.06785144,0.02349919,0.04435226,0.06785144,0.03762367,0.03022777
adolescent,dtree,platt,0,103,0.60194175,0.80582524,0.79611650,-0.00970874,0.80566483,0.79346971,-0.01219512,0.80645161,0.80645161,0.00000000,0.80487805,0.78048780,-0.02439024,0.81766326,0.81018883,-0.00747443,0.84077576,0.83587735,-0.00489840,0.18147355,0.16486737,0.01660617,5.35249552,0.50954352,4.84295200,0.16912557,0.10859856,0.06052701,0.16912557,0.10859856,0.06052701
adolescent,dtree,platt,1,103,0.60194175,0.79611650,0.74757282,-0.04854369,0.79346971,0.71597168,-0.07749803,0.80645161,0.87096774,0.06451613,0.78048780,0.56097561,-0.21951220,0.79858379,0.79760031,-0.00098348,0.81110171,0.83726104,0.02615934,0.19187975,0.17103988,0.02083986,6.02794736,0.52533933,5.50260803,0.16816237,0.08065344,0.08750893,0.18473541,0.09406225,0.09067316
adolescent,dtree,platt,2,103,0.60194175,0.77669903,0.76699029,-0.00970874,0.76081825,0.73210071,-0.02871755,0.83870968,0.90322581,0.06451613,0.68292683,0.56097561,-0.12195122,0.76809599,0.73092054,-0.03717545,0.77278174,0.73744359,-0.03533815,0.20997803,0.18550952,0.02446851,6.72186955,0.57182444,6.15004510,0.20843314,0.07678694,0.13164620,0.21332568,0.07678694,0.13653874
adolescent,dtree,platt,3,103,0.60194175,0.76699029,0.77669903,0.00970874,0.75275374,0.74429583,-0.00845791,0.82258065,0.90322581,0.08064516,0.68292683,0.58536585,-0.09756098,0.76907946,0.79012589,0.02104642,0.77566678,0.79682130,0.02115451,0.20995218,0.17399456,0.03595762,6.71870972,0.54349112,6.17521860,0.19879817,0.06804216,0.13075601,0.19879817,0.06804216,0.13075601
adolescent,dtree,platt,4,103,0.60194175,0.73786408,0.72815534,-0.00970874,0.72856019,0.69571204,-0.03284815,0.77419355,0.85483871,0.08064516,0.68292683,0.53658537,-0.14634146,0.75334382,0.75983478,0.00649095,0.76980573,0.77307035,0.00326462,0.23050720,0.18526795,0.04523925,7.09835520,0.55848703,6.53986818,0.21593863,0.06674269,0.14919594,0.21972740,0.07494048,0.14478692
adolescent,dtree,platt,5,103,0.60194175,0.76699029,0.77669903,0.00970874,0.76927616,0.76494886,-0.00432730,0.75806452,0.82258065,0.06451613,0.78048780,0.70731707,-0.07317073,0.78619197,0.76927616,-0.01691581,0.79825516,0.78007301,-0.01818215,0.20976782,0.17523400,0.03453382,6.71822968,0.54034956,6.17788011,0.20238995,0.05866217,0.14372778,0.20238995,0.06224807,0.14014188
adolescent,dtree,platt,6,103,0.60194175,0.81553398,0.82524272,0.00970874,0.80546814,0.81353265,0.00806452,0.85483871,0.87096774,0.01612903,0.75609756,0.75609756,0.00000000,0.81943352,0.80959874,-0.00983478,0.82134218,0.80709751,-0.01424467,0.17193248,0.15074385,0.02118863,5.64665814,0.48027466,5.16638348,0.16669924,0.04975134,0.11694790,0.17096161,0.06645114,0.10451047
adolescent,dtree,platt,7,103,0.60194175,0.78640777,0.75728155,-0.02912621,0.77301338,0.73642801,-0.03658537,0.83870968,0.83870968,0.00000000,0.70731707,0.63414634,-0.07317073,0.80723839,0.75845791,-0.04878049,0.81998130,0.77518792,-0.04479338,0.18789820,0.18884930,-0.00095110,5.69165351,0.59106899,5.10058451,0.16536913,0.18724801,-0.02187888,0.16560308,0.18760581,-0.02200273
adolescent,dtree,platt,8,103,0.60194175,0.79611650,0.79611650,0.00000000,0.78107789,0.77281668,-0.00826121,0.85483871,0.88709677,0.03225806,0.70731707,0.65853659,-0.04878049,0.80664831,0.78658537,-0.02006294,0.81050263,0.78567688,-0.02482574,0.18565479,0.16232789,0.02332691,5.68156750,0.51618717,5.16538033,0.16724147,0.06371874,0.10352273,0.18253922,0.08035157,0.10218765
adolescent,dtree,platt,9,103,0.60194175,0.73786408,0.76699029,0.02912621,0.73269079,0.74449253,0.01180173,0.75806452,0.85483871,0.09677419,0.70731707,0.63414634,-0.07317073,0.76455547,0.76652242,0.00196696,0.77243180,0.80328785,0.03085605,0.22058268,0.18048009,0.04010259,6.74569075,0.55105675,6.19463400,0.21640511,0.07678424,0.13962088,0.21640511,0.07678424,0.13962088
adolescent,dtree,temperature,0,103,0.60194175,0.80582524,0.80582524,0.00000000,0.80566483,0.80566483,0.00000000,0.80645161,0.80645161,0.00000000,0.80487805,0.80487805,0.00000000,0.81766326,0.81451613,-0.00314713,0.84077576,0.83828482,-0.00249093,0.18147355,0.16535207,0.01612147,5.35249552,0.51167280,4.84082272,0.16912557,0.10485620,0.06426937,0.16912557,0.10759013,0.06153544
adolescent,dtree,temperature,1,103,0.60194175,0.79611650,0.79611650,0.00000000,0.79346971,0.79346971,0.00000000,0.80645161,0.80645161,0.00000000,0.78048780,0.78048780,0.00000000,0.79858379,0.78029111,-0.01829268,0.81110171,0.82309996,0.01199825,0.19187975,0.17039180,0.02148795,6.02794736,0.52861450,5.49933286,0.16816237,0.08716291,0.08099946,0.18473541,0.09672513,0.08801029
adolescent,dtree,temperature,2,103,0.60194175,0.77669903,0.77669903,0.00000000,0.76081825,0.76081825,0.00000000,0.83870968,0.83870968,0.00000000,0.68292683,0.68292683,0.00000000,0.76809599,0.72659323,-0.04150275,0.77278174,0.73195690,-0.04082484,0.20997803,0.18507940,0.02489863,6.72186955,0.57105578,6.15081376,0.20843314,0.11045229,0.09798085,0.21332568,0.11734039,0.09598529
adolescent,dtree,temperature,3,103,0.60194175,0.76699029,0.76699029,0.00000000,0.75275374,0.75275374,0.00000000,0.82258065,0.82258065,0.00000000,0.68292683,0.68292683,0.00000000,0.76907946,0.78147128,0.01239182,0.77566678,0.78951950,0.01385272,0.20995218,0.17250922,0.03744296,6.71870972,0.53195107,6.18675866,0.19879817,0.05112665,0.14767152,0.19879817,0.05112665,0.14767152
adolescent,dtree,temperature,4,103,0.60194175,0.73786408,0.73786408,0.00000000,0.72856019,0.72856019,0.00000000,0.77419355,0.77419355,0.00000000,0.68292683,0.68292683,0.00000000,0.75334382,0.75275374,-0.00059009,0.76980573,0.76251697,-0.00728876,0.23050720,0.18572803,0.04477917,7.09835520,0.55955259,6.53880261,0.21593863,0.06488324,0.15105539,0.21972740,0.06488324,0.15484416
adolescent,dtree,temperature,5,103,0.60194175,0.76699029,0.76699029,0.00000000,0.76927616,0.76927616,0.00000000,0.75806452,0.75806452,0.00000000,0.78048780,0.78048780,0.00000000,0.78619197,0.76573564,-0.02045633,0.79825516,0.78532204,-0.01293313,0.20976782,0.17563039,0.03413744,6.71822968,0.54013949,6.17809019,0.20238995,0.06983817,0.13255178,0.20238995,0.06983817,0.13255178
adolescent,dtree,temperature,6,103,0.60194175,0.81553398,0.81553398,0.00000000,0.80546814,0.80546814,0.00000000,0.85483871,0.85483871,0.00000000,0.75609756,0.75609756,0.00000000,0.81943352,0.80723839,-0.01219512,0.82134218,0.80633257,-0.01500961,0.17193248,0.15003358,0.02189889,5.64665814,0.47718346,5.16947468,0.16669924,0.04835355,0.11834568,0.17096161,0.05615283,0.11480878
adolescent,dtree,temperature,7,103,0.60194175,0.78640777,0.78640777,0.00000000,0.77301338,0.77301338,0.00000000,0.83870968,0.83870968,0.00000000,0.70731707,0.70731707,0.00000000,0.80723839,0.76042486,-0.04681353,0.81998130,0.77602423,-0.04395707,0.18789820,0.18675175,0.00114645,5.69165351,0.58517351,5.10648000,0.16536913,0.16661760,-0.00124847,0.16560308,0.16661760,-0.00101452
adolescent,dtree,temperature,8,103,0.60194175,0.79611650,0.79611650,0.00000000,0.78107789,0.78107789,0.00000000,0.85483871,0.85483871,0.00000000,0.70731707,0.70731707,0.00000000,0.80664831,0.79996066,-0.00668765,0.81050263,0.80141777,-0.00908486,0.18565479,0.16140260,0.02425220,5.68156750,0.51367511,5.16789239,0.16724147,0.04620601,0.12103546,0.18253922,0.08172142,0.10081781
adolescent,dtree,temperature,9,103,0.60194175,0.73786408,0.73786408,0.00000000,0.73269079,0.73269079,0.00000000,0.75806452,0.75806452,0.00000000,0.70731707,0.70731707,0.00000000,0.76455547,0.76691581,0.00236035,0.77243180,0.79191427,0.01948247,0.22058268,0.17965344,0.04092923,6.74569075,0.54654605,6.19914471,0.21640511,0.05501002,0.16139509,0.21640511,0.05501002,0.16139509
adolescent,dtree,histbin,0,103,0.60194175,0.80582524,0.73786408,-0.06796117,0.80566483,0.71616837,-0.08949646,0.80645161,0.82258065,0.01612903,0.80487805,0.60975610,-0.19512195,0.81766326,0.78953580,-0.02812746,0.84077576,0.82713777,-0.01363799,0.18147355,0.18811952,-0.00664598,5.35249552,0.88881797,4.46367755,0.16912557,0.05969504,0.10943053,0.16912557,0.09976941,0.06935616
adolescent,dtree,histbin,1,103,0.60194175,0.79611650,0.72815534,-0.06796117,0.79346971,0.70397325,-0.08949646,0.80645161,0.82258065,0.01612903,0.78048780,0.58536585,-0.19512195,0.79858379,0.76239182,-0.03619197,0.81110171,0.82438008,0.01327837,0.19187975,0.19081669,0.00106306,6.02794736,1.54739743,4.48054993,0.16816237,0.11131362,0.05684876,0.18473541,0.12339560,0.06133981
adolescent,dtree,histbin,2,103,0.60194175,0.77669903,0.76699029,-0.00970874,0.76081825,0.73623131,-0.02458694,0.83870968,0.88709677,0.04838710,0.68292683,0.58536585,-0.09756098,0.76809599,0.72324941,-0.04484658,0.77278174,0.73816946,-0.03461228,0.20997803,0.19265283,0.01732520,6.72186955,1.23675724,5.48511230,0.20843314,0.08648510,0.12194804,0.21332568,0.10590258,0.10742311
adolescent,dtree,histbin,3,103,0.60194175,0.76699029,0.77669903,0.00970874,0.75275374,0.74842644,-0.00432730,0.82258065,0.88709677,0.06451613,0.68292683,0.60975610,-0.07317073,0.76907946,0.75904799,-0.01003147,0.77566678,0.76569138,-0.00997541,0.20995218,0.18052137,0.02943081,6.71870972,1.20580383,5.51290589,0.19879817,0.07617084,0.12262734,0.19879817,0.08014791,0.11865026
adolescent,dtree,histbin,4,103,0.60194175,0.73786408,0.73786408,0.00000000,0.72856019,0.70377655,-0.02478363,0.77419355,0.87096774,0.09677419,0.68292683,0.53658537,-0.14634146,0.75334382,0.74960661,-0.00373721,0.76980573,0.75356863,-0.01623710,0.23050720,0.18933046,0.04117674,7.09835520,0.89431095,6.20404426,0.21593863,0.04008880,0.17584982,0.21972740,0.08940919,0.13031821
adolescent,dtree,histbin,5,103,0.60194175,0.76699029,0.77669903,0.00970874,0.76927616,0.76907946,-0.00019670,0.75806452,0.80645161,0.04838710,0.78048780,0.73170732,-0.04878049,0.78619197,0.74921322,-0.03697876,0.79825516,0.77332474,-0.02493042,0.20976782,0.18463789,0.02512994,6.71822968,1.53499955,5.18323013,0.20238995,0.09588274,0.10650721,0.20238995,0.09588274,0.10650721
adolescent,dtree,histbin,6,103,0.60194175,0.81553398,0.80582524,-0.00970874,0.80546814,0.79740362,-0.00806452,0.85483871,0.83870968,-0.01612903,0.75609756,0.75609756,0.00000000,0.81943352,0.77458694,-0.04484658,0.82134218,0.77344242,-0.04789976,0.17193248,0.16273193,0.00920054,5.64665814,1.15594843,4.49070970,0.16669924,0.05922605,0.10747318,0.17096161,0.08511602,0.08584559
adolescent,dtree,histbin,7,103,0.60194175,0.78640777,0.75728155,-0.02912621,0.77301338,0.72816680,-0.04484658,0.83870968,0.87096774,0.03225806,0.70731707,0.58536585,-0.12195122,0.80723839,0.64476790,-0.16247050,0.81998130,0.67279435,-0.14718695,0.18789820,0.22650694,-0.03860874,5.69165351,2.95929446,2.73235905,0.16536913,0.24952600,-0.08415687,0.16560308,0.24952600,-0.08392292
adolescent,dtree,histbin,8,103,0.60194175,0.79611650,0.78640777,-0.00970874,0.78107789,0.75649095,-0.02458694,0.85483871,0.90322581,0.04838710,0.70731707,0.60975610,-0.09756098,0.80664831,0.76003147,-0.04661684,0.81050263,0.76062779,-0.04987483,0.18565479,0.17152895,0.01412585,5.68156750,0.86219593,4.81937157,0.16724147,0.05425235,0.11298912,0.18253922,0.09010790,0.09243132
adolescent,dtree,histbin,9,103,0.60194175,0.73786408,0.73786408,0.00000000,0.73269079,0.71616837,-0.01652242,0.75806452,0.82258065,0.06451613,0.70731707,0.60975610,-0.09756098,0.76455547,0.74272227,-0.02183320,0.77243180,0.76937154,-0.00306026,0.22058268,0.19615799,0.02442469,6.74569075,0.91851715,5.82717360,0.21640511,0.08567911,0.13072600,0.21640511,0.10496583,0.11143928
adolescent,dtree,isotonic,0,103,0.60194175,0.80582524,0.73786408,-0.06796117,0.80566483,0.71203777,-0.09362707,0.80645161,0.83870968,0.03225806,0.80487805,0.58536585,-0.21951220,0.81766326,0.81431943,-0.00334382,0.84077576,0.84072711,-0.00004864,0.18147355,0.17712224,0.00435130,5.35249552,0.53584076,4.81665476,0.16912557,0.08893962,0.08018595,0.16912557,0.13386835,0.03525722
adolescent,dtree,isotonic,1,103,0.60194175,0.79611650,0.75728155,-0.03883495,0.79346971,0.73642801,-0.05704170,0.80645161,0.83870968,0.03225806,0.78048780,0.63414634,-0.14634146,0.79858379,0.79130606,-0.00727773,0.81110171,0.83408275,0.02298105,0.19187975,0.16608180,0.02579795,6.02794736,0.51380409,5.51414327,0.16816237,0.06206950,0.10609287,0.18473541,0.09586163,0.08887378
adolescent,dtree,isotonic,2,103,0.60194175,0.77669903,0.78640777,0.00970874,0.76081825,0.76475216,0.00393391,0.83870968,0.87096774,0.03225806,0.68292683,0.65853659,-0.02439024,0.76809599,0.74685287,-0.02124312,0.77278174,0.74469146,-0.02809028,0.20997803,0.17750874,0.03246929,6.72186955,0.55304461,6.16882494,0.20843314,0.06000425,0.14842889,0.21332568,0.06316426,0.15016143
adolescent,dtree,isotonic,3,103,0.60194175,0.76699029,0.78640777,0.01941748,0.75275374,0.76475216,0.01199843,0.82258065,0.87096774,0.04838710,0.68292683,0.65853659,-0.02439024,0.76907946,0.78442172,0.01534225,0.77566678,0.78986327,0.01419648,0.20995218,0.17061722,0.03933496,6.71870972,0.53279641,6.18591331,0.19879817,0.07054560,0.12825257,0.19879817,0.07539997,0.12339820
adolescent,dtree,isotonic,4,103,0.60194175,0.73786408,0.75728155,0.01941748,0.72856019,0.74055862,0.01199843,0.77419355,0.82258065,0.04838710,0.68292683,0.65853659,-0.02439024,0.75334382,0.76357199,0.01022817,0.76980573,0.77115662,0.00135088,0.23050720,0.18202557,0.04848163,7.09835520,0.55507500,6.54328020,0.21593863,0.03096587,0.18497276,0.21972740,0.03679514,0.18293226
adolescent,dtree,isotonic,5,103,0.60194175,0.76699029,0.77669903,0.00970874,0.76927616,0.76494886,-0.00432730,0.75806452,0.82258065,0.06451613,0.78048780,0.70731707,-0.07317073,0.78619197,0.76691581,-0.01927616,0.79825516,0.78525403,-0.01300113,0.20976782,0.17319080,0.03657702,6.71822968,0.53741344,6.18081624,0.20238995,0.06010835,0.14228161,0.20238995,0.06010835,0.14228161
adolescent,dtree,isotonic,6,103,0.60194175,0.81553398,0.82524272,0.00970874,0.80546814,0.81766326,0.01219512,0.85483871,0.85483871,0.00000000,0.75609756,0.78048780,0.02439024,0.81943352,0.79996066,-0.01947286,0.82134218,0.79380660,-0.02753558,0.17193248,0.14899378,0.02293870,5.64665814,0.47607183,5.17058631,0.16669924,0.04713616,0.11956308,0.17096161,0.05272957,0.11823204
adolescent,dtree,isotonic,7,103,0.60194175,0.78640777,0.77669903,-0.00970874,0.77301338,0.75255704,-0.02045633,0.83870968,0.87096774,0.03225806,0.70731707,0.63414634,-0.07317073,0.80723839,0.69315500,-0.11408340,0.81998130,0.71913224,-0.10084907,0.18789820,0.20536999,-0.01747179,5.69165351,0.64194337,5.04971013,0.16536913,0.19786538,-0.03249625,0.16560308,0.19786538,-0.03226230
adolescent,dtree,isotonic,8,103,0.60194175,0.79611650,0.78640777,-0.00970874,0.78107789,0.76888277,-0.01219512,0.85483871,0.85483871,0.00000000,0.70731707,0.68292683,-0.02439024,0.80664831,0.78265146,-0.02399685,0.81050263,0.78250697,-0.02799565,0.18565479,0.16530016,0.02035463,5.68156750,0.52139333,5.16017417,0.16724147,0.05010326,0.11713821,0.18253922,0.08606713,0.09647209
adolescent,dtree,isotonic,9,103,0.60194175,0.73786408,0.74757282,0.00970874,0.73269079,0.73249410,-0.00019670,0.75806452,0.80645161,0.04838710,0.70731707,0.65853659,-0.04878049,0.76455547,0.75904799,-0.00550747,0.77243180,0.77862359,0.00619179,0.22058268,0.18874569,0.03183698,6.74569075,0.57669389,6.16899686,0.21640511,0.07772183,0.13868329,0.21640511,0.08446978,0.13193533
adolescent,dtree,beta,0,103,0.60194175,0.80582524,0.74757282,-0.05825243,0.80566483,0.72423289,-0.08143194,0.80645161,0.83870968,0.03225806,0.80487805,0.60975610,-0.19512195,0.81766326,0.81451613,-0.00314713,0.84077576,0.84124960,0.00047384,0.18147355,0.17120630,0.01026725,5.35249552,0.52335191,4.82914361,0.16912557,0.08824333,0.08088224,0.16912557,0.12172400,0.04740157
adolescent,dtree,beta,1,103,0.60194175,0.79611650,0.77669903,-0.01941748,0.79346971,0.76494886,-0.02852085,0.80645161,0.82258065,0.01612903,0.78048780,0.70731707,-0.07317073,0.79858379,0.79051928,-0.00806452,0.81110171,0.83429910,0.02319739,0.19187975,0.16873682,0.02314293,6.02794736,0.51921671,5.50873065,0.16816237,0.06658050,0.10158187,0.18473541,0.07866563,0.10606978
adolescent,dtree,beta,2,103,0.60194175,0.77669903,0.76699029,-0.00970874,0.76081825,0.74036192,-0.02045633,0.83870968,0.87096774,0.03225806,0.68292683,0.60975610,-0.07317073,0.76809599,0.74586939,-0.02222659,0.77278174,0.74487674,-0.02790500,0.20997803,0.18136143,0.02861660,6.72186955,0.56129884,6.16057070,0.20843314,0.05767856,0.15075458,0.21332568,0.06500914,0.14831654
adolescent,dtree,beta,3,103,0.60194175,0.76699029,0.78640777,0.01941748,0.75275374,0.76475216,0.01199843,0.82258065,0.87096774,0.04838710,0.68292683,0.65853659,-0.02439024,0.76907946,0.78461841,0.01553895,0.77566678,0.79003680,0.01437002,0.20995218,0.17050644,0.03944573,6.71870972,0.53262896,6.18608076,0.19879817,0.06693870,0.13185947,0.19879817,0.07178489,0.12701329
adolescent,dtree,beta,4,103,0.60194175,0.73786408,0.73786408,0.00000000,0.72856019,0.70377655,-0.02478363,0.77419355,0.87096774,0.09677419,0.68292683,0.53658537,-0.14634146,0.75334382,0.75708104,0.00373721,0.76980573,0.76922107,-0.00058467,0.23050720,0.18344819,0.04705901,7.09835520,0.55788716,6.54046805,0.21593863,0.04562573,0.17031290,0.21972740,0.05481804,0.16490936
adolescent,dtree,beta,5,103,0.60194175,0.76699029,0.77669903,0.00970874,0.76927616,0.76494886,-0.00432730,0.75806452,0.82258065,0.06451613,0.78048780,0.70731707,-0.07317073,0.78619197,0.76416208,-0.02202990,0.79825516,0.77771318,-0.02054198,0.20976782,0.17555969,0.03420813,6.71822968,0.54231736,6.17591231,0.20238995,0.07109641,0.13129354,0.20238995,0.07109641,0.13129354
adolescent,dtree,beta,6,103,0.60194175,0.81553398,0.82524272,0.00970874,0.80546814,0.81766326,0.01219512,0.85483871,0.85483871,0.00000000,0.75609756,0.78048780,0.02439024,0.81943352,0.80212431,-0.01730921,0.82134218,0.79759348,-0.02374870,0.17193248,0.14994770,0.02198478,5.64665814,0.47842780,5.16823034,0.16669924,0.04473726,0.12196198,0.17096161,0.05828842,0.11267320
adolescent,dtree,beta,7,103,0.60194175,0.78640777,0.75728155,-0.02912621,0.77301338,0.73642801,-0.03658537,0.83870968,0.83870968,0.00000000,0.70731707,0.63414634,-0.07317073,0.80723839,0.76396538,-0.04327301,0.81998130,0.79054081,-0.02944049,0.18789820,0.19090504,-0.00300685,5.69165351,0.59723130,5.09442220,0.16536913,0.18660929,-0.02124016,0.16560308,0.18660929,-0.02100621
adolescent,dtree,beta,8,103,0.60194175,0.79611650,0.79611650,0.00000000,0.78107789,0.77281668,-0.00826121,0.85483871,0.88709677,0.03225806,0.70731707,0.65853659,-0.04878049,0.80664831,0.78304485,-0.02360346,0.81050263,0.78268132,-0.02782131,0.18565479,0.16455252,0.02110227,5.68156750,0.51995702,5.16161048,0.16724147,0.03988101,0.12736046,0.18253922,0.06247910,0.12006012
adolescent,dtree,beta,9,103,0.60194175,0.73786408,0.74757282,0.00970874,0.73269079,0.73249410,-0.00019670,0.75806452,0.80645161,0.04838710,0.70731707,0.65853659,-0.04878049,0.76455547,0.74134540,-0.02321007,0.77243180,0.75214032,-0.02029148,0.22058268,0.18966914,0.03091353,6.74569075,0.57928876,6.16640199,0.21640511,0.07513636,0.14126875,0.21640511,0.07513636,0.14126875
adolescent,knn,platt,0,103,0.60194175,0.80582524,0.93203883,0.12621359,0.76022817,0.93941778,0.17918961,0.98387097,0.90322581,-0.08064516,0.53658537,0.97560976,0.43902439,0.97639654,0.97698662,0.00059009,0.98042435,0.98589345,0.00546910,0.10757282,0.05411621,0.05345661,0.28888513,0.19003548,0.09884965,0.13398058,0.05883005,0.07515054,0.13398058,0.05883005,0.07515054
adolescent,knn,platt,1,103,0.60194175,0.81553398,0.91262136,0.09708738,0.77242329,0.91915814,0.14673485,0.98387097,0.88709677,-0.09677419,0.56097561,0.95121951,0.39024390,0.95535012,0.95908733,0.00373721,0.95134684,0.96445470,0.01310787,0.10834951,0.06648681,0.04186271,0.94290798,0.22757759,0.71533038,0.13398058,0.02708565,0.10689493,0.13398058,0.02708565,0.10689493
adolescent,knn,platt,2,103,0.60194175,0.83495146,0.88349515,0.04854369,0.79681353,0.88670338,0.08988985,0.98387097,0.87096774,-0.11290323,0.60975610,0.90243902,0.29268293,0.93784422,0.92151849,-0.01632573,0.93022342,0.93011708,-0.00010634,0.11572816,0.09457709,0.02115107,1.29209916,0.36318777,0.92891140,0.13592233,0.05221896,0.08370337,0.13592233,0.05455980,0.08136253
adolescent,knn,platt,3,103,0.60194175,0.79611650,0.88349515,0.08737864,0.74803304,0.90322581,0.15519276,0.98387097,0.80645161,-0.17741935,0.51219512,1.00000000,0.48780488,0.95712038,0.93961448,-0.01750590,0.96100201,0.96335456,0.00235255,0.12504854,0.08211549,0.04293305,0.33832473,0.25462082,0.08370391,0.13980583,0.02243931,0.11736651,0.13980583,0.04606650,0.09373933
adolescent,knn,platt,4,103,0.60194175,0.82524272,0.92233010,0.09708738,0.78461841,0.92722266,0.14260425,0.98387097,0.90322581,-0.08064516,0.58536585,0.95121951,0.36585366,0.95377655,0.95397325,0.00019670,0.95528883,0.96632026,0.01103143,0.12194175,0.07379955,0.04814220,0.65649495,0.24495897,0.41153599,0.13980583,0.05194997,0.08785585,0.13980583,0.07209550,0.06771032
adolescent,knn,platt,5,103,0.60194175,0.85436893,0.91262136,0.05825243,0.82120378,0.92741935,0.10621558,0.98387097,0.85483871,-0.12903226,0.65853659,1.00000000,0.34146341,0.97010228,0.96951220,-0.00059009,0.97447928,0.98026312,0.00578384,0.10407767,0.06166254,0.04241513,0.28699441,0.19975604,0.08723837,0.12038835,0.03635928,0.08402907,0.12038835,0.04379852,0.07658983
adolescent,knn,platt,6,103,0.60194175,0.82524272,0.89320388,0.06796117,0.78461841,0.89063729,0.10601888,0.98387097,0.90322581,-0.08064516,0.58536585,0.87804878,0.29268293,0.94295830,0.91424076,-0.02871755,0.93585718,0.88950796,-0.04634922,0.11145631,0.08183141,0.02962490,1.27722075,0.89214012,0.38508062,0.13398058,0.02925480,0.10472578,0.13398058,0.07546168,0.05851891
adolescent,knn,platt,7,103,0.60194175,0.82524272,0.87378641,0.04854369,0.78048780,0.87863887,0.09815106,1.00000000,0.85483871,-0.14516129,0.56097561,0.90243902,0.34146341,0.93253344,0.91030685,-0.02222659,0.91979242,0.91013989,-0.00965254,0.11300971,0.09720313,0.01580658,1.60811390,0.40402070,1.20409320,0.13398058,0.05605556,0.07792502,0.13398058,0.05605556,0.07792502
adolescent,knn,platt,8,103,0.60194175,0.84466019,0.85436893,0.00970874,0.80900865,0.85011802,0.04110936,0.98387097,0.87096774,-0.11290323,0.63414634,0.82926829,0.19512195,0.93843430,0.91837136,-0.02006294,0.93052835,0.91067585,-0.01985250,0.11262136,0.08930418,0.02331718,1.28536958,0.78620422,0.49916536,0.13203883,0.06869264,0.06334619,0.13203883,0.07842849,0.05361035
adolescent,knn,platt,9,103,0.60194175,0.83495146,0.88349515,0.04854369,0.79268293,0.89496459,0.10228167,1.00000000,0.83870968,-0.16129032,0.58536585,0.95121951,0.36585366,0.95554681,0.95987411,0.00432730,0.95606057,0.97070787,0.01464730,0.11067961,0.07568063,0.03499898,0.63059954,0.24085394,0.38974559,0.13009709,0.02863683,0.10146026,0.13009709,0.03090261,0.09919448
adolescent,knn,temperature,0,103,0.60194175,0.80582524,0.80582524,0.00000000,0.76022817,0.76022817,0.00000000,0.98387097,0.98387097,0.00000000,0.53658537,0.53658537,0.00000000,0.97639654,0.97698662,0.00059009,0.98042435,0.98578144,0.00535709,0.10757282,0.08872646,0.01884635,0.28888513,0.26878389,0.02010124,0.13398058,0.13945227,-0.00547168,0.13398058,0.13945227,-0.00547168
adolescent,knn,temperature,1,103,0.60194175,0.81553398,0.81553398,0.00000000,0.77242329,0.77242329,0.00000000,0.98387097,0.98387097,0.00000000,0.56097561,0.56097561,0.00000000,0.95535012,0.95554681,0.00019670,0.95134684,0.96260049,0.01125365,0.10834951,0.09813815,0.01021136,0.94290798,0.30576660,0.63714137,0.13398058,0.10582394,0.02815664,0.13398058,0.10582394,0.02815664
adolescent,knn,temperature,2,103,0.60194175,0.83495146,0.83495146,0.00000000,0.79681353,0.79681353,0.00000000,0.98387097,0.98387097,0.00000000,0.60975610,0.60975610,0.00000000,0.93784422,0.94826908,0.01042486,0.93022342,0.94175639,0.01153296,0.11572816,0.10909125,0.00663691,1.29209916,0.35362104,0.93847813,0.13592233,0.10468288,0.03123945,0.13592233,0.10468288,0.03123945
adolescent,knn,temperature,3,103,0.60194175,0.79611650,0.79611650,0.00000000,0.74803304,0.74803304,0.00000000,0.98387097,0.98387097,0.00000000,0.51219512,0.51219512,0.00000000,0.95712038,0.95062943,-0.00649095,0.96100201,0.96827203,0.00727002,0.12504854,0.10266847,0.02238008,0.33832473,0.30125538,0.03706935,0.13980583,0.11841531,0.02139052,0.13980583,0.11841531,0.02139052
adolescent,knn,temperature,4,103,0.60194175,0.82524272,0.82524272,0.00000000,0.78461841,0.78461841,0.00000000,0.98387097,0.98387097,0.00000000,0.58536585,0.58536585,0.00000000,0.95377655,0.95790716,0.00413061,0.95528883,0.96811602,0.01282719,0.12194175,0.10118596,0.02075579,0.65649495,0.31053129,0.34596366,0.13980583,0.13203202,0.00777380,0.13980583,0.13203202,0.00777380
adolescent,knn,temperature,5,103,0.60194175,0.85436893,0.85436893,0.00000000,0.82120378,0.82120378,0.00000000,0.98387097,0.98387097,0.00000000,0.65853659,0.65853659,0.00000000,0.97010228,0.96990559,-0.00019670,0.97447928,0.98106251,0.00658323,0.10407767,0.09008655,0.01399112,0.28699441,0.27262578,0.01436863,0.12038835,0.12476073,-0.00437238,0.12038835,0.12476073,-0.00437238
adolescent,knn,temperature,6,103,0.60194175,0.82524272,0.82524272,0.00000000,0.78461841,0.78461841,0.00000000,0.98387097,0.98387097,0.00000000,0.58536585,0.58536585,0.00000000,0.94295830,0.92800944,-0.01494886,0.93585718,0.92885303,-0.00700414,0.11145631,0.10705938,0.00439693,1.27722075,0.43314181,0.84407893,0.13398058,0.10793809,0.02604249,0.13398058,0.10793809,0.02604249
adolescent,knn,temperature,7,103,0.60194175,0.82524272,0.82524272,0.00000000,0.78048780,0.78048780,0.00000000,1.00000000,1.00000000,0.00000000,0.56097561,0.56097561,0.00000000,0.93253344,0.92525570,-0.00727773,0.91979242,0.91751458,-0.00227784,0.11300971,0.11200540,0.00100431,1.60811390,0.38009141,1.22802250,0.13398058,0.10028403,0.03369655,0.13398058,0.10028403,0.03369655
adolescent,knn,temperature,8,103,0.60194175,0.84466019,0.84466019,0.00000000,0.80900865,0.80900865,0.00000000,0.98387097,0.98387097,0.00000000,0.63414634,0.63414634,0.00000000,0.93843430,0.91365067,-0.02478363,0.93052835,0.89657598,-0.03395237,0.11262136,0.11150716,0.00111420,1.28536958,0.49307058,0.79229900,0.13203883,0.11633720,0.01570163,0.13203883,0.11633720,0.01570163
adolescent,knn,temperature,9,103,0.60194175,0.83495146,0.83495146,0.00000000,0.79268293,0.79268293,0.00000000,1.00000000,1.00000000,0.00000000,0.58536585,0.58536585,0.00000000,0.95554681,0.96302124,0.00747443,0.95606057,0.97241385,0.01635328,0.11067961,0.10104371,0.00963590,0.63059954,0.30377628,0.32682326,0.13009709,0.10795367,0.02214342,0.13009709,0.10795367,0.02214342
adolescent,knn,histbin,0,103,0.60194175,0.80582524,0.88349515,0.07766990,0.76022817,0.86191975,0.10169158,0.98387097,0.96774194,-0.01612903,0.53658537,0.75609756,0.21951220,0.97639654,0.97344611,-0.00295043,0.98042435,0.98362464,0.00320029,0.10757282,0.06585727,0.04171555,0.28888513,0.53373966,-0.24485453,0.13398058,0.08737346,0.04660713,0.13398058,0.08876042,0.04522016
adolescent,knn,histbin,1,103,0.60194175,0.81553398,0.90291262,0.08737864,0.77242329,0.89457120,0.12214792,0.98387097,0.93548387,-0.04838710,0.56097561,0.85365854,0.29268293,0.95535012,0.95751377,0.00216365,0.95134684,0.96350308,0.01215624,0.10834951,0.07050342,0.03784610,0.94290798,0.55374872,0.38915926,0.13398058,0.03940073,0.09457986,0.13398058,0.04952437,0.08445622
adolescent,knn,histbin,2,103,0.60194175,0.83495146,0.86407767,0.02912621,0.79681353,0.85405193,0.05723839,0.98387097,0.90322581,-0.08064516,0.60975610,0.80487805,0.19512195,0.93784422,0.93607396,-0.00177026,0.93022342,0.93484112,0.00461770,0.11572816,0.09075523,0.02497292,1.29209916,0.92251014,0.36958902,0.13592233,0.03556948,0.10035285,0.13592233,0.04291327,0.09300906
adolescent,knn,histbin,3,103,0.60194175,0.79611650,0.84466019,0.04854369,0.74803304,0.81313926,0.06510622,0.98387097,0.96774194,-0.01612903,0.51219512,0.65853659,0.14634146,0.95712038,0.93902439,-0.01809599,0.96100201,0.96155458,0.00055256,0.12504854,0.08857523,0.03647331,0.33832473,0.91004528,-0.57172055,0.13980583,0.07647372,0.06333210,0.13980583,0.08941871,0.05038712
adolescent,knn,histbin,4,103,0.60194175,0.82524272,0.85436893,0.02912621,0.78461841,0.82533438,0.04071597,0.98387097,0.96774194,-0.01612903,0.58536585,0.68292683,0.09756098,0.95377655,0.94000787,-0.01376869,0.95528883,0.95672711,0.00143828,0.12194175,0.09283933,0.02910241,0.65649495,0.92706563,-0.27057068,0.13980583,0.09642856,0.04337726,0.13980583,0.10473243,0.03507339
adolescent,knn,histbin,5,103,0.60194175,0.85436893,0.87378641,0.01941748,0.82120378,0.87450826,0.05330448,0.98387097,0.87096774,-0.11290323,0.65853659,0.87804878,0.21951220,0.97010228,0.96282455,-0.00727773,0.97447928,0.97618500,0.00170573,0.10407767,0.07686625,0.02721142,0.28699441,0.55206302,-0.26506861,0.12038835,0.07797621,0.04241214,0.12038835,0.09286294,0.02752541
adolescent,knn,histbin,6,103,0.60194175,0.82524272,0.89320388,0.06796117,0.78461841,0.87411487,0.08949646,0.98387097,0.96774194,-0.01612903,0.58536585,0.78048780,0.19512195,0.94295830,0.92073171,-0.02222659,0.93585718,0.90625212,-0.02960506,0.11145631,0.08329551,0.02816080,1.27722075,1.54955419,-0.27233344,0.13398058,0.05117332,0.08280726,0.13398058,0.07348276,0.06049782
adolescent,knn,histbin,7,103,0.60194175,0.82524272,0.88349515,0.05825243,0.78048780,0.87844217,0.09795437,1.00000000,0.90322581,-0.09677419,0.56097561,0.85365854,0.29268293,0.93253344,0.92584579,-0.00668765,0.91979242,0.91769417,-0.00209826,0.11300971,0.08459034,0.02841937,1.60811390,0.59970410,1.00840980,0.13398058,0.04970706,0.08427352,0.13398058,0.04970706,0.08427352
adolescent,knn,histbin,8,103,0.60194175,0.84466019,0.84466019,0.00000000,0.80900865,0.83379229,0.02478363,0.98387097,0.88709677,-0.09677419,0.63414634,0.78048780,0.14634146,0.93843430,0.91188041,-0.02655389,0.93052835,0.90893717,-0.02159118,0.11262136,0.09533455,0.01728680,1.28536958,1.88382310,-0.59845352,0.13203883,0.05696149,0.07507735,0.13203883,0.09313809,0.03890074
adolescent,knn,histbin,9,103,0.60194175,0.83495146,0.84466019,0.00970874,0.79268293,0.84205350,0.04937057,1.00000000,0.85483871,-0.14516129,0.58536585,0.82926829,0.24390244,0.95554681,0.95003934,-0.00550747,0.95606057,0.96548632,0.00942575,0.11067961,0.08730921,0.02337040,0.63059954,0.25711562,0.37348392,0.13009709,0.06551952,0.06457757,0.13009709,0.06551952,0.06457757
adolescent,knn,isotonic,0,103,0.60194175,0.80582524,0.88349515,0.07766990,0.76022817,0.86191975,0.10169158,0.98387097,0.96774194,-0.01612903,0.53658537,0.75609756,0.21951220,0.97639654,0.97187254,-0.00452400,0.98042435,0.98299365,0.00256930,0.10757282,0.06606267,0.04151014,0.28888513,0.53470149,-0.24581636,0.13398058,0.08166800,0.05231259,0.13398058,0.08961151,0.04436907
adolescent,knn,isotonic,1,103,0.60194175,0.81553398,0.90291262,0.08737864,0.77242329,0.89457120,0.12214792,0.98387097,0.93548387,-0.04838710,0.56097561,0.85365854,0.29268293,0.95535012,0.95751377,0.00216365,0.95134684,0.96350308,0.01215624,0.10834951,0.07045907,0.03789045,0.94290798,0.55361374,0.38929424,0.13398058,0.03950860,0.09447198,0.13398058,0.04941649,0.08456409
adolescent,knn,isotonic,2,103,0.60194175,0.83495146,0.86407767,0.02912621,0.79681353,0.85405193,0.05723839,0.98387097,0.90322581,-0.08064516,0.60975610,0.80487805,0.19512195,0.93784422,0.93587726,-0.00196696,0.93022342,0.93484112,0.00461770,0.11572816,0.09087509,0.02485306,1.29209916,0.92365367,0.36844550,0.13592233,0.03449073,0.10143160,0.13592233,0.04399201,0.09193032
adolescent,knn,isotonic,3,103,0.60194175,0.79611650,0.84466019,0.04854369,0.74803304,0.81313926,0.06510622,0.98387097,0.96774194,-0.01612903,0.51219512,0.65853659,0.14634146,0.95712038,0.94177813,-0.01534225,0.96100201,0.96355859,0.00255658,0.12504854,0.08685102,0.03819752,0.33832473,0.58587619,-0.24755146,0.13980583,0.07468134,0.06512449,0.13980583,0.08374283,0.05606300
adolescent,knn,isotonic,4,103,0.60194175,0.82524272,0.86407767,0.03883495,0.78461841,0.83752950,0.05291109,0.98387097,0.96774194,-0.01612903,0.58536585,0.70731707,0.12195122,0.95377655,0.94118804,-0.01258851,0.95528883,0.95727947,0.00199064,0.12194175,0.08980897,0.03213278,0.65649495,0.92017284,-0.26367789,0.13980583,0.09813434,0.04167149,0.13980583,0.11216157,0.02764425
adolescent,knn,isotonic,5,103,0.60194175,0.85436893,0.87378641,0.01941748,0.82120378,0.87450826,0.05330448,0.98387097,0.87096774,-0.11290323,0.65853659,0.87804878,0.21951220,0.97010228,0.96302124,-0.00708104,0.97447928,0.97636302,0.00188375,0.10407767,0.07470133,0.02937634,0.28699441,0.54728735,-0.26029294,0.12038835,0.07465906,0.04572929,0.12038835,0.08566229,0.03472606
adolescent,knn,isotonic,6,103,0.60194175,0.82524272,0.89320388,0.06796117,0.78461841,0.87411487,0.08949646,0.98387097,0.96774194,-0.01612903,0.58536585,0.78048780,0.19512195,0.94295830,0.92112510,-0.02183320,0.93585718,0.90641594,-0.02944124,0.11145631,0.08290742,0.02854889,1.27722075,1.54811611,-0.27089536,0.13398058,0.05003853,0.08394205,0.13398058,0.07234797,0.06163261
adolescent,knn,isotonic,7,103,0.60194175,0.82524272,0.88349515,0.05825243,0.78048780,0.87844217,0.09795437,1.00000000,0.90322581,-0.09677419,0.56097561,0.85365854,0.29268293,0.93253344,0.92584579,-0.00668765,0.91979242,0.91769417,-0.00209826,0.11300971,0.08461478,0.02839493,1.60811390,0.59985478,1.00825913,0.13398058,0.05372925,0.08025133,0.13398058,0.05372925,0.08025133
adolescent,knn,isotonic,8,103,0.60194175,0.84466019,0.84466019,0.00000000,0.80900865,0.83379229,0.02478363,0.98387097,0.88709677,-0.09677419,0.63414634,0.78048780,0.14634146,0.93843430,0.91542093,-0.02301338,0.93052835,0.91148989,-0.01903846,0.11262136,0.09028525,0.02233610,1.28536958,1.54989386,-0.26452428,0.13203883,0.04363805,0.08840078,0.13203883,0.07917037,0.05286846
adolescent,knn,isotonic,9,103,0.60194175,0.83495146,0.84466019,0.00970874,0.79268293,0.84205350,0.04937057,1.00000000,0.85483871,-0.14516129,0.58536585,0.82926829,0.24390244,0.95554681,0.95161290,-0.00393391,0.95606057,0.96574198,0.00968140,0.11067961,0.08510349,0.02557613,0.63059954,0.25086012,0.37973942,0.13009709,0.05787427,0.07222282,0.13009709,0.06418080,0.06591629
adolescent,knn,beta,0,103,0.60194175,0.80582524,0.88349515,0.07766990,0.76022817,0.86191975,0.10169158,0.98387097,0.96774194,-0.01612903,0.53658537,0.75609756,0.21951220,0.97639654,0.97541306,-0.00098348,0.98042435,0.98520145,0.00477710,0.10757282,0.06586561,0.04170721,0.28888513,0.23208393,0.05680119,0.13398058,0.09595594,0.03802464,0.13398058,0.09595594,0.03802464
adolescent,knn,beta,1,103,0.60194175,0.81553398,0.90291262,0.08737864,0.77242329,0.89457120,0.12214792,0.98387097,0.93548387,-0.04838710,0.56097561,0.85365854,0.29268293,0.95535012,0.95554681,0.00019670,0.95134684,0.96293200,0.01158517,0.10834951,0.06945666,0.03889286,0.94290798,0.24446628,0.69844170,0.13398058,0.03062522,0.10335536,0.13398058,0.04234126,0.09163933
adolescent,knn,beta,2,103,0.60194175,0.83495146,0.86407767,0.02912621,0.79681353,0.85405193,0.05723839,0.98387097,0.90322581,-0.08064516,0.60975610,0.80487805,0.19512195,0.93784422,0.93646735,-0.00137687,0.93022342,0.93590688,0.00568346,0.11572816,0.09126153,0.02446663,1.29209916,0.40963121,0.88246795,0.13592233,0.04511875,0.09080358,0.13592233,0.05560513,0.08031720
adolescent,knn,beta,3,103,0.60194175,0.79611650,0.82524272,0.02912621,0.74803304,0.80527144,0.05723839,0.98387097,0.90322581,-0.08064516,0.51219512,0.70731707,0.19512195,0.95712038,0.94512195,-0.01199843,0.96100201,0.96549043,0.00448842,0.12504854,0.08678268,0.03826586,0.33832473,0.26896478,0.06935995,0.13980583,0.06233389,0.07747193,0.13980583,0.08882503,0.05098079
adolescent,knn,beta,4,103,0.60194175,0.82524272,0.85436893,0.02912621,0.78461841,0.82533438,0.04071597,0.98387097,0.96774194,-0.01612903,0.58536585,0.68292683,0.09756098,0.95377655,0.94689221,-0.00688434,0.95528883,0.96131903,0.00603020,0.12194175,0.08751719,0.03442456,0.65649495,0.29032272,0.36617223,0.13980583,0.08220831,0.05759752,0.13980583,0.08860934,0.05119648
adolescent,knn,beta,5,103,0.60194175,0.85436893,0.87378641,0.01941748,0.82120378,0.87450826,0.05330448,0.98387097,0.87096774,-0.11290323,0.65853659,0.87804878,0.21951220,0.97010228,0.96321794,-0.00688434,0.97447928,0.97758326,0.00310399,0.10407767,0.07307483,0.03100284,0.28699441,0.29537305,-0.00837864,0.12038835,0.05512729,0.06526106,0.12038835,0.07666241,0.04372594
adolescent,knn,beta,6,103,0.60194175,0.82524272,0.89320388,0.06796117,0.78461841,0.87411487,0.08949646,0.98387097,0.96774194,-0.01612903,0.58536585,0.78048780,0.19512195,0.94295830,0.93233674,-0.01062156,0.93585718,0.93101831,-0.00483886,0.11145631,0.07987079,0.03158552,1.27722075,0.43053256,0.84668819,0.13398058,0.03164775,0.10233284,0.13398058,0.06854887,0.06543171
adolescent,knn,beta,7,103,0.60194175,0.82524272,0.88349515,0.05825243,0.78048780,0.87844217,0.09795437,1.00000000,0.90322581,-0.09677419,0.56097561,0.85365854,0.29268293,0.93253344,0.92446892,-0.00806452,0.91979242,0.91733796,-0.00245447,0.11300971,0.08467837,0.02833134,1.60811390,0.32665088,1.28146303,0.13398058,0.04122928,0.09275130,0.13398058,0.04122928,0.09275130
adolescent,knn,beta,8,103,0.60194175,0.84466019,0.85436893,0.00970874,0.80900865,0.85011802,0.04110936,0.98387097,0.87096774,-0.11290323,0.63414634,0.82926829,0.19512195,0.93843430,0.93017309,-0.00826121,0.93052835,0.93604767,0.00551932,0.11262136,0.08728963,0.02533173,1.28536958,0.39529571,0.89007387,0.13203883,0.06354760,0.06849124,0.13203883,0.07516708,0.05687175
adolescent,knn,beta,9,103,0.60194175,0.83495146,0.84466019,0.00970874,0.79268293,0.84205350,0.04937057,1.00000000,0.85483871,-0.14516129,0.58536585,0.82926829,0.24390244,0.95554681,0.95279308,-0.00275374,0.95606057,0.96689939,0.01083881,0.11067961,0.08351855,0.02716107,0.63059954,0.25086999,0.37972955,0.13009709,0.05881402,0.07128307,0.13009709,0.07502804,0.05506905
adolescent,nb,platt,0,103,0.60194175,0.73786408,0.70873786,-0.02912621,0.71616837,0.67132179,-0.04484658,0.82258065,0.85483871,0.03225806,0.60975610,0.48780488,-0.12195122,0.69374508,0.72187254,0.02812746,0.69437870,0.75018094,0.05580224,0.25015897,0.20709385,0.04306511,5.71757499,0.61623526,5.10133973,0.25008963,0.13084187,0.11924776,0.25786187,0.14145498,0.11640689
adolescent,nb,platt,1,103,0.60194175,0.78640777,0.76699029,-0.01941748,0.76475216,0.73210071,-0.03265146,0.87096774,0.90322581,0.03225806,0.65853659,0.56097561,-0.09756098,0.86369001,0.86132966,-0.00236035,0.88768325,0.90507133,0.01738808,0.18025448,0.16184439,0.01841008,1.84115607,0.50145937,1.33969670,0.18884617,0.14989386,0.03895230,0.19280883,0.14989386,0.04291497
adolescent,nb,platt,2,103,0.60194175,0.74757282,0.73786408,-0.00970874,0.72836349,0.69964595,-0.02871755,0.82258065,0.88709677,0.06451613,0.63414634,0.51219512,-0.12195122,0.72324941,0.75786782,0.03461841,0.71811683,0.79235283,0.07423600,0.25585825,0.19060374,0.06525451,4.37666829,0.56722059,3.80944769,0.25699119,0.03314889,0.22384230,0.26672150,0.05262538,0.21409612
adolescent,nb,platt,3,103,0.60194175,0.67961165,0.69902913,0.01941748,0.65125885,0.66738788,0.01612903,0.79032258,0.82258065,0.03225806,0.51219512,0.51219512,0.00000000,0.71715185,0.72108576,0.00393391,0.74378337,0.76835838,0.02457501,0.29984421,0.20681612,0.09302809,5.44151928,0.60661684,4.83490244,0.29911993,0.04492239,0.25419753,0.31923353,0.10894806,0.21028547
adolescent,nb,platt,4,103,0.60194175,0.74757282,0.74757282,0.00000000,0.72423289,0.71597168,-0.00826121,0.83870968,0.87096774,0.03225806,0.60975610,0.56097561,-0.04878049,0.76396538,0.76966955,0.00570417,0.75346716,0.80089544,0.04742828,0.22734077,0.19318140,0.03415937,4.45022027,0.57565560,3.87456466,0.23378638,0.16370765,0.07007873,0.23378638,0.16881091,0.06497547
adolescent,nb,platt,5,103,0.60194175,0.69902913,0.66990291,-0.02912621,0.67151849,0.62667191,-0.04484658,0.80645161,0.83870968,0.03225806,0.53658537,0.41463415,-0.12195122,0.73780488,0.73485445,-0.00295043,0.74783505,0.76570882,0.01787377,0.26443298,0.20387312,0.06055987,4.99009438,0.60007604,4.39001834,0.27283409,0.07463783,0.19819626,0.27283409,0.10885264,0.16398146
adolescent,nb,platt,6,103,0.60194175,0.62135922,0.66990291,0.04854369,0.59874115,0.63493312,0.03619197,0.70967742,0.80645161,0.09677419,0.48780488,0.46341463,-0.02439024,0.65047207,0.66522423,0.01475216,0.67635910,0.69899959,0.02264049,0.34756501,0.22470230,0.12286271,6.20917478,0.64620743,5.56296735,0.34366227,0.04686542,0.29679685,0.34366227,0.09517755,0.24848472
adolescent,nb,platt,7,103,0.60194175,0.72815534,0.71844660,-0.00970874,0.70810386,0.67525570,-0.03284815,0.80645161,0.88709677,0.08064516,0.60975610,0.46341463,-0.14634146,0.77143981,0.78776554,0.01632573,0.76854331,0.84120715,0.07266384,0.25075832,0.18974183,0.06101649,3.74269399,0.56684606,3.17584792,0.25622568,0.09467266,0.16155302,0.25622568,0.09467266,0.16155302
adolescent,nb,platt,8,103,0.60194175,0.74757282,0.77669903,0.02912621,0.73249410,0.74842644,0.01593234,0.80645161,0.88709677,0.08064516,0.65853659,0.60975610,-0.04878049,0.79228954,0.80920535,0.01691581,0.78259775,0.81070344,0.02810569,0.21854216,0.17594048,0.04260168,3.61611394,0.53909721,3.07701672,0.22518109,0.12143939,0.10374170,0.22518109,0.13370739,0.09147370
adolescent,nb,platt,9,103,0.60194175,0.75728155,0.75728155,0.00000000,0.73642801,0.72816680,-0.00826121,0.83870968,0.87096774,0.03225806,0.63414634,0.58536585,-0.04878049,0.80743509,0.77281668,-0.03461841,0.81780385,0.80397740,-0.01382645,0.22851114,0.18313183,0.04537931,3.18276339,0.55154784,2.63121555,0.22342109,0.07744737,0.14597371,0.22896343,0.07810834,0.15085508
adolescent,nb,temperature,0,103,0.60194175,0.73786408,0.73786408,0.00000000,0.71616837,0.71616837,0.00000000,0.82258065,0.82258065,0.00000000,0.60975610,0.60975610,0.00000000,0.69374508,0.72698662,0.03324154,0.69437870,0.75655892,0.06218022,0.25015897,0.20605015,0.04410882,5.71757499,0.61478997,5.10278502,0.25008963,0.11061280,0.13947683,0.25786187,0.14700035,0.11086151
adolescent,nb,temperature,1,103,0.60194175,0.78640777,0.78640777,0.00000000,0.76475216,0.76475216,0.00000000,0.87096774,0.87096774,0.00000000,0.65853659,0.65853659,0.00000000,0.86369001,0.86250983,-0.00118017,0.88768325,0.90505088,0.01736763,0.18025448,0.15997217,0.02028230,1.84115607,0.49879596,1.34236011,0.18884617,0.10813524,0.08071093,0.19280883,0.10813524,0.08467360
adolescent,nb,temperature,2,103,0.60194175,0.74757282,0.74757282,0.00000000,0.72836349,0.72836349,0.00000000,0.82258065,0.82258065,0.00000000,0.63414634,0.63414634,0.00000000,0.72324941,0.73741149,0.01416208,0.71811683,0.77388902,0.05577219,0.25585825,0.19491993,0.06093833,4.37666829,0.57768182,3.79898646,0.25699119,0.05497212,0.20201906,0.26672150,0.08031419,0.18640731
adolescent,nb,temperature,3,103,0.60194175,0.67961165,0.67961165,0.00000000,0.65125885,0.65125885,0.00000000,0.79032258,0.79032258,0.00000000,0.51219512,0.51219512,0.00000000,0.71715185,0.72738002,0.01022817,0.74378337,0.77315146,0.02936809,0.29984421,0.20673174,0.09311247,5.44151928,0.60871046,4.83280882,0.29911993,0.09961329,0.19950664,0.31923353,0.11896596,0.20026758
adolescent,nb,temperature,4,103,0.60194175,0.74757282,0.74757282,0.00000000,0.72423289,0.72423289,0.00000000,0.83870968,0.83870968,0.00000000,0.60975610,0.60975610,0.00000000,0.76396538,0.77084972,0.00688434,0.75346716,0.80398785,0.05052069,0.22734077,0.19118848,0.03615229,4.45022027,0.57349531,3.87672496,0.23378638,0.09497582,0.13881056,0.23378638,0.11961035,0.11417603
adolescent,nb,temperature,5,103,0.60194175,0.69902913,0.69902913,0.00000000,0.67151849,0.67151849,0.00000000,0.80645161,0.80645161,0.00000000,0.53658537,0.53658537,0.00000000,0.73780488,0.74272227,0.00491739,0.74783505,0.77037433,0.02253927,0.26443298,0.19854543,0.06588756,4.99009438,0.58717021,4.40292417,0.27283409,0.09183889,0.18099520,0.27283409,0.12020294,0.15263115
adolescent,nb,temperature,6,103,0.60194175,0.62135922,0.62135922,0.00000000,0.59874115,0.59874115,0.00000000,0.70967742,0.70967742,0.00000000,0.48780488,0.48780488,0.00000000,0.65047207,0.66915814,0.01868607,0.67635910,0.75414795,0.07778885,0.34756501,0.22819618,0.11936883,6.20917478,0.65018015,5.55899463,0.34366227,0.07722642,0.26643585,0.34366227,0.08766310,0.25599917
adolescent,nb,temperature,7,103,0.60194175,0.72815534,0.72815534,0.00000000,0.70810386,0.70810386,0.00000000,0.80645161,0.80645161,0.00000000,0.60975610,0.60975610,0.00000000,0.77143981,0.77478363,0.00334382,0.76854331,0.82838401,0.05984070,0.25075832,0.18866344,0.06209488,3.74269399,0.56392599,3.17876800,0.25622568,0.11420325,0.14202243,0.25622568,0.13263261,0.12359307
adolescent,nb,temperature,8,103,0.60194175,0.74757282,0.74757282,0.00000000,0.73249410,0.73249410,0.00000000,0.80645161,0.80645161,0.00000000,0.65853659,0.65853659,0.00000000,0.79228954,0.79976397,0.00747443,0.78259775,0.80293858,0.02034084,0.21854216,0.17849885,0.04004331,3.61611394,0.54330759,3.07280635,0.22518109,0.09937468,0.12580642,0.22518109,0.09937468,0.12580642
adolescent,nb,temperature,9,103,0.60194175,0.75728155,0.75728155,0.00000000,0.73642801,0.73642801,0.00000000,0.83870968,0.83870968,0.00000000,0.63414634,0.63414634,0.00000000,0.80743509,0.78461841,-0.02281668,0.81780385,0.81506284,-0.00274101,0.22851114,0.18154636,0.04696478,3.18276339,0.54845643,2.63430696,0.22342109,0.07655787,0.14686322,0.22896343,0.07655787,0.15240556
adolescent,nb,histbin,0,103,0.60194175,0.73786408,0.71844660,-0.01941748,0.71616837,0.68764752,-0.02852085,0.82258065,0.83870968,0.01612903,0.60975610,0.53658537,-0.07317073,0.69374508,0.66620771,-0.02753737,0.69437870,0.68519384,-0.00918486,0.25015897,0.21167457,0.03848440,5.71757499,1.27007009,4.44750490,0.25008963,0.10095617,0.14913346,0.25786187,0.10095617,0.15690569
adolescent,nb,histbin,1,103,0.60194175,0.78640777,0.78640777,0.00000000,0.76475216,0.76475216,0.00000000,0.87096774,0.87096774,0.00000000,0.65853659,0.65853659,0.00000000,0.86369001,0.75334382,-0.11034618,0.88768325,0.76978450,-0.11789876,0.18025448,0.18672463,-0.00647015,1.84115607,1.86435314,-0.02319707,0.18884617,0.10511707,0.08372910,0.19280883,0.14732387,0.04548497
adolescent,nb,histbin,2,103,0.60194175,0.74757282,0.73786408,-0.00970874,0.72836349,0.71203777,-0.01632573,0.82258065,0.83870968,0.01612903,0.63414634,0.58536585,-0.04878049,0.72324941,0.78068450,0.05743509,0.71811683,0.81336949,0.09525265,0.25585825,0.18852696,0.06733129,4.37666829,0.55626058,3.82040771,0.25699119,0.02993771,0.22705348,0.26672150,0.04173645,0.22498505
adolescent,nb,histbin,3,103,0.60194175,0.67961165,0.68932039,0.00970874,0.65125885,0.66758458,0.01632573,0.79032258,0.77419355,-0.01612903,0.51219512,0.56097561,0.04878049,0.71715185,0.65460268,-0.06254917,0.74378337,0.69533805,-0.04844532,0.29984421,0.22851807,0.07132614,5.44151928,1.63232609,3.80919319,0.29911993,0.10883000,0.19028993,0.31923353,0.10883000,0.21040354
adolescent,nb,histbin,4,103,0.60194175,0.74757282,0.70873786,-0.03883495,0.72423289,0.66719119,-0.05704170,0.83870968,0.87096774,0.03225806,0.60975610,0.46341463,-0.14634146,0.76396538,0.71400472,-0.04996066,0.75346716,0.73029994,-0.02316722,0.22734077,0.20267583,0.02466494,4.45022027,0.92380981,3.52641046,0.23378638,0.11685696,0.11692942,0.23378638,0.11685696,0.11692942
adolescent,nb,histbin,5,103,0.60194175,0.69902913,0.71844660,0.01941748,0.67151849,0.68764752,0.01612903,0.80645161,0.83870968,0.03225806,0.53658537,0.53658537,0.00000000,0.73780488,0.64181747,-0.09598741,0.74783505,0.67255645,-0.07527861,0.26443298,0.22049240,0.04394059,4.99009438,1.61750327,3.37259111,0.27283409,0.10849763,0.16433647,0.27283409,0.12440877,0.14842532
adolescent,nb,histbin,6,103,0.60194175,0.62135922,0.65048544,0.02912621,0.59874115,0.62293470,0.02419355,0.70967742,0.75806452,0.04838710,0.48780488,0.48780488,0.00000000,0.65047207,0.60346184,-0.04701023,0.67635910,0.65668002,-0.01967908,0.34756501,0.24004617,0.10751885,6.20917478,0.99980432,5.20937046,0.34366227,0.11825362,0.22540865,0.34366227,0.12621062,0.21745165
adolescent,nb,histbin,7,103,0.60194175,0.72815534,0.72815534,0.00000000,0.70810386,0.70397325,-0.00413061,0.80645161,0.82258065,0.01612903,0.60975610,0.58536585,-0.02439024,0.77143981,0.70397325,-0.06746656,0.76854331,0.74597505,-0.02256826,0.25075832,0.20648838,0.04426993,3.74269399,0.93142778,2.81126621,0.25622568,0.04926798,0.20695770,0.25622568,0.09226950,0.16395618
adolescent,nb,histbin,8,103,0.60194175,0.74757282,0.77669903,0.02912621,0.73249410,0.76081825,0.02832415,0.80645161,0.83870968,0.03225806,0.65853659,0.68292683,0.02439024,0.79228954,0.72403619,-0.06825334,0.78259775,0.72527133,-0.05732642,0.21854216,0.19417191,0.02437025,3.61611394,1.88201956,1.73409438,0.22518109,0.13239152,0.09278957,0.22518109,0.13239152,0.09278957
adolescent,nb,histbin,9,103,0.60194175,0.75728155,0.75728155,0.00000000,0.73642801,0.73229740,-0.00413061,0.83870968,0.85483871,0.01612903,0.63414634,0.60975610,-0.02439024,0.80743509,0.70535012,-0.10208497,0.81780385,0.72649069,-0.09131315,0.22851114,0.19468575,0.03382539,3.18276339,0.90538863,2.27737476,0.22342109,0.06337865,0.16004244,0.22896343,0.06337865,0.16558478
adolescent,nb,isotonic,0,103,0.60194175,0.73786408,0.67961165,-0.05825243,0.71616837,0.63473643,-0.08143194,0.82258065,0.85483871,0.03225806,0.60975610,0.41463415,-0.19512195,0.69374508,0.71282455,0.01907946,0.69437870,0.73027379,0.03589509,0.25015897,0.21397608,0.03618288,5.71757499,1.27759267,4.43998232,0.25008963,0.07265880,0.17743083,0.25786187,0.08935789,0.16850398
adolescent,nb,isotonic,1,103,0.60194175,0.78640777,0.78640777,0.00000000,0.76475216,0.77301338,0.00826121,0.87096774,0.83870968,-0.03225806,0.65853659,0.70731707,0.04878049,0.86369001,0.83988985,-0.02380016,0.88768325,0.88419953,-0.00348372,0.18025448,0.15966893,0.02058555,1.84115607,0.49292809,1.34822798,0.18884617,0.07667959,0.11216658,0.19280883,0.08956526,0.10324357
adolescent,nb,isotonic,2,103,0.60194175,0.74757282,0.69902913,-0.04854369,0.72836349,0.66325728,-0.06510622,0.82258065,0.83870968,0.01612903,0.63414634,0.48780488,-0.14634146,0.72324941,0.72678993,0.00354052,0.71811683,0.74359648,0.02547964,0.25585825,0.19664860,0.05920965,4.37666829,0.58618897,3.79047931,0.25699119,0.08621949,0.17077170,0.26672150,0.09309400,0.17362751
adolescent,nb,isotonic,3,103,0.60194175,0.67961165,0.68932039,0.00970874,0.65125885,0.66758458,0.01632573,0.79032258,0.77419355,-0.01612903,0.51219512,0.56097561,0.04878049,0.71715185,0.70653029,-0.01062156,0.74378337,0.77119286,0.02740949,0.29984421,0.21586101,0.08398320,5.44151928,0.62909336,4.81242592,0.29911993,0.10817506,0.19094487,0.31923353,0.12197570,0.19725784
adolescent,nb,isotonic,4,103,0.60194175,0.74757282,0.76699029,0.01941748,0.72423289,0.74449253,0.02025964,0.83870968,0.85483871,0.01612903,0.60975610,0.63414634,0.02439024,0.76396538,0.74980330,-0.01416208,0.75346716,0.77975316,0.02628600,0.22734077,0.19359180,0.03374896,4.45022027,0.58090435,3.86931591,0.23378638,0.10687685,0.12690953,0.23378638,0.13735788,0.09642850
adolescent,nb,isotonic,5,103,0.60194175,0.69902913,0.73786408,0.03883495,0.67151849,0.71203777,0.04051928,0.80645161,0.83870968,0.03225806,0.53658537,0.58536585,0.04878049,0.73780488,0.74803304,0.01022817,0.74783505,0.78005619,0.03222114,0.26443298,0.19112659,0.07330640,4.99009438,0.57670560,4.41338878,0.27283409,0.03951851,0.23331558,0.27283409,0.11214644,0.16068765
adolescent,nb,isotonic,6,103,0.60194175,0.62135922,0.66990291,0.04854369,0.59874115,0.64319434,0.04445319,0.70967742,0.77419355,0.06451613,0.48780488,0.51219512,0.02439024,0.65047207,0.64142408,-0.00904799,0.67635910,0.70701952,0.03066042,0.34756501,0.23218553,0.11537949,6.20917478,0.66388407,5.54529071,0.34366227,0.10186362,0.24179865,0.34366227,0.11326171,0.23040056
adolescent,nb,isotonic,7,103,0.60194175,0.72815534,0.70873786,-0.01941748,0.70810386,0.66719119,-0.04091267,0.80645161,0.87096774,0.06451613,0.60975610,0.46341463,-0.14634146,0.77143981,0.76435877,-0.00708104,0.76854331,0.82209840,0.05355509,0.25075832,0.19135576,0.05940255,3.74269399,0.56999137,3.17270261,0.25622568,0.09451051,0.16171517,0.25622568,0.10621821,0.15000747
adolescent,nb,isotonic,8,103,0.60194175,0.74757282,0.79611650,0.04854369,0.73249410,0.77694729,0.04445319,0.80645161,0.87096774,0.06451613,0.65853659,0.68292683,0.02439024,0.79228954,0.77812746,-0.01416208,0.78259775,0.79107751,0.00847977,0.21854216,0.17503010,0.04351206,3.61611394,0.53660764,3.07950630,0.22518109,0.05195447,0.17322662,0.22518109,0.08572399,0.13945710
adolescent,nb,isotonic,9,103,0.60194175,0.75728155,0.76699029,0.00970874,0.73642801,0.73623131,-0.00019670,0.83870968,0.88709677,0.04838710,0.63414634,0.58536585,-0.04878049,0.80743509,0.74665618,-0.06077891,0.81780385,0.75538274,-0.06242111,0.22851114,0.18784624,0.04066490,3.18276339,0.56863735,2.61412603,0.22342109,0.10931203,0.11410906,0.22896343,0.10931203,0.11965139
adolescent,nb,beta,0,103,0.60194175,0.73786408,0.69902913,-0.03883495,0.71616837,0.65912667,-0.05704170,0.82258065,0.85483871,0.03225806,0.60975610,0.46341463,-0.14634146,0.69374508,0.69472856,0.00098348,0.69437870,0.71163376,0.01725506,0.25015897,0.21958172,0.03057724,5.71757499,0.66807259,5.04950241,0.25008963,0.13692213,0.11316750,0.25786187,0.16069772,0.09716415
adolescent,nb,beta,1,103,0.60194175,0.78640777,0.76699029,-0.01941748,0.76475216,0.74862313,-0.01612903,0.87096774,0.83870968,-0.03225806,0.65853659,0.65853659,0.00000000,0.86369001,0.84913454,-0.01455547,0.88768325,0.90040813,0.01272488,0.18025448,0.16549599,0.01475848,1.84115607,0.50725174,1.33390433,0.18884617,0.08058355,0.10826261,0.19280883,0.09886122,0.09394762
adolescent,nb,beta,2,103,0.60194175,0.74757282,0.70873786,-0.03883495,0.72836349,0.67545240,-0.05291109,0.82258065,0.83870968,0.01612903,0.63414634,0.51219512,-0.12195122,0.72324941,0.73111723,0.00786782,0.71811683,0.75541975,0.03730292,0.25585825,0.19461684,0.06124142,4.37666829,0.57747484,3.79919345,0.25699119,0.04075663,0.21623456,0.26672150,0.07011681,0.19660469
adolescent,nb,beta,3,103,0.60194175,0.67961165,0.66019417,-0.01941748,0.65125885,0.63099921,-0.02025964,0.79032258,0.77419355,-0.01612903,0.51219512,0.48780488,-0.02439024,0.71715185,0.72069237,0.00354052,0.74378337,0.77777786,0.03399449,0.29984421,0.21111600,0.08872821,5.44151928,0.61537913,4.82614015,0.29911993,0.05118322,0.24793671,0.31923353,0.08435596,0.23487758
adolescent,nb,beta,4,103,0.60194175,0.74757282,0.76699029,0.01941748,0.72423289,0.74036192,0.01612903,0.83870968,0.87096774,0.03225806,0.60975610,0.60975610,0.00000000,0.76396538,0.76219512,-0.00177026,0.75346716,0.79528789,0.04182073,0.22734077,0.19112517,0.03621559,4.45022027,0.57517021,3.87505006,0.23378638,0.16260772,0.07117866,0.23378638,0.16932041,0.06446597
adolescent,nb,beta,5,103,0.60194175,0.69902913,0.76699029,0.06796117,0.67151849,0.74862313,0.07710464,0.80645161,0.83870968,0.03225806,0.53658537,0.65853659,0.12195122,0.73780488,0.74862313,0.01081825,0.74783505,0.77839733,0.03056227,0.26443298,0.19335507,0.07107791,4.99009438,0.57868927,4.41140512,0.27283409,0.02532320,0.24751090,0.27283409,0.16025358,0.11258051
adolescent,nb,beta,6,103,0.60194175,0.62135922,0.64077670,0.01941748,0.59874115,0.61487018,0.01612903,0.70967742,0.74193548,0.03225806,0.48780488,0.48780488,0.00000000,0.65047207,0.69669552,0.04622345,0.67635910,0.74671641,0.07035731,0.34756501,0.21599349,0.13157153,6.20917478,0.62272121,5.58645357,0.34366227,0.07266587,0.27099640,0.34366227,0.12170979,0.22195248
adolescent,nb,beta,7,103,0.60194175,0.72815534,0.73786408,0.00970874,0.70810386,0.69964595,-0.00845791,0.80645161,0.88709677,0.08064516,0.60975610,0.51219512,-0.09756098,0.77143981,0.79405980,0.02261998,0.76854331,0.84578476,0.07724145,0.25075832,0.18298766,0.06777066,3.74269399,0.54816484,3.19452915,0.25622568,0.08178774,0.17443794,0.25622568,0.08715283,0.16907285
adolescent,nb,beta,8,103,0.60194175,0.74757282,0.81553398,0.06796117,0.73249410,0.80133753,0.06884343,0.80645161,0.87096774,0.06451613,0.65853659,0.73170732,0.07317073,0.79228954,0.82140047,0.02911094,0.78259775,0.81762131,0.03502357,0.21854216,0.16865258,0.04988958,3.61611394,0.52146810,3.09464584,0.22518109,0.10306207,0.12211902,0.22518109,0.16138222,0.06379887
adolescent,nb,beta,9,103,0.60194175,0.75728155,0.76699029,0.00970874,0.73642801,0.74036192,0.00393391,0.83870968,0.87096774,0.03225806,0.63414634,0.60975610,-0.02439024,0.80743509,0.77124312,-0.03619197,0.81780385,0.80426076,-0.01354309,0.22851114,0.18617612,0.04233502,3.18276339,0.55913898,2.62362441,0.22342109,0.07676669,0.14665440,0.22896343,0.10028672,0.12867670
adolescent,rf,platt,0,103,0.60194175,0.94174757,0.92233010,-0.01941748,0.92682927,0.91896145,-0.00786782,1.00000000,0.93548387,-0.06451613,0.85365854,0.90243902,0.04878049,0.97954367,0.98033045,0.00078678,0.98557381,0.98629578,0.00072197,0.10656880,0.05174816,0.05482064,0.37134682,0.17297579,0.19837103,0.19800772,0.03999586,0.15801187,0.22781752,0.05461957,0.17319795
adolescent,rf,platt,1,103,0.60194175,0.91262136,0.91262136,0.00000000,0.90676633,0.91089693,0.00413061,0.93548387,0.91935484,-0.01612903,0.87804878,0.90243902,0.02439024,0.97954367,0.97954367,0.00000000,0.98623383,0.98602467,-0.00020915,0.10793199,0.05750653,0.05042546,0.37450810,0.17988020,0.19462790,0.16477019,0.03882726,0.12594292,0.20241167,0.06028759,0.14212408
adolescent,rf,platt,2,103,0.60194175,0.87378641,0.86407767,-0.00970874,0.86211644,0.85405193,-0.00806452,0.91935484,0.90322581,-0.01612903,0.80487805,0.80487805,0.00000000,0.96459481,0.96262785,-0.00196696,0.97781137,0.97677267,-0.00103869,0.11178461,0.08015158,0.03163303,0.38027384,0.24498817,0.13528567,0.17154114,0.04705453,0.12448661,0.17154114,0.06913058,0.10241057
adolescent,rf,platt,3,103,0.60194175,0.87378641,0.87378641,0.00000000,0.86624705,0.87450826,0.00826121,0.90322581,0.87096774,-0.03225806,0.82926829,0.87804878,0.04878049,0.96026751,0.96223446,0.00196696,0.97466725,0.97576481,0.00109756,0.11774744,0.08579276,0.03195468,0.39411208,0.25769106,0.13642102,0.16198283,0.04317950,0.11880333,0.16619759,0.05912062,0.10707697
adolescent,rf,platt,4,103,0.60194175,0.93203883,0.95145631,0.01941748,0.92289536,0.95141621,0.02852085,0.96774194,0.95161290,-0.01612903,0.87804878,0.95121951,0.07317073,0.98151062,0.97875688,-0.00275374,0.98763211,0.98650918,-0.00112292,0.10938832,0.05558189,0.05380643,0.37681612,0.19448850,0.18232762,0.16217782,0.05634565,0.10583217,0.22425102,0.06599225,0.15825877
adolescent,rf,platt,5,103,0.60194175,0.89320388,0.90291262,0.00970874,0.88650669,0.90283242,0.01632573,0.91935484,0.90322581,-0.01612903,0.85365854,0.90243902,0.04878049,0.97600315,0.97246263,-0.00354052,0.98402457,0.98276416,-0.00126041,0.10778499,0.06924967,0.03853532,0.37336531,0.21554534,0.15781998,0.17370149,0.04738928,0.12631222,0.17996159,0.05431568,0.12564591
adolescent,rf,platt,6,103,0.60194175,0.90291262,0.90291262,0.00000000,0.88630999,0.89457120,0.00826121,0.96774194,0.93548387,-0.03225806,0.80487805,0.85365854,0.04878049,0.96656176,0.96341463,-0.00314713,0.97672600,0.97429033,-0.00243567,0.11110420,0.07049568,0.04060851,0.38016226,0.22881471,0.15134755,0.14456854,0.05030217,0.09426636,0.18854316,0.05030217,0.13824099
adolescent,rf,platt,7,103,0.60194175,0.90291262,0.91262136,0.00970874,0.89044060,0.90263572,0.01219512,0.95161290,0.95161290,0.00000000,0.82926829,0.85365854,0.02439024,0.96066090,0.95751377,-0.00314713,0.97213901,0.96894600,-0.00319300,0.11082953,0.07188180,0.03894773,0.37961813,0.24165934,0.13795879,0.16260148,0.03555519,0.12704629,0.18537913,0.06422600,0.12115313
adolescent,rf,platt,8,103,0.60194175,0.92233010,0.91262136,-0.00970874,0.91070024,0.90263572,-0.00806452,0.96774194,0.95161290,-0.01612903,0.85365854,0.85365854,0.00000000,0.97875688,0.97678993,-0.00196696,0.98603070,0.98475319,-0.00127751,0.10197482,0.06082219,0.04115264,0.35807424,0.18726595,0.17080829,0.17941233,0.02646981,0.15294251,0.19670282,0.04197462,0.15472820
adolescent,rf,platt,9,103,0.60194175,0.89320388,0.93203883,0.03883495,0.87824548,0.93115657,0.05291109,0.95161290,0.93548387,-0.01612903,0.80487805,0.92682927,0.12195122,0.96656176,0.97128245,0.00472069,0.97516130,0.97962193,0.00446064,0.11196994,0.06065284,0.05131711,0.38098221,0.20621936,0.17476285,0.15015570,0.02165489,0.12850081,0.18104467,0.04175107,0.13929360
adolescent,rf,temperature,0,103,0.60194175,0.94174757,0.94174757,0.00000000,0.92682927,0.92682927,0.00000000,1.00000000,1.00000000,0.00000000,0.85365854,0.85365854,0.00000000,0.97954367,0.97954367,0.00000000,0.98557381,0.98572860,0.00015478,0.10656880,0.05587923,0.05068957,0.37134682,0.18551007,0.18583675,0.19800772,0.03433907,0.16366865,0.22781752,0.06929094,0.15852657
adolescent,rf,temperature,1,103,0.60194175,0.91262136,0.91262136,0.00000000,0.90676633,0.90676633,0.00000000,0.93548387,0.93548387,0.00000000,0.87804878,0.87804878,0.00000000,0.97954367,0.97678993,-0.00275374,0.98623383,0.98406314,-0.00217068,0.10793199,0.05788460,0.05004738,0.37450810,0.18617574,0.18833236,0.16477019,0.04009468,0.12467551,0.20241167,0.05768093,0.14473075
adolescent,rf,temperature,2,103,0.60194175,0.87378641,0.87378641,0.00000000,0.86211644,0.86211644,0.00000000,0.91935484,0.91935484,0.00000000,0.80487805,0.80487805,0.00000000,0.96459481,0.96341463,-0.00118017,0.97781137,0.97740438,-0.00040698,0.11178461,0.08030174,0.03148287,0.38027384,0.24377277,0.13650107,0.17154114,0.05491375,0.11662739,0.17154114,0.07466962,0.09687152
adolescent,rf,temperature,3,103,0.60194175,0.87378641,0.87378641,0.00000000,0.86624705,0.86624705,0.00000000,0.90322581,0.90322581,0.00000000,0.82926829,0.82926829,0.00000000,0.96026751,0.95869394,-0.00157356,0.97466725,0.97393243,-0.00073482,0.11774744,0.08564397,0.03210346,0.39411208,0.25495593,0.13915615,0.16198283,0.03309844,0.12888439,0.16619759,0.04425182,0.12194578
adolescent,rf,temperature,4,103,0.60194175,0.93203883,0.93203883,0.00000000,0.92289536,0.92289536,0.00000000,0.96774194,0.96774194,0.00000000,0.87804878,0.87804878,0.00000000,0.98151062,0.97875688,-0.00275374,0.98763211,0.98506309,-0.00256901,0.10938832,0.05563741,0.05375091,0.37681612,0.18890555,0.18791057,0.16217782,0.06386865,0.09830917,0.22425102,0.07655016,0.14770086
adolescent,rf,temperature,5,103,0.60194175,0.89320388,0.89320388,0.00000000,0.88650669,0.88650669,0.00000000,0.91935484,0.91935484,0.00000000,0.85365854,0.85365854,0.00000000,0.97600315,0.97442958,-0.00157356,0.98402457,0.98348389,-0.00054068,0.10778499,0.06646783,0.04131716,0.37336531,0.20237160,0.17099372,0.17370149,0.02194998,0.15175151,0.17996159,0.04950372,0.13045787
adolescent,rf,temperature,6,103,0.60194175,0.90291262,0.90291262,0.00000000,0.88630999,0.88630999,0.00000000,0.96774194,0.96774194,0.00000000,0.80487805,0.80487805,0.00000000,0.96656176,0.96380803,-0.00275374,0.97672600,0.97428064,-0.00244536,0.11110420,0.07017173,0.04093246,0.38016226,0.23554401,0.14461825,0.14456854,0.04666996,0.09789858,0.18854316,0.06483826,0.12370490
adolescent,rf,temperature,7,103,0.60194175,0.90291262,0.90291262,0.00000000,0.89044060,0.89044060,0.00000000,0.95161290,0.95161290,0.00000000,0.82926829,0.82926829,0.00000000,0.96066090,0.95633360,-0.00432730,0.97213901,0.96798881,-0.00415020,0.11082953,0.07470632,0.03612321,0.37961813,0.25124318,0.12837495,0.16260148,0.07456756,0.08803392,0.18537913,0.07456756,0.11081157
adolescent,rf,temperature,8,103,0.60194175,0.92233010,0.92233010,0.00000000,0.91070024,0.91070024,0.00000000,0.96774194,0.96774194,0.00000000,0.85365854,0.85365854,0.00000000,0.97875688,0.97797010,-0.00078678,0.98603070,0.98536344,-0.00066726,0.10197482,0.05918627,0.04278856,0.35807424,0.18946106,0.16861319,0.17941233,0.03365809,0.14575423,0.19670282,0.04056099,0.15614184
adolescent,rf,temperature,9,103,0.60194175,0.89320388,0.89320388,0.00000000,0.87824548,0.87824548,0.00000000,0.95161290,0.95161290,0.00000000,0.80487805,0.80487805,0.00000000,0.96656176,0.96734854,0.00078678,0.97516130,0.97662145,0.00146015,0.11196994,0.06639677,0.04557317,0.38098221,0.22137522,0.15960699,0.15015570,0.04617098,0.10398472,0.18104467,0.05342588,0.12761879
adolescent,rf,histbin,0,103,0.60194175,0.94174757,0.93203883,-0.00970874,0.92682927,0.91463415,-0.01219512,1.00000000,1.00000000,0.00000000,0.85365854,0.82926829,-0.02439024,0.97954367,0.97718332,-0.00236035,0.98557381,0.98082917,-0.00474465,0.10656880,0.05498525,0.05158355,0.37134682,0.17747213,0.19387469,0.19800772,0.03685352,0.16115420,0.22781752,0.03685352,0.19096399
adolescent,rf,histbin,1,103,0.60194175,0.91262136,0.90291262,-0.00970874,0.90676633,0.89457120,-0.01219512,0.93548387,0.93548387,0.00000000,0.87804878,0.85365854,-0.02439024,0.97954367,0.97010228,-0.00944138,0.98623383,0.97693632,-0.00929751,0.10793199,0.06700554,0.04092645,0.37450810,0.20437763,0.17013046,0.16477019,0.02638339,0.13838680,0.20241167,0.04936073,0.15305094
adolescent,rf,histbin,2,103,0.60194175,0.87378641,0.87378641,0.00000000,0.86211644,0.86211644,0.00000000,0.91935484,0.91935484,0.00000000,0.80487805,0.80487805,0.00000000,0.96459481,0.95908733,-0.00550747,0.97781137,0.97132930,-0.00648207,0.11178461,0.07846803,0.03331658,0.38027384,0.55786671,-0.17759288,0.17154114,0.03921168,0.13232946,0.17154114,0.06535059,0.10619055
adolescent,rf,histbin,3,103,0.60194175,0.87378641,0.87378641,0.00000000,0.86624705,0.86624705,0.00000000,0.90322581,0.90322581,0.00000000,0.82926829,0.82926829,0.00000000,0.96026751,0.95298977,-0.00727773,0.97466725,0.96802601,-0.00664124,0.11774744,0.08503026,0.03271718,0.39411208,0.24591885,0.14819323,0.16198283,0.04713851,0.11484432,0.16619759,0.05640595,0.10979165
adolescent,rf,histbin,4,103,0.60194175,0.93203883,0.91262136,-0.01941748,0.92289536,0.89850511,-0.02439024,0.96774194,0.96774194,0.00000000,0.87804878,0.82926829,-0.04878049,0.98151062,0.94689221,-0.03461841,0.98763211,0.96202132,-0.02561078,0.10938832,0.07819248,0.03119584,0.37681612,0.89382289,-0.51700678,0.16217782,0.04132966,0.12084815,0.22425102,0.06745499,0.15679602
adolescent,rf,histbin,5,103,0.60194175,0.89320388,0.85436893,-0.03883495,0.88650669,0.85011802,-0.03638867,0.91935484,0.87096774,-0.04838710,0.85365854,0.82926829,-0.02439024,0.97600315,0.95416994,-0.02183320,0.98402457,0.97042099,-0.01360357,0.10778499,0.08587684,0.02190815,0.37336531,0.25042995,0.12293537,0.17370149,0.05831828,0.11538322,0.17996159,0.05986074,0.12010085
adolescent,rf,histbin,6,103,0.60194175,0.90291262,0.90291262,0.00000000,0.88630999,0.88630999,0.00000000,0.96774194,0.96774194,0.00000000,0.80487805,0.80487805,0.00000000,0.96656176,0.94512195,-0.02143981,0.97672600,0.94917522,-0.02755078,0.11110420,0.08061122,0.03049298,0.38016226,0.88707713,-0.50691487,0.14456854,0.04832893,0.09623960,0.18854316,0.06470576,0.12383740
adolescent,rf,histbin,7,103,0.60194175,0.90291262,0.90291262,0.00000000,0.89044060,0.89044060,0.00000000,0.95161290,0.95161290,0.00000000,0.82926829,0.82926829,0.00000000,0.96066090,0.96557828,0.00491739,0.97213901,0.97293488,0.00079587,0.11082953,0.07093435,0.03989518,0.37961813,0.21544979,0.16416835,0.16260148,0.02194521,0.14065627,0.18537913,0.04621705,0.13916208
adolescent,rf,histbin,8,103,0.60194175,0.92233010,0.91262136,-0.00970874,0.91070024,0.89850511,-0.01219512,0.96774194,0.96774194,0.00000000,0.85365854,0.82926829,-0.02439024,0.97875688,0.97285602,-0.00590087,0.98603070,0.98036331,-0.00566739,0.10197482,0.06539477,0.03658006,0.35807424,0.19786983,0.16020441,0.17941233,0.02220503,0.15720729,0.19670282,0.03847873,0.15822410
adolescent,rf,histbin,9,103,0.60194175,0.89320388,0.87378641,-0.01941748,0.87824548,0.84972463,-0.02852085,0.95161290,0.96774194,0.01612903,0.80487805,0.73170732,-0.07317073,0.96656176,0.94236821,-0.02419355,0.97516130,0.94249627,-0.03266502,0.11196994,0.08465568,0.02731427,0.38098221,0.57684671,-0.19586450,0.15015570,0.05679089,0.09336481,0.18104467,0.05679089,0.12425378
adolescent,rf,isotonic,0,103,0.60194175,0.94174757,0.93203883,-0.00970874,0.92682927,0.91876475,-0.00806452,1.00000000,0.98387097,-0.01612903,0.85365854,0.85365854,0.00000000,0.97954367,0.97167585,-0.00786782,0.98557381,0.96989336,-0.01568045,0.10656880,0.05503898,0.05152982,0.37134682,0.49009480,-0.11874798,0.19800772,0.03142512,0.16658261,0.22781752,0.03884382,0.18897369
adolescent,rf,isotonic,1,103,0.60194175,0.91262136,0.91262136,0.00000000,0.90676633,0.90263572,-0.00413061,0.93548387,0.95161290,0.01612903,0.87804878,0.85365854,-0.02439024,0.97954367,0.96951220,-0.01003147,0.98623383,0.96862591,-0.01760791,0.10793199,0.05849927,0.04943271,0.37450810,0.49426158,-0.11975348,0.16477019,0.01341596,0.15135423,0.20241167,0.03714843,0.16526325
adolescent,rf,isotonic,2,103,0.60194175,0.87378641,0.88349515,0.00970874,0.86211644,0.87431157,0.01219512,0.91935484,0.91935484,0.00000000,0.80487805,0.82926829,0.02439024,0.96459481,0.95239969,-0.01219512,0.97781137,0.96653218,-0.01127919,0.11178461,0.08525277,0.02653184,0.38027384,0.89377665,-0.51350281,0.17154114,0.04370301,0.12783813,0.17154114,0.04944480,0.12209634
adolescent,rf,isotonic,3,103,0.60194175,0.87378641,0.87378641,0.00000000,0.86624705,0.87037766,0.00413061,0.90322581,0.88709677,-0.01612903,0.82926829,0.85365854,0.02439024,0.96026751,0.92958301,-0.03068450,0.97466725,0.94194832,-0.03271893,0.11774744,0.10054414,0.01720330,0.39411208,1.57443785,-1.18032577,0.16198283,0.06973278,0.09225004,0.16619759,0.07691081,0.08928679
adolescent,rf,isotonic,4,103,0.60194175,0.93203883,0.95145631,0.01941748,0.92289536,0.94728560,0.02439024,0.96774194,0.96774194,0.00000000,0.87804878,0.92682927,0.04878049,0.98151062,0.96852872,-0.01298190,0.98763211,0.97765387,-0.00997823,0.10938832,0.05587959,0.05350873,0.37681612,0.82772036,-0.45090424,0.16217782,0.05757155,0.10460627,0.22425102,0.07213465,0.15211636
adolescent,rf,isotonic,5,103,0.60194175,0.89320388,0.88349515,-0.00970874,0.88650669,0.88257278,-0.00393391,0.91935484,0.88709677,-0.03225806,0.85365854,0.87804878,0.02439024,0.97600315,0.94276161,-0.03324154,0.98402457,0.95100833,-0.03301624,0.10778499,0.08093440,0.02685059,0.37336531,1.52221028,-1.14884497,0.17370149,0.06340928,0.11029221,0.17996159,0.06502671,0.11493488
adolescent,rf,isotonic,6,103,0.60194175,0.90291262,0.91262136,0.00970874,0.88630999,0.89437451,0.00806452,0.96774194,0.98387097,0.01612903,0.80487805,0.80487805,0.00000000,0.96656176,0.95180960,-0.01475216,0.97672600,0.95589740,-0.02082860,0.11110420,0.07036063,0.04074357,0.38016226,0.85316212,-0.47299986,0.14456854,0.04061980,0.10394873,0.18854316,0.04977376,0.13876940
adolescent,rf,isotonic,7,103,0.60194175,0.90291262,0.88349515,-0.01941748,0.89044060,0.87018096,-0.02025964,0.95161290,0.93548387,-0.01612903,0.82926829,0.80487805,-0.02439024,0.96066090,0.93017309,-0.03048780,0.97213901,0.92171560,-0.05042341,0.11082953,0.07832541,0.03250412,0.37961813,1.52212012,-1.14250199,0.16260148,0.04261680,0.11998468,0.18537913,0.07073356,0.11464557
adolescent,rf,isotonic,8,103,0.60194175,0.92233010,0.92233010,0.00000000,0.91070024,0.91070024,0.00000000,0.96774194,0.96774194,0.00000000,0.85365854,0.85365854,0.00000000,0.97875688,0.97895358,0.00019670,0.98603070,0.98566365,-0.00036705,0.10197482,0.05622890,0.04574592,0.35807424,0.16949000,0.18858425,0.17941233,0.03897321,0.14043912,0.19670282,0.06924902,0.12745380
adolescent,rf,isotonic,9,103,0.60194175,0.89320388,0.94174757,0.04854369,0.87824548,0.93509048,0.05684500,0.95161290,0.96774194,0.01612903,0.80487805,0.90243902,0.09756098,0.96656176,0.97501967,0.00845791,0.97516130,0.97138459,-0.00377671,0.11196994,0.05381744,0.05815250,0.38098221,0.48755828,-0.10657607,0.15015570,0.03738568,0.11277002,0.18104467,0.05215360,0.12889107
adolescent,rf,beta,0,103,0.60194175,0.94174757,0.91262136,-0.02912621,0.92682927,0.91089693,-0.01593234,1.00000000,0.91935484,-0.08064516,0.85365854,0.90243902,0.04878049,0.97954367,0.97678993,-0.00275374,0.98557381,0.98353845,-0.00203537,0.10656880,0.05346659,0.05310222,0.37134682,0.17978882,0.19155800,0.19800772,0.05351079,0.14449693,0.22781752,0.06774024,0.16007728
adolescent,rf,beta,1,103,0.60194175,0.91262136,0.90291262,-0.00970874,0.90676633,0.89870181,-0.00806452,0.93548387,0.91935484,-0.01612903,0.87804878,0.87804878,0.00000000,0.97954367,0.97836349,-0.00118017,0.98623383,0.98525510,-0.00097873,0.10793199,0.05719855,0.05073343,0.37450810,0.17933809,0.19517001,0.16477019,0.03094708,0.13382310,0.20241167,0.05341728,0.14899440
adolescent,rf,beta,2,103,0.60194175,0.87378641,0.86407767,-0.00970874,0.86211644,0.85405193,-0.00806452,0.91935484,0.90322581,-0.01612903,0.80487805,0.80487805,0.00000000,0.96459481,0.96341463,-0.00118017,0.97781137,0.97737730,-0.00043406,0.11178461,0.08092653,0.03085808,0.38027384,0.24770665,0.13256718,0.17154114,0.04757222,0.12396892,0.17154114,0.07606727,0.09547388
adolescent,rf,beta,3,103,0.60194175,0.87378641,0.87378641,0.00000000,0.86624705,0.87450826,0.00826121,0.90322581,0.87096774,-0.03225806,0.82926829,0.87804878,0.04878049,0.96026751,0.96026751,0.00000000,0.97466725,0.97468413,0.00001688,0.11774744,0.08718995,0.03055749,0.39411208,0.26352056,0.13059151,0.16198283,0.04526785,0.11671498,0.16619759,0.06147488,0.10472272
adolescent,rf,beta,4,103,0.60194175,0.93203883,0.95145631,0.01941748,0.92289536,0.95141621,0.02852085,0.96774194,0.95161290,-0.01612903,0.87804878,0.95121951,0.07317073,0.98151062,0.97875688,-0.00275374,0.98763211,0.98650918,-0.00112292,0.10938832,0.05451064,0.05487768,0.37681612,0.19177687,0.18503925,0.16217782,0.05514707,0.10703075,0.22425102,0.06478749,0.15946352
adolescent,rf,beta,5,103,0.60194175,0.89320388,0.90291262,0.00970874,0.88650669,0.90283242,0.01632573,0.91935484,0.90322581,-0.01612903,0.85365854,0.90243902,0.04878049,0.97600315,0.97206924,-0.00393391,0.98402457,0.98219543,-0.00182914,0.10778499,0.07010435,0.03768064,0.37336531,0.21720927,0.15615604,0.17370149,0.05123604,0.12246546,0.17996159,0.05925853,0.12070305
adolescent,rf,beta,6,103,0.60194175,0.90291262,0.90291262,0.00000000,0.88630999,0.89457120,0.00826121,0.96774194,0.93548387,-0.03225806,0.80487805,0.85365854,0.04878049,0.96656176,0.96302124,-0.00354052,0.97672600,0.97410521,-0.00262079,0.11110420,0.07062281,0.04048139,0.38016226,0.22801380,0.15214846,0.14456854,0.04719903,0.09736951,0.18854316,0.06228107,0.12626209
adolescent,rf,beta,7,103,0.60194175,0.90291262,0.91262136,0.00970874,0.89044060,0.90263572,0.01219512,0.95161290,0.95161290,0.00000000,0.82926829,0.85365854,0.02439024,0.96066090,0.95790716,-0.00275374,0.97213901,0.96942039,-0.00271862,0.11082953,0.07232152,0.03850801,0.37961813,0.24082017,0.13879796,0.16260148,0.03547884,0.12712264,0.18537913,0.06344470,0.12193443
adolescent,rf,beta,8,103,0.60194175,0.92233010,0.91262136,-0.00970874,0.91070024,0.90263572,-0.00806452,0.96774194,0.95161290,-0.01612903,0.85365854,0.85365854,0.00000000,0.97875688,0.97718332,-0.00157356,0.98603070,0.98526469,-0.00076601,0.10197482,0.06176891,0.04020591,0.35807424,0.18997662,0.16809762,0.17941233,0.03028206,0.14913027,0.19670282,0.03905829,0.15764453
adolescent,rf,beta,9,103,0.60194175,0.89320388,0.94174757,0.04854369,0.87824548,0.93922109,0.06097561,0.95161290,0.95161290,0.00000000,0.80487805,0.92682927,0.12195122,0.96656176,0.96970889,0.00314713,0.97516130,0.97723389,0.00207259,0.11196994,0.06015630,0.05181364,0.38098221,0.20841155,0.17257066,0.15015570,0.02167956,0.12847614,0.18104467,0.04642924,0.13461543
adolescent,svm,platt,0,103,0.60194175,0.95145631,0.95145631,0.00000000,0.94728560,0.94728560,0.00000000,0.96774194,0.96774194,0.00000000,0.92682927,0.92682927,0.00000000,0.99488592,0.99567270,0.00078678,0.99676692,0.99724082,0.00047390,0.10940619,0.02866858,0.08073762,0.38971447,0.09392380,0.29579067,0.20869919,0.02053222,0.18816697,0.26441934,0.03810339,0.22631595
adolescent,svm,platt,1,103,0.60194175,0.94174757,0.94174757,0.00000000,0.93922109,0.93922109,0.00000000,0.95161290,0.95161290,0.00000000,0.92682927,0.92682927,0.00000000,0.99173879,0.98859166,-0.00314713,0.99507082,0.99388974,-0.00118108,0.11422553,0.03400092,0.08022461,0.39960013,0.13112114,0.26847899,0.19529626,0.01188975,0.18340651,0.25953694,0.05444333,0.20509361
adolescent,svm,platt,2,103,0.60194175,0.90291262,0.92233010,0.01941748,0.89457120,0.91896145,0.02439024,0.93548387,0.93548387,0.00000000,0.85365854,0.90243902,0.04878049,0.97521637,0.97560976,0.00039339,0.98479926,0.98554269,0.00074343,0.12000760,0.06042570,0.05958191,0.41080341,0.19913380,0.21166961,0.19402618,0.05173041,0.14229578,0.21995418,0.05952291,0.16043127
adolescent,svm,platt,3,103,0.60194175,0.90291262,0.90291262,0.00000000,0.89870181,0.90283242,0.00413061,0.91935484,0.90322581,-0.01612903,0.87804878,0.90243902,0.02439024,0.97482297,0.97560976,0.00078678,0.98418945,0.98585090,0.00166145,0.12191046,0.05826293,0.06364753,0.41523594,0.21136947,0.20386648,0.19445737,0.04483570,0.14962166,0.22413732,0.05923022,0.16490709
adolescent,svm,platt,4,103,0.60194175,0.92233010,0.93203883,0.00970874,0.91896145,0.92702596,0.00806452,0.93548387,0.95161290,0.01612903,0.90243902,0.90243902,0.00000000,0.98347758,0.98111723,-0.00236035,0.98915760,0.98867539,-0.00048221,0.11634312,0.05235360,0.06398952,0.40362711,0.16740782,0.23621929,0.22765237,0.03371771,0.19393466,0.23885677,0.06039282,0.17846395
adolescent,svm,platt,5,103,0.60194175,0.92233010,0.92233010,0.00000000,0.91896145,0.91896145,0.00000000,0.93548387,0.93548387,0.00000000,0.90243902,0.90243902,0.00000000,0.98190401,0.98111723,-0.00078678,0.98866235,0.98803964,-0.00062271,0.11730950,0.05776418,0.05954532,0.40502466,0.18004016,0.22498450,0.20091694,0.03988835,0.16102859,0.23768320,0.04941731,0.18826588
adolescent,svm,platt,6,103,0.60194175,0.90291262,0.89320388,-0.00970874,0.89457120,0.88650669,-0.00806452,0.93548387,0.91935484,-0.01612903,0.85365854,0.85365854,0.00000000,0.97875688,0.97128245,-0.00747443,0.98658082,0.98338013,-0.00320069,0.11832346,0.06592133,0.05240213,0.40777388,0.21716182,0.19061206,0.21868461,0.04177458,0.17691004,0.21969889,0.06334687,0.15635202
adolescent,svm,platt,7,103,0.60194175,0.90291262,0.92233010,0.01941748,0.89457120,0.91483084,0.02025964,0.93548387,0.95161290,0.01612903,0.85365854,0.87804878,0.02439024,0.97797010,0.97836349,0.00039339,0.98570762,0.98622297,0.00051535,0.11834187,0.06276749,0.05557438,0.40745313,0.19800891,0.20944422,0.19669025,0.03806531,0.15862494,0.21811627,0.06557491,0.15254137
adolescent,svm,platt,8,103,0.60194175,0.91262136,0.92233010,0.00970874,0.90263572,0.91070024,0.00806452,0.95161290,0.96774194,0.01612903,0.85365854,0.85365854,0.00000000,0.97915028,0.98347758,0.00432730,0.98645720,0.98945569,0.00299849,0.11492359,0.05906092,0.05586268,0.39957312,0.18002085,0.21955227,0.20794782,0.06113266,0.14681516,0.22259743,0.06113266,0.16146476
adolescent,svm,platt,9,103,0.60194175,0.91262136,0.93203883,0.01941748,0.90676633,0.92702596,0.02025964,0.93548387,0.95161290,0.01612903,0.87804878,0.90243902,0.02439024,0.97915028,0.98308419,0.00393391,0.98653535,0.98924877,0.00271342,0.11682024,0.04999365,0.06682659,0.40329779,0.15378825,0.24950954,0.20103544,0.03222300,0.16881243,0.22819061,0.04622356,0.18196705
adolescent,svm,temperature,0,103,0.60194175,0.95145631,0.95145631,0.00000000,0.94728560,0.94728560,0.00000000,0.96774194,0.96774194,0.00000000,0.92682927,0.92682927,0.00000000,0.99488592,0.99567270,0.00078678,0.99676692,0.99726188,0.00049496,0.10940619,0.02828577,0.08112043,0.38971447,0.09431311,0.29540136,0.20869919,0.02428972,0.18440946,0.26441934,0.04121077,0.22320857
adolescent,svm,temperature,1,103,0.60194175,0.94174757,0.94174757,0.00000000,0.93922109,0.93922109,0.00000000,0.95161290,0.95161290,0.00000000,0.92682927,0.92682927,0.00000000,0.99173879,0.99095201,-0.00078678,0.99507082,0.99472304,-0.00034778,0.11422553,0.03580222,0.07842332,0.39960013,0.12320839,0.27639174,0.19529626,0.02721066,0.16808560,0.25953694,0.05694159,0.20259535
adolescent,svm,temperature,2,103,0.60194175,0.90291262,0.90291262,0.00000000,0.89457120,0.89457120,0.00000000,0.93548387,0.93548387,0.00000000,0.85365854,0.85365854,0.00000000,0.97521637,0.97364280,-0.00157356,0.98479926,0.98367187,-0.00112739,0.12000760,0.06686182,0.05314579,0.41080341,0.20702720,0.20377621,0.19402618,0.03579781,0.15822837,0.21995418,0.04543166,0.17452252
adolescent,svm,temperature,3,103,0.60194175,0.90291262,0.90291262,0.00000000,0.89870181,0.89870181,0.00000000,0.91935484,0.91935484,0.00000000,0.87804878,0.87804878,0.00000000,0.97482297,0.97206924,-0.00275374,0.98418945,0.98316863,-0.00102082,0.12191046,0.06686007,0.05505040,0.41523594,0.21500637,0.20022957,0.19445737,0.03062628,0.16383109,0.22413732,0.04312337,0.18101394
adolescent,svm,temperature,4,103,0.60194175,0.92233010,0.92233010,0.00000000,0.91896145,0.91896145,0.00000000,0.93548387,0.93548387,0.00000000,0.90243902,0.90243902,0.00000000,0.98347758,0.97915028,-0.00432730,0.98915760,0.98730120,-0.00185640,0.11634312,0.05498134,0.06136179,0.40362711,0.17782826,0.22579885,0.22765237,0.02620923,0.20144314,0.23885677,0.04845263,0.19040414
adolescent,svm,temperature,5,103,0.60194175,0.92233010,0.92233010,0.00000000,0.91896145,0.91896145,0.00000000,0.93548387,0.93548387,0.00000000,0.90243902,0.90243902,0.00000000,0.98190401,0.97875688,-0.00314713,0.98866235,0.98691438,-0.00174796,0.11730950,0.06061495,0.05669456,0.40502466,0.18901698,0.21600768,0.20091694,0.04152876,0.15938818,0.23768320,0.04760319,0.19008001
adolescent,svm,temperature,6,103,0.60194175,0.90291262,0.90291262,0.00000000,0.89457120,0.89457120,0.00000000,0.93548387,0.93548387,0.00000000,0.85365854,0.85365854,0.00000000,0.97875688,0.97600315,-0.00275374,0.98658082,0.98559641,-0.00098441,0.11832346,0.06097904,0.05734442,0.40777388,0.19271354,0.21506034,0.21868461,0.03590060,0.18278401,0.21969889,0.05810703,0.16159186
adolescent,svm,temperature,7,103,0.60194175,0.90291262,0.90291262,0.00000000,0.89457120,0.89457120,0.00000000,0.93548387,0.93548387,0.00000000,0.85365854,0.85365854,0.00000000,0.97797010,0.97875688,0.00078678,0.98570762,0.98631049,0.00060288,0.11834187,0.06271160,0.05563027,0.40745313,0.19681363,0.21063949,0.19669025,0.03638098,0.16030926,0.21811627,0.04380537,0.17431090
adolescent,svm,temperature,8,103,0.60194175,0.91262136,0.91262136,0.00000000,0.90263572,0.90263572,0.00000000,0.95161290,0.95161290,0.00000000,0.85365854,0.85365854,0.00000000,0.97915028,0.98033045,0.00118017,0.98645720,0.98723813,0.00078094,0.11492359,0.06155067,0.05337293,0.39957312,0.19001271,0.20956041,0.20794782,0.04017158,0.16777624,0.22259743,0.06054100,0.16205643
adolescent,svm,temperature,9,103,0.60194175,0.91262136,0.91262136,0.00000000,0.90676633,0.90676633,0.00000000,0.93548387,0.93548387,0.00000000,0.87804878,0.87804878,0.00000000,0.97915028,0.97836349,-0.00078678,0.98653535,0.98632378,-0.00021157,0.11682024,0.05588348,0.06093675,0.40329779,0.17113758,0.23216021,0.20103544,0.01483641,0.18619903,0.22819061,0.03852409,0.18966652
adolescent,svm,histbin,0,103,0.60194175,0.95145631,0.93203883,-0.01941748,0.94728560,0.92289536,-0.02439024,0.96774194,0.96774194,0.00000000,0.92682927,0.87804878,-0.04878049,0.99488592,0.98288749,-0.01199843,0.99676692,0.98760463,-0.00916229,0.10940619,0.05173292,0.05767327,0.38971447,0.15563705,0.23407742,0.20869919,0.02873761,0.17996158,0.26441934,0.02873761,0.23568173
adolescent,svm,histbin,1,103,0.60194175,0.94174757,0.93203883,-0.00970874,0.93922109,0.92702596,-0.01219512,0.95161290,0.95161290,0.00000000,0.92682927,0.90243902,-0.02439024,0.99173879,0.97895358,-0.01278521,0.99507082,0.98498365,-0.01008717,0.11422553,0.05122860,0.06299693,0.39960013,0.48161458,-0.08201445,0.19529626,0.03429440,0.16100186,0.25953694,0.04782779,0.21170915
adolescent,svm,histbin,2,103,0.60194175,0.90291262,0.90291262,0.00000000,0.89457120,0.89457120,0.00000000,0.93548387,0.93548387,0.00000000,0.85365854,0.85365854,0.00000000,0.97521637,0.96105429,-0.01416208,0.98479926,0.97342787,-0.01137139,0.12000760,0.07145429,0.04855331,0.41080341,0.52856057,-0.11775715,0.19402618,0.03530203,0.15872415,0.21995418,0.05282343,0.16713075
adolescent,svm,histbin,3,103,0.60194175,0.90291262,0.88349515,-0.01941748,0.89870181,0.87431157,-0.02439024,0.91935484,0.91935484,0.00000000,0.87804878,0.82926829,-0.04878049,0.97482297,0.96754524,-0.00727773,0.98418945,0.97844198,-0.00574747,0.12191046,0.06871137,0.05319909,0.41523594,0.51988951,-0.10465357,0.19445737,0.03071662,0.16374074,0.22413732,0.07096936,0.15316796
adolescent,svm,histbin,4,103,0.60194175,0.92233010,0.92233010,0.00000000,0.91896145,0.92309205,0.00413061,0.93548387,0.91935484,-0.01612903,0.90243902,0.92682927,0.02439024,0.98347758,0.97836349,-0.00511408,0.98915760,0.98548047,-0.00367713,0.11634312,0.05645034,0.05989279,0.40362711,0.16771651,0.23591060,0.22765237,0.05453634,0.17311603,0.23885677,0.07119056,0.16766620
adolescent,svm,histbin,5,103,0.60194175,0.92233010,0.90291262,-0.01941748,0.91896145,0.89457120,-0.02439024,0.93548387,0.93548387,0.00000000,0.90243902,0.85365854,-0.04878049,0.98190401,0.96656176,-0.01534225,0.98866235,0.97680023,-0.01186212,0.11730950,0.07077652,0.04653298,0.40502466,0.53196922,-0.12694456,0.20091694,0.03046109,0.17045585,0.23768320,0.06320602,0.17447718
adolescent,svm,histbin,6,103,0.60194175,0.90291262,0.89320388,-0.00970874,0.89457120,0.88237608,-0.01219512,0.93548387,0.93548387,0.00000000,0.85365854,0.82926829,-0.02439024,0.97875688,0.96833202,-0.01042486,0.98658082,0.97858864,-0.00799218,0.11832346,0.07264352,0.04567995,0.40777388,0.20629977,0.20147411,0.21868461,0.03611478,0.18256983,0.21969889,0.04776526,0.17193363
adolescent,svm,histbin,7,103,0.60194175,0.90291262,0.90291262,0.00000000,0.89457120,0.89457120,0.00000000,0.93548387,0.93548387,0.00000000,0.85365854,0.85365854,0.00000000,0.97797010,0.95692368,-0.02104642,0.98570762,0.95860391,-0.02710371,0.11834187,0.07527269,0.04306918,0.40745313,0.86545714,-0.45800401,0.19669025,0.05328633,0.14340392,0.21811627,0.05328633,0.16482994
adolescent,svm,histbin,8,103,0.60194175,0.91262136,0.91262136,0.00000000,0.90263572,0.90263572,0.00000000,0.95161290,0.95161290,0.00000000,0.85365854,0.85365854,0.00000000,0.97915028,0.97954367,0.00039339,0.98645720,0.98640413,-0.00005307,0.11492359,0.05929580,0.05562780,0.39957312,0.16449145,0.23508167,0.20794782,0.04568103,0.16226678,0.22259743,0.07780872,0.14478871
adolescent,svm,histbin,9,103,0.60194175,0.91262136,0.90291262,-0.00970874,0.90676633,0.89044060,-0.01632573,0.93548387,0.95161290,0.01612903,0.87804878,0.82926829,-0.04878049,0.97915028,0.98072384,0.00157356,0.98653535,0.98512375,-0.00141160,0.11682024,0.05646121,0.06035902,0.40329779,0.16450880,0.23878899,0.20103544,0.03499685,0.16603859,0.22819061,0.03707729,0.19111332
adolescent,svm,isotonic,0,103,0.60194175,0.95145631,0.96116505,0.00970874,0.94728560,0.95535012,0.00806452,0.96774194,0.98387097,0.01612903,0.92682927,0.92682927,0.00000000,0.99488592,0.98800157,-0.00688434,0.99676692,0.99179879,-0.00496813,0.10940619,0.03122708,0.07817911,0.38971447,0.41833775,-0.02862328,0.20869919,0.02612140,0.18257778,0.26441934,0.03583014,0.22858920
adolescent,svm,isotonic,1,103,0.60194175,0.94174757,0.94174757,0.00000000,0.93922109,0.93509048,-0.00413061,0.95161290,0.96774194,0.01612903,0.92682927,0.90243902,-0.02439024,0.99173879,0.98642801,-0.00531078,0.99507082,0.99051634,-0.00455448,0.11422553,0.03716517,0.07706036,0.39960013,0.43366177,-0.03406164,0.19529626,0.03078840,0.16450786,0.25953694,0.03078840,0.22874855
adolescent,svm,isotonic,2,103,0.60194175,0.90291262,0.91262136,0.00970874,0.89457120,0.89850511,0.00393391,0.93548387,0.96774194,0.03225806,0.85365854,0.82926829,-0.02439024,0.97521637,0.97049567,-0.00472069,0.98479926,0.98055159,-0.00424767,0.12000760,0.06300450,0.05700310,0.41080341,0.50652241,-0.09571900,0.19402618,0.03145486,0.16257133,0.21995418,0.03873334,0.18122085
adolescent,svm,isotonic,3,103,0.60194175,0.90291262,0.90291262,0.00000000,0.89870181,0.90696302,0.00826121,0.91935484,0.88709677,-0.03225806,0.87804878,0.92682927,0.04878049,0.97482297,0.97383950,-0.00098348,0.98418945,0.98196811,-0.00222134,0.12191046,0.05940057,0.06250990,0.41523594,0.48852917,-0.07329323,0.19445737,0.04169514,0.15276222,0.22413732,0.04723034,0.17690697
adolescent,svm,isotonic,4,103,0.60194175,0.92233010,0.91262136,-0.00970874,0.91896145,0.91915814,0.00019670,0.93548387,0.88709677,-0.04838710,0.90243902,0.95121951,0.04878049,0.98347758,0.98072384,-0.00275374,0.98915760,0.98715729,-0.00200031,0.11634312,0.04725217,0.06909095,0.40362711,0.45553066,-0.05190355,0.22765237,0.02656290,0.20108947,0.23885677,0.06171568,0.17714109
adolescent,svm,isotonic,5,103,0.60194175,0.92233010,0.91262136,-0.00970874,0.91896145,0.91089693,-0.00806452,0.93548387,0.91935484,-0.01612903,0.90243902,0.90243902,0.00000000,0.98190401,0.97560976,-0.00629426,0.98866235,0.98370364,-0.00495870,0.11730950,0.06277393,0.05453557,0.40502466,0.50810636,-0.10308171,0.20091694,0.04733670,0.15358024,0.23768320,0.05767251,0.18001069
adolescent,svm,isotonic,6,103,0.60194175,0.90291262,0.89320388,-0.00970874,0.89457120,0.88650669,-0.00806452,0.93548387,0.91935484,-0.01612903,0.85365854,0.85365854,0.00000000,0.97875688,0.96951220,-0.00924469,0.98658082,0.97927347,-0.00730735,0.11832346,0.06847088,0.04985258,0.40777388,0.50985342,-0.10207953,0.21868461,0.05028265,0.16840196,0.21969889,0.05028265,0.16941624
adolescent,svm,isotonic,7,103,0.60194175,0.90291262,0.89320388,-0.00970874,0.89457120,0.88650669,-0.00806452,0.93548387,0.91935484,-0.01612903,0.85365854,0.85365854,0.00000000,0.97797010,0.96479150,-0.01317860,0.98570762,0.96664348,-0.01906414,0.11834187,0.06829138,0.05005049,0.40745313,0.83705596,-0.42960283,0.19669025,0.05594196,0.14074829,0.21811627,0.06575774,0.15235854
adolescent,svm,isotonic,8,103,0.60194175,0.91262136,0.90291262,-0.00970874,0.90263572,0.89457120,-0.00806452,0.95161290,0.93548387,-0.01612903,0.85365854,0.85365854,0.00000000,0.97915028,0.94846577,-0.03068450,0.98645720,0.94241923,-0.04403796,0.11492359,0.05956393,0.05535966,0.39957312,1.45747666,-1.05790354,0.20794782,0.05655255,0.15139527,0.22259743,0.07920627,0.14339116
adolescent,svm,isotonic,9,103,0.60194175,0.91262136,0.93203883,0.01941748,0.90676633,0.93115657,0.02439024,0.93548387,0.93548387,0.00000000,0.87804878,0.92682927,0.04878049,0.97915028,0.96597168,-0.01317860,0.98653535,0.96722489,-0.01931046,0.11682024,0.06166934,0.05515090,0.40329779,0.82357013,-0.42027234,0.20103544,0.04281129,0.15822415,0.22819061,0.06579739,0.16239323
adolescent,svm,beta,0,103,0.60194175,0.95145631,0.95145631,0.00000000,0.94728560,0.94728560,0.00000000,0.96774194,0.96774194,0.00000000,0.92682927,0.92682927,0.00000000,0.99488592,0.99527931,0.00039339,0.99676692,0.99698081,0.00021390,0.10940619,0.02896689,0.08043930,0.38971447,0.09410975,0.29560472,0.20869919,0.03191125,0.17678793,0.26441934,0.06007203,0.20434731
adolescent,svm,beta,1,103,0.60194175,0.94174757,0.94174757,0.00000000,0.93922109,0.93922109,0.00000000,0.95161290,0.95161290,0.00000000,0.92682927,0.92682927,0.00000000,0.99173879,0.98819827,-0.00354052,0.99507082,0.99374631,-0.00132451,0.11422553,0.03437172,0.07985382,0.39960013,0.13197915,0.26762098,0.19529626,0.01910287,0.17619339,0.25953694,0.04994869,0.20958825
adolescent,svm,beta,2,103,0.60194175,0.90291262,0.92233010,0.01941748,0.89457120,0.91896145,0.02439024,0.93548387,0.93548387,0.00000000,0.85365854,0.90243902,0.04878049,0.97521637,0.97600315,0.00078678,0.98479926,0.98562064,0.00082138,0.12000760,0.06062594,0.05938166,0.41080341,0.19951871,0.21128470,0.19402618,0.04046663,0.15355955,0.21995418,0.05346392,0.16649026
adolescent,svm,beta,3,103,0.60194175,0.90291262,0.89320388,-0.00970874,0.89870181,0.89476790,-0.00393391,0.91935484,0.88709677,-0.03225806,0.87804878,0.90243902,0.02439024,0.97482297,0.97600315,0.00118017,0.98418945,0.98606059,0.00187114,0.12191046,0.05816060,0.06374986,0.41523594,0.21015639,0.20507956,0.19445737,0.04459114,0.14986622,0.22413732,0.05908908,0.16504823
adolescent,svm,beta,4,103,0.60194175,0.92233010,0.93203883,0.00970874,0.91896145,0.92702596,0.00806452,0.93548387,0.95161290,0.01612903,0.90243902,0.90243902,0.00000000,0.98347758,0.98072384,-0.00275374,0.98915760,0.98851716,-0.00064044,0.11634312,0.05250090,0.06384222,0.40362711,0.16809238,0.23553473,0.22765237,0.03703983,0.19061254,0.23885677,0.04712592,0.19173085
adolescent,svm,beta,5,103,0.60194175,0.92233010,0.93203883,0.00970874,0.91896145,0.93115657,0.01219512,0.93548387,0.93548387,0.00000000,0.90243902,0.92682927,0.02439024,0.98190401,0.98033045,-0.00157356,0.98866235,0.98769332,-0.00096903,0.11730950,0.05758362,0.05972589,0.40502466,0.18012017,0.22490449,0.20091694,0.03982590,0.16109104,0.23768320,0.05546927,0.18221393
adolescent,svm,beta,6,103,0.60194175,0.90291262,0.89320388,-0.00970874,0.89457120,0.88650669,-0.00806452,0.93548387,0.91935484,-0.01612903,0.85365854,0.85365854,0.00000000,0.97875688,0.97010228,-0.00865460,0.98658082,0.98278362,-0.00379720,0.11832346,0.06736602,0.05095744,0.40777388,0.22066550,0.18710839,0.21868461,0.04340912,0.17527549,0.21969889,0.06918836,0.15051053
adolescent,svm,beta,7,103,0.60194175,0.90291262,0.92233010,0.01941748,0.89457120,0.91483084,0.02025964,0.93548387,0.95161290,0.01612903,0.85365854,0.87804878,0.02439024,0.97797010,0.97797010,0.00000000,0.98570762,0.98597122,0.00026360,0.11834187,0.06282043,0.05552144,0.40745313,0.20246628,0.20498685,0.19669025,0.03952104,0.15716921,0.21811627,0.07538286,0.14273341
adolescent,svm,beta,8,103,0.60194175,0.91262136,0.92233010,0.00970874,0.90263572,0.91070024,0.00806452,0.95161290,0.96774194,0.01612903,0.85365854,0.85365854,0.00000000,0.97915028,0.98347758,0.00432730,0.98645720,0.98945569,0.00299849,0.11492359,0.05907963,0.05584397,0.39957312,0.18020441,0.21936871,0.20794782,0.06117036,0.14677746,0.22259743,0.06117036,0.16142707
adolescent,svm,beta,9,103,0.60194175,0.91262136,0.93203883,0.01941748,0.90676633,0.92702596,0.02025964,0.93548387,0.95161290,0.01612903,0.87804878,0.90243902,0.02439024,0.97915028,0.98308419,0.00393391,0.98653535,0.98938510,0.00284975,0.11682024,0.04972400,0.06709623,0.40329779,0.15479899,0.24849880,0.20103544,0.02399432,0.17704111,0.22819061,0.03089798,0.19729263
adolescent,xgb,platt,0,103,0.60194175,0.95145631,0.95145631,0.00000000,0.94315500,0.94315500,0.00000000,0.98387097,0.98387097,0.00000000,0.90243902,0.90243902,0.00000000,0.98623131,0.98741149,0.00118017,0.99046366,0.99122198,0.00075831,0.04623625,0.04082019,0.00541606,0.16833339,0.14106255,0.02727084,0.07141998,0.04370846,0.02771151,0.09569603,0.05424982,0.04144621
adolescent,xgb,platt,1,103,0.60194175,0.95145631,0.93203883,-0.01941748,0.94728560,0.93115657,-0.01612903,0.96774194,0.93548387,-0.03225806,0.92682927,0.92682927,0.00000000,0.98859166,0.98859166,0.00000000,0.99266451,0.99260772,-0.00005679,0.05091543,0.04332469,0.00759074,0.18043716,0.14365867,0.03677849,0.06043992,0.03630688,0.02413304,0.08934092,0.05111672,0.03822420
adolescent,xgb,platt,2,103,0.60194175,0.88349515,0.88349515,0.00000000,0.87018096,0.87018096,0.00000000,0.93548387,0.93548387,0.00000000,0.80487805,0.80487805,0.00000000,0.97206924,0.97088906,-0.00118017,0.98221308,0.98195057,-0.00026251,0.07019891,0.07634508,-0.00614617,0.22257889,0.22565250,-0.00307361,0.04919058,0.04494825,0.00424233,0.07168235,0.07152151,0.00016084
adolescent,xgb,platt,3,103,0.60194175,0.93203883,0.92233010,-0.00970874,0.92289536,0.91896145,-0.00393391,0.96774194,0.93548387,-0.03225806,0.87804878,0.90243902,0.02439024,0.97915028,0.97560976,-0.00354052,0.98635258,0.98388295,-0.00246962,0.06012679,0.05973944,0.00038734,0.20415246,0.19375447,0.01039799,0.05508895,0.03207605,0.02301290,0.06093381,0.05199058,0.00894323
adolescent,xgb,platt,4,103,0.60194175,0.93203883,0.92233010,-0.00970874,0.93115657,0.92722266,-0.00393391,0.93548387,0.90322581,-0.03225806,0.92682927,0.95121951,0.02439024,0.98229740,0.98229740,-0.00000000,0.98869185,0.98917622,0.00048438,0.05624182,0.05398955,0.00225227,0.19067865,0.17108831,0.01959034,0.04298950,0.04079627,0.00219323,0.07999149,0.06101096,0.01898052
adolescent,xgb,platt,5,103,0.60194175,0.90291262,0.90291262,0.00000000,0.89870181,0.90696302,0.00826121,0.91935484,0.88709677,-0.03225806,0.87804878,0.92682927,0.04878049,0.97167585,0.95200629,-0.01966955,0.98152610,0.97013206,-0.01139404,0.06641127,0.08493138,-0.01852011,0.21579334,0.31988208,-0.10408874,0.05193991,0.07752378,-0.02558387,0.07330823,0.09125076,-0.01794252
adolescent,xgb,platt,6,103,0.60194175,0.92233010,0.91262136,-0.00970874,0.91070024,0.90676633,-0.00393391,0.96774194,0.93548387,-0.03225806,0.85365854,0.87804878,0.02439024,0.96813533,0.96656176,-0.00157356,0.97766884,0.97668164,-0.00098720,0.06691535,0.06953536,-0.00262001,0.22116476,0.22331089,-0.00214613,0.06143750,0.05399073,0.00744677,0.08502746,0.05589775,0.02912970
adolescent,xgb,platt,7,103,0.60194175,0.87378641,0.87378641,0.00000000,0.86211644,0.86211644,0.00000000,0.91935484,0.91935484,0.00000000,0.80487805,0.80487805,0.00000000,0.94649882,0.93509048,-0.01140834,0.95997784,0.94624104,-0.01373680,0.08185773,0.08983414,-0.00797641,0.26918518,0.32231602,-0.05313085,0.05098142,0.05487392,-0.00389250,0.05577692,0.08512469,-0.02934777
adolescent,xgb,platt,8,103,0.60194175,0.91262136,0.88349515,-0.02912621,0.90263572,0.87431157,-0.02832415,0.95161290,0.91935484,-0.03225806,0.85365854,0.82926829,-0.02439024,0.97364280,0.97049567,-0.00314713,0.98256639,0.98031538,-0.00225101,0.06306088,0.07091027,-0.00784939,0.20573605,0.21744979,-0.01171374,0.05825796,0.06454569,-0.00628774,0.08692360,0.08478330,0.00214031
adolescent,xgb,platt,9,103,0.60194175,0.93203883,0.94174757,0.00970874,0.91876475,0.93095987,0.01219512,0.98387097,0.98387097,0.00000000,0.85365854,0.87804878,0.02439024,0.99252557,0.99449253,0.00196696,0.99498958,0.99652888,0.00153930,0.04708884,0.03602104,0.01106780,0.17188932,0.12600492,0.04588440,0.09033650,0.06350772,0.02682878,0.09528264,0.06819799,0.02708465
adolescent,xgb,temperature,0,103,0.60194175,0.95145631,0.95145631,0.00000000,0.94315500,0.94315500,0.00000000,0.98387097,0.98387097,0.00000000,0.90243902,0.90243902,0.00000000,0.98623131,0.98662470,0.00039339,0.99046366,0.99063479,0.00017113,0.04623625,0.04241803,0.00381822,0.16833339,0.14723657,0.02109682,0.07141998,0.02979314,0.04162683,0.09569603,0.04902755,0.04666849
adolescent,xgb,temperature,1,103,0.60194175,0.95145631,0.95145631,0.00000000,0.94728560,0.94728560,0.00000000,0.96774194,0.96774194,0.00000000,0.92682927,0.92682927,0.00000000,0.98859166,0.98898505,0.00039339,0.99266451,0.99292956,0.00026505,0.05091543,0.04432871,0.00658672,0.18043716,0.14749572,0.03294144,0.06043992,0.02220279,0.03823713,0.08934092,0.06232875,0.02701217
adolescent,xgb,temperature,2,103,0.60194175,0.88349515,0.88349515,0.00000000,0.87018096,0.87018096,0.00000000,0.93548387,0.93548387,0.00000000,0.80487805,0.80487805,0.00000000,0.97206924,0.97600315,0.00393391,0.98221308,0.98509725,0.00288417,0.07019891,0.07458576,-0.00438685,0.22257889,0.22176869,0.00081020,0.04919058,0.06171102,-0.01252044,0.07168235,0.06567290,0.00600946
adolescent,xgb,temperature,3,103,0.60194175,0.93203883,0.93203883,0.00000000,0.92289536,0.92289536,0.00000000,0.96774194,0.96774194,0.00000000,0.87804878,0.87804878,0.00000000,0.97915028,0.97442958,-0.00472069,0.98635258,0.98279500,-0.00355758,0.06012679,0.05969223,0.00043455,0.20415246,0.19546575,0.00868671,0.05508895,0.03516336,0.01992559,0.06093381,0.05405094,0.00688287
adolescent,xgb,temperature,4,103,0.60194175,0.93203883,0.93203883,0.00000000,0.93115657,0.93115657,0.00000000,0.93548387,0.93548387,0.00000000,0.92682927,0.92682927,0.00000000,0.98229740,0.98347758,0.00118017,0.98869185,0.98972336,0.00103151,0.05624182,0.05199512,0.00424670,0.19067865,0.16450381,0.02617484,0.04298950,0.05702968,-0.01404018,0.07999149,0.07956489,0.00042659
adolescent,xgb,temperature,5,103,0.60194175,0.90291262,0.90291262,0.00000000,0.89870181,0.89870181,0.00000000,0.91935484,0.91935484,0.00000000,0.87804878,0.87804878,0.00000000,0.97167585,0.95830055,-0.01337530,0.98152610,0.97245941,-0.00906669,0.06641127,0.07617507,-0.00976380,0.21579334,0.26684128,-0.05104795,0.05193991,0.05415875,-0.00221884,0.07330823,0.07620262,-0.00289438
adolescent,xgb,temperature,6,103,0.60194175,0.92233010,0.92233010,0.00000000,0.91070024,0.91070024,0.00000000,0.96774194,0.96774194,0.00000000,0.85365854,0.85365854,0.00000000,0.96813533,0.96813533,-0.00000000,0.97766884,0.97743320,-0.00023564,0.06691535,0.06605708,0.00085827,0.22116476,0.22030954,0.00085523,0.06143750,0.03665483,0.02478267,0.08502746,0.07461892,0.01040853
adolescent,xgb,temperature,7,103,0.60194175,0.87378641,0.87378641,0.00000000,0.86211644,0.86211644,0.00000000,0.91935484,0.91935484,0.00000000,0.80487805,0.80487805,0.00000000,0.94649882,0.93430370,-0.01219512,0.95997784,0.94564925,-0.01432859,0.08185773,0.08739562,-0.00553789,0.26918518,0.32376077,-0.05457560,0.05098142,0.06891171,-0.01793029,0.05577692,0.06915798,-0.01338106
adolescent,xgb,temperature,8,103,0.60194175,0.91262136,0.91262136,0.00000000,0.90263572,0.90263572,0.00000000,0.95161290,0.95161290,0.00000000,0.85365854,0.85365854,0.00000000,0.97364280,0.97128245,-0.00236035,0.98256639,0.98078354,-0.00178285,0.06306088,0.06609102,-0.00303014,0.20573605,0.21259621,-0.00686016,0.05825796,0.04724961,0.01100834,0.08692360,0.07493924,0.01198436
adolescent,xgb,temperature,9,103,0.60194175,0.93203883,0.93203883,0.00000000,0.91876475,0.91876475,0.00000000,0.98387097,0.98387097,0.00000000,0.85365854,0.85365854,0.00000000,0.99252557,0.99291896,0.00039339,0.99498958,0.99539704,0.00040746,0.04708884,0.03995296,0.00713589,0.17188932,0.13569703,0.03619229,0.09033650,0.05636070,0.03397580,0.09528264,0.05910832,0.03617432
adolescent,xgb,histbin,0,103,0.60194175,0.95145631,0.93203883,-0.01941748,0.94315500,0.91876475,-0.02439024,0.98387097,0.98387097,0.00000000,0.90243902,0.85365854,-0.04878049,0.98623131,0.90243902,-0.08379229,0.99046366,0.87481506,-0.11564861,0.04623625,0.06306728,-0.01683102,0.16833339,1.80650202,-1.63816863,0.07141998,0.03530767,0.03611231,0.09569603,0.05588546,0.03981057
adolescent,xgb,histbin,1,103,0.60194175,0.95145631,0.93203883,-0.01941748,0.94728560,0.91463415,-0.03265146,0.96774194,1.00000000,0.03225806,0.92682927,0.82926829,-0.09756098,0.98859166,0.98072384,-0.00786782,0.99266451,0.98538131,-0.00728320,0.05091543,0.05157263,-0.00065720,0.18043716,0.15356544,0.02687172,0.06043992,0.01881763,0.04162230,0.08934092,0.05176336,0.03757756
adolescent,xgb,histbin,2,103,0.60194175,0.88349515,0.89320388,0.00970874,0.87018096,0.87411487,0.00393391,0.93548387,0.96774194,0.03225806,0.80487805,0.78048780,-0.02439024,0.97206924,0.86546027,-0.10660897,0.98221308,0.84040786,-0.14180521,0.07019891,0.09603877,-0.02583986,0.22257889,2.53649153,-2.31391264,0.04919058,0.08698663,-0.03779606,0.07168235,0.09718081,-0.02549846
adolescent,xgb,histbin,3,103,0.60194175,0.93203883,0.94174757,0.00970874,0.92289536,0.93509048,0.01219512,0.96774194,0.96774194,0.00000000,0.87804878,0.90243902,0.02439024,0.97915028,0.94217152,-0.03697876,0.98635258,0.93132596,-0.05502662,0.06012679,0.06871233,-0.00858555,0.20415246,1.49423492,-1.29008245,0.05508895,0.09196445,-0.03687550,0.06093381,0.09908419,-0.03815038
adolescent,xgb,histbin,4,103,0.60194175,0.93203883,0.93203883,0.00000000,0.93115657,0.93115657,0.00000000,0.93548387,0.93548387,0.00000000,0.92682927,0.92682927,0.00000000,0.98229740,0.95003934,-0.03225806,0.98869185,0.94623339,-0.04245846,0.05624182,0.06192395,-0.00568212,0.19067865,1.48761615,-1.29693750,0.04298950,0.07710012,-0.03411062,0.07999149,0.07888051,0.00111098
adolescent,xgb,histbin,5,103,0.60194175,0.90291262,0.85436893,-0.04854369,0.89870181,0.85424862,-0.04445319,0.91935484,0.85483871,-0.06451613,0.87804878,0.85365854,-0.02439024,0.97167585,0.89929190,-0.07238395,0.98152610,0.91179685,-0.06972926,0.06641127,0.12270119,-0.05628992,0.21579334,3.25402475,-3.03823142,0.05193991,0.13400257,-0.08206266,0.07330823,0.15730354,-0.08399531
adolescent,xgb,histbin,6,103,0.60194175,0.92233010,0.87378641,-0.04854369,0.91070024,0.85798584,-0.05271440,0.96774194,0.93548387,-0.03225806,0.85365854,0.78048780,-0.07317073,0.96813533,0.89693155,-0.07120378,0.97766884,0.88787449,-0.08979435,0.06691535,0.10677794,-0.03986259,0.22116476,2.24144065,-2.02027589,0.06143750,0.09600863,-0.03457113,0.08502746,0.11984898,-0.03482152
adolescent,xgb,histbin,7,103,0.60194175,0.87378641,0.86407767,-0.00970874,0.86211644,0.85818253,-0.00393391,0.91935484,0.88709677,-0.03225806,0.80487805,0.82926829,0.02439024,0.94649882,0.85011802,-0.09638080,0.95997784,0.83545335,-0.12452449,0.08185773,0.12804043,-0.04618269,0.26918518,3.59583060,-3.32664542,0.05098142,0.10889968,-0.05791826,0.05577692,0.13710125,-0.08132433
adolescent,xgb,histbin,8,103,0.60194175,0.91262136,0.88349515,-0.02912621,0.90263572,0.87018096,-0.03245476,0.95161290,0.93548387,-0.01612903,0.85365854,0.80487805,-0.04878049,0.97364280,0.94059795,-0.03304485,0.98256639,0.93233626,-0.05023013,0.06306088,0.07707193,-0.01401106,0.20573605,1.18780683,-0.98207078,0.05825796,0.06617039,-0.00791243,0.08692360,0.07264288,0.01428072
adolescent,xgb,histbin,9,103,0.60194175,0.93203883,0.94174757,0.00970874,0.91876475,0.93095987,0.01219512,0.98387097,0.98387097,0.00000000,0.85365854,0.87804878,0.02439024,0.99252557,0.93509048,-0.05743509,0.99498958,0.92145447,-0.07353511,0.04708884,0.05569151,-0.00860267,0.17188932,1.46451399,-1.29262467,0.09033650,0.06244954,0.02788695,0.09528264,0.06244954,0.03283309
adolescent,xgb,isotonic,0,103,0.60194175,0.95145631,0.94174757,-0.00970874,0.94315500,0.93095987,-0.01219512,0.98387097,0.98387097,0.00000000,0.90243902,0.87804878,-0.02439024,0.98623131,0.98662470,0.00039339,0.99046366,0.99021770,-0.00024596,0.04623625,0.04282190,0.00341436,0.16833339,0.13210393,0.03622946,0.07141998,0.02172417,0.04969581,0.09569603,0.02172417,0.07397186
adolescent,xgb,isotonic,1,103,0.60194175,0.95145631,0.93203883,-0.01941748,0.94728560,0.92289536,-0.02439024,0.96774194,0.96774194,0.00000000,0.92682927,0.87804878,-0.04878049,0.98859166,0.97816680,-0.01042486,0.99266451,0.98433072,-0.00833379,0.05091543,0.04927084,0.00164459,0.18043716,0.47247058,-0.29203343,0.06043992,0.02407742,0.03636251,0.08934092,0.03985357,0.04948734
adolescent,xgb,isotonic,2,103,0.60194175,0.88349515,0.87378641,-0.00970874,0.87018096,0.85798584,-0.01219512,0.93548387,0.93548387,0.00000000,0.80487805,0.78048780,-0.02439024,0.97206924,0.95259638,-0.01947286,0.98221308,0.96570972,-0.01650336,0.07019891,0.08478972,-0.01459081,0.22257889,0.89619099,-0.67361210,0.04919058,0.05609517,-0.00690459,0.07168235,0.06970216,0.00198019
adolescent,xgb,isotonic,3,103,0.60194175,0.93203883,0.95145631,0.01941748,0.92289536,0.94315500,0.02025964,0.96774194,0.98387097,0.01612903,0.87804878,0.90243902,0.02439024,0.97915028,0.96557828,-0.01357199,0.98635258,0.96638073,-0.01997184,0.06012679,0.05433087,0.00579592,0.20415246,0.81236412,-0.60821165,0.05508895,0.04075796,0.01433098,0.06093381,0.06510230,-0.00416849
adolescent,xgb,isotonic,4,103,0.60194175,0.93203883,0.93203883,0.00000000,0.93115657,0.93528718,0.00413061,0.93548387,0.91935484,-0.01612903,0.92682927,0.95121951,0.02439024,0.98229740,0.96577498,-0.01652242,0.98869185,0.97633225,-0.01235959,0.05624182,0.06653351,-0.01029169,0.19067865,1.17900195,-0.98832330,0.04298950,0.07354323,-0.03055373,0.07999149,0.07354323,0.00644826
adolescent,xgb,isotonic,5,103,0.60194175,0.90291262,0.89320388,-0.00970874,0.89870181,0.89476790,-0.00393391,0.91935484,0.88709677,-0.03225806,0.87804878,0.90243902,0.02439024,0.97167585,0.92800944,-0.04366640,0.98152610,0.93122495,-0.05030115,0.06641127,0.09847619,-0.03206492,0.21579334,2.21697945,-2.00118611,0.05193991,0.08790314,-0.03596324,0.07330823,0.09955363,-0.02624540
adolescent,xgb,isotonic,6,103,0.60194175,0.92233010,0.92233010,0.00000000,0.91070024,0.90656963,-0.00413061,0.96774194,0.98387097,0.01612903,0.85365854,0.82926829,-0.02439024,0.96813533,0.93489378,-0.03324154,0.97766884,0.92609839,-0.05157045,0.06691535,0.07849284,-0.01157749,0.22116476,1.20347843,-0.98231366,0.06143750,0.09040251,-0.02896501,0.08502746,0.09595036,-0.01092291
adolescent,xgb,isotonic,7,103,0.60194175,0.87378641,0.86407767,-0.00970874,0.86211644,0.84992132,-0.01219512,0.91935484,0.91935484,0.00000000,0.80487805,0.78048780,-0.02439024,0.94649882,0.90617624,-0.04032258,0.95997784,0.89534261,-0.06463524,0.08185773,0.10729279,-0.02543506,0.26918518,1.90689096,-1.63770579,0.05098142,0.11711218,-0.06613076,0.05577692,0.13328079,-0.07750387
adolescent,xgb,isotonic,8,103,0.60194175,0.91262136,0.86407767,-0.04854369,0.90263572,0.85818253,-0.04445319,0.95161290,0.88709677,-0.06451613,0.85365854,0.82926829,-0.02439024,0.97364280,0.95338316,-0.02025964,0.98256639,0.95855882,-0.02400757,0.06306088,0.08376812,-0.02070724,0.20573605,0.88167008,-0.67593403,0.05825796,0.08361353,-0.02535557,0.08692360,0.08890981,-0.00198621
adolescent,xgb,isotonic,9,103,0.60194175,0.93203883,0.93203883,0.00000000,0.91876475,0.91876475,0.00000000,0.98387097,0.98387097,0.00000000,0.85365854,0.85365854,0.00000000,0.99252557,0.98446105,-0.00806452,0.99498958,0.98894624,-0.00604334,0.04708884,0.04977853,-0.00268969,0.17188932,0.15137220,0.02051712,0.09033650,0.01377397,0.07656252,0.09528264,0.03166811,0.06361453
adolescent,xgb,beta,0,103,0.60194175,0.95145631,0.95145631,0.00000000,0.94315500,0.94315500,0.00000000,0.98387097,0.98387097,0.00000000,0.90243902,0.90243902,0.00000000,0.98623131,0.98426436,-0.00196696,0.99046366,0.98864910,-0.00181457,0.04623625,0.04160451,0.00463174,0.16833339,0.14588743,0.02244596,0.07141998,0.01976623,0.05165374,0.09569603,0.04192949,0.05376655
adolescent,xgb,beta,1,103,0.60194175,0.95145631,0.93203883,-0.01941748,0.94728560,0.93115657,-0.01612903,0.96774194,0.93548387,-0.03225806,0.92682927,0.92682927,0.00000000,0.98859166,0.98859166,-0.00000000,0.99266451,0.99257848,-0.00008603,0.05091543,0.04311303,0.00780241,0.18043716,0.13995024,0.04048691,0.06043992,0.03408789,0.02635203,0.08934092,0.03966542,0.04967550
adolescent,xgb,beta,2,103,0.60194175,0.88349515,0.88349515,0.00000000,0.87018096,0.87018096,0.00000000,0.93548387,0.93548387,0.00000000,0.80487805,0.80487805,0.00000000,0.97206924,0.97049567,-0.00157356,0.98221308,0.98171145,-0.00050163,0.07019891,0.07943785,-0.00923895,0.22257889,0.23786985,-0.01529095,0.04919058,0.06608651,-0.01689593,0.07168235,0.08041788,-0.00873553
adolescent,xgb,beta,3,103,0.60194175,0.93203883,0.91262136,-0.01941748,0.92289536,0.91089693,-0.01199843,0.96774194,0.91935484,-0.04838710,0.87804878,0.90243902,0.02439024,0.97915028,0.97678993,-0.00236035,0.98635258,0.98450311,-0.00184947,0.06012679,0.05759233,0.00253446,0.20415246,0.18450209,0.01965038,0.05508895,0.02884439,0.02624456,0.06093381,0.05319327,0.00774054
adolescent,xgb,beta,4,103,0.60194175,0.93203883,0.91262136,-0.01941748,0.93115657,0.91502754,-0.01612903,0.93548387,0.90322581,-0.03225806,0.92682927,0.92682927,0.00000000,0.98229740,0.98387097,0.00157356,0.98869185,0.99006169,0.00136984,0.05624182,0.05394373,0.00229809,0.19067865,0.17308337,0.01759528,0.04298950,0.04778590,-0.00479641,0.07999149,0.06450616,0.01548533
adolescent,xgb,beta,5,103,0.60194175,0.90291262,0.90291262,0.00000000,0.89870181,0.90696302,0.00826121,0.91935484,0.88709677,-0.03225806,0.87804878,0.92682927,0.04878049,0.97167585,0.95003934,-0.02163651,0.98152610,0.96186679,-0.01965931,0.06641127,0.08356906,-0.01715780,0.21579334,0.31423832,-0.09844499,0.05193991,0.07319700,-0.02125709,0.07330823,0.08961280,-0.01630457
adolescent,xgb,beta,6,103,0.60194175,0.92233010,0.91262136,-0.00970874,0.91070024,0.90676633,-0.00393391,0.96774194,0.93548387,-0.03225806,0.85365854,0.87804878,0.02439024,0.96813533,0.96577498,-0.00236035,0.97766884,0.97608632,-0.00158252,0.06691535,0.06938674,-0.00247139,0.22116476,0.22418875,-0.00302398,0.06143750,0.05472641,0.00671109,0.08502746,0.05792225,0.02710520
adolescent,xgb,beta,7,103,0.60194175,0.87378641,0.87378641,0.00000000,0.86211644,0.86211644,0.00000000,0.91935484,0.91935484,0.00000000,0.80487805,0.80487805,0.00000000,0.94649882,0.91030685,-0.03619197,0.95997784,0.90272301,-0.05725483,0.08185773,0.09717562,-0.01531789,0.26918518,0.40343757,-0.13425239,0.05098142,0.07356724,-0.02258582,0.05577692,0.08476761,-0.02899070
adolescent,xgb,beta,8,103,0.60194175,0.91262136,0.89320388,-0.01941748,0.90263572,0.88237608,-0.02025964,0.95161290,0.93548387,-0.01612903,0.85365854,0.82926829,-0.02439024,0.97364280,0.96774194,-0.00590087,0.98256639,0.97855873,-0.00400766,0.06306088,0.07426930,-0.01120842,0.20573605,0.22581568,-0.02007964,0.05825796,0.06061552,-0.00235756,0.08692360,0.07237130,0.01455231
adolescent,xgb,beta,9,103,0.60194175,0.93203883,0.94174757,0.00970874,0.91876475,0.93095987,0.01219512,0.98387097,0.98387097,0.00000000,0.85365854,0.87804878,0.02439024,0.99252557,0.99370574,0.00118017,0.99498958,0.99602112,0.00103153,0.04708884,0.03885344,0.00823541,0.17188932,0.13197717,0.03991215,0.09033650,0.03735065,0.05298584,0.09528264,0.04447213,0.05081051
adolescent,adaboost,platt,0,103,0.60194175,0.85436893,0.87378641,0.01941748,0.81707317,0.85798584,0.04091267,1.00000000,0.93548387,-0.06451613,0.63414634,0.78048780,0.14634146,0.95121951,0.95043273,-0.00078678,0.96429565,0.96457601,0.00028036,0.13075063,0.08501103,0.04573960,0.43083806,0.26997799,0.16086007,0.17179226,0.06148464,0.11030762,0.17179226,0.08456220,0.08723006
adolescent,adaboost,platt,1,103,0.60194175,0.83495146,0.84466019,0.00970874,0.80094414,0.82966168,0.02871755,0.96774194,0.90322581,-0.06451613,0.63414634,0.75609756,0.12195122,0.94413847,0.94138474,-0.00275374,0.96372901,0.96191634,-0.00181266,0.13241220,0.09756985,0.03484235,0.43359091,0.29745607,0.13613484,0.17938269,0.02956551,0.14981717,0.17938269,0.08683653,0.09254616
adolescent,adaboost,platt,2,103,0.60194175,0.78640777,0.79611650,0.00970874,0.74822974,0.76868607,0.02045633,0.93548387,0.90322581,-0.03225806,0.56097561,0.63414634,0.07317073,0.91129032,0.90106216,-0.01022817,0.94164557,0.93450628,-0.00713929,0.14325824,0.12812135,0.01513689,0.45529281,0.39505384,0.06023898,0.18381803,0.06256400,0.12125403,0.18381803,0.10734761,0.07647041
adolescent,adaboost,platt,3,103,0.60194175,0.75728155,0.76699029,0.00970874,0.71577498,0.74862313,0.03284815,0.91935484,0.83870968,-0.08064516,0.51219512,0.65853659,0.14634146,0.87490165,0.87214792,-0.00275374,0.91988143,0.92133405,0.00145262,0.15790230,0.14777333,0.01012896,0.48861580,0.45330097,0.03531483,0.12655699,0.06035641,0.06620058,0.12655699,0.08431843,0.04223856
adolescent,adaboost,platt,4,103,0.60194175,0.81553398,0.85436893,0.03883495,0.77655389,0.84185681,0.06530291,0.96774194,0.90322581,-0.06451613,0.58536585,0.78048780,0.19512195,0.91384736,0.89575138,-0.01809599,0.94042541,0.92947590,-0.01094951,0.14221151,0.12559628,0.01661523,0.45455966,0.40168548,0.05287418,0.16150489,0.04946143,0.11204346,0.16150489,0.08937602,0.07212887
adolescent,adaboost,platt,5,103,0.60194175,0.83495146,0.82524272,-0.00970874,0.79681353,0.81353265,0.01671912,0.98387097,0.87096774,-0.11290323,0.60975610,0.75609756,0.14634146,0.92899292,0.91640441,-0.01258851,0.95423015,0.93821422,-0.01601594,0.13727860,0.10986992,0.02740867,0.44409917,0.35464480,0.08945438,0.14398420,0.04184525,0.10213895,0.14398420,0.06609340,0.07789081
adolescent,adaboost,platt,6,103,0.60194175,0.82524272,0.83495146,0.00970874,0.79287962,0.81746656,0.02458694,0.95161290,0.90322581,-0.04838710,0.63414634,0.73170732,0.09756098,0.91994493,0.91050354,-0.00944138,0.94540101,0.93865863,-0.00674238,0.13749763,0.11794673,0.01955090,0.44340067,0.36251078,0.08088990,0.11688877,0.04507862,0.07181015,0.13614199,0.06481339,0.07132860
adolescent,adaboost,platt,7,103,0.60194175,0.81553398,0.84466019,0.02912621,0.78068450,0.82553108,0.04484658,0.95161290,0.91935484,-0.03225806,0.60975610,0.73170732,0.12195122,0.86152636,0.85090480,-0.01062156,0.85491935,0.84856920,-0.00635015,0.14746327,0.13306304,0.01440024,0.47163745,0.48306939,-0.01143194,0.14068553,0.07138309,0.06930244,0.14068553,0.10696383,0.03372171
adolescent,adaboost,platt,8,103,0.60194175,0.84466019,0.84466019,0.00000000,0.80900865,0.82553108,0.01652242,0.98387097,0.91935484,-0.06451613,0.63414634,0.73170732,0.09756098,0.94059795,0.93076318,-0.00983478,0.96038506,0.95061854,-0.00976652,0.13469751,0.10332308,0.03137443,0.43916391,0.32333203,0.11583188,0.17878037,0.06419872,0.11458165,0.17878037,0.07885745,0.09992292
adolescent,adaboost,platt,9,103,0.60194175,0.84466019,0.84466019,0.00000000,0.80900865,0.82553108,0.01652242,0.98387097,0.91935484,-0.06451613,0.63414634,0.73170732,0.09756098,0.93607396,0.93450039,-0.00157356,0.95445498,0.95140469,-0.00305029,0.13247166,0.09952107,0.03295059,0.43275051,0.32062705,0.11212346,0.18360508,0.03802954,0.14557554,0.18360508,0.06716523,0.11643985
adolescent,adaboost,temperature,0,103,0.60194175,0.85436893,0.85436893,0.00000000,0.81707317,0.81707317,0.00000000,1.00000000,1.00000000,0.00000000,0.63414634,0.63414634,0.00000000,0.95121951,0.95082612,-0.00039339,0.96429565,0.96344318,-0.00085248,0.13075063,0.10382289,0.02692773,0.43083806,0.32958921,0.10124885,0.17179226,0.10471510,0.06707716,0.17179226,0.10471510,0.06707716
adolescent,adaboost,temperature,1,103,0.60194175,0.83495146,0.83495146,0.00000000,0.80094414,0.80094414,0.00000000,0.96774194,0.96774194,0.00000000,0.63414634,0.63414634,0.00000000,0.94413847,0.94059795,-0.00354052,0.96372901,0.96049302,-0.00323599,0.13241220,0.11003783,0.02237437,0.43359091,0.33939852,0.09419240,0.17938269,0.07862588,0.10075681,0.17938269,0.12163864,0.05774405
adolescent,adaboost,temperature,2,103,0.60194175,0.78640777,0.78640777,0.00000000,0.74822974,0.74822974,0.00000000,0.93548387,0.93548387,0.00000000,0.56097561,0.56097561,0.00000000,0.91129032,0.90538946,-0.00590087,0.94164557,0.93700012,-0.00464545,0.14325824,0.13154068,0.01171756,0.45529281,0.40225631,0.05303650,0.18381803,0.05207694,0.13174109,0.18381803,0.07993501,0.10388302
adolescent,adaboost,temperature,3,103,0.60194175,0.75728155,0.75728155,0.00000000,0.71577498,0.71577498,0.00000000,0.91935484,0.91935484,0.00000000,0.51219512,0.51219512,0.00000000,0.87490165,0.87608183,0.00118017,0.91988143,0.92321350,0.00333207,0.15790230,0.15177520,0.00612709,0.48861580,0.44694137,0.04167442,0.12655699,0.07516439,0.05139260,0.12655699,0.08748399,0.03907300
adolescent,adaboost,temperature,4,103,0.60194175,0.81553398,0.81553398,0.00000000,0.77655389,0.77655389,0.00000000,0.96774194,0.96774194,0.00000000,0.58536585,0.58536585,0.00000000,0.91384736,0.89693155,-0.01691581,0.94042541,0.92638416,-0.01404124,0.14221151,0.13301974,0.00919177,0.45455966,0.41099347,0.04356620,0.16150489,0.10537129,0.05613360,0.16150489,0.13867713,0.02282776
adolescent,adaboost,temperature,5,103,0.60194175,0.83495146,0.83495146,0.00000000,0.79681353,0.79681353,0.00000000,0.98387097,0.98387097,0.00000000,0.60975610,0.60975610,0.00000000,0.92899292,0.92269866,-0.00629426,0.95423015,0.94579419,-0.00843596,0.13727860,0.11725796,0.02002063,0.44409917,0.36521949,0.07887968,0.14398420,0.07211201,0.07187219,0.14398420,0.07946921,0.06451500
adolescent,adaboost,temperature,6,103,0.60194175,0.82524272,0.82524272,0.00000000,0.79287962,0.79287962,0.00000000,0.95161290,0.95161290,0.00000000,0.63414634,0.63414634,0.00000000,0.91994493,0.91365067,-0.00629426,0.94540101,0.93856821,-0.00683280,0.13749763,0.12232101,0.01517662,0.44340067,0.38419068,0.05920999,0.11688877,0.07249132,0.04439745,0.13614199,0.08068407,0.05545792
adolescent,adaboost,temperature,7,103,0.60194175,0.81553398,0.81553398,0.00000000,0.78068450,0.78068450,0.00000000,0.95161290,0.95161290,0.00000000,0.60975610,0.60975610,0.00000000,0.86152636,0.84107002,-0.02045633,0.85491935,0.80895816,-0.04596119,0.14746327,0.13332996,0.01413332,0.47163745,0.48350990,-0.01187245,0.14068553,0.07324006,0.06744547,0.14068553,0.11559626,0.02508927
adolescent,adaboost,temperature,8,103,0.60194175,0.84466019,0.84466019,0.00000000,0.80900865,0.80900865,0.00000000,0.98387097,0.98387097,0.00000000,0.63414634,0.63414634,0.00000000,0.94059795,0.93469709,-0.00590087,0.96038506,0.95480872,-0.00557634,0.13469751,0.11470647,0.01999104,0.43916391,0.35678805,0.08237585,0.17878037,0.07598993,0.10279044,0.17878037,0.09121859,0.08756178
adolescent,adaboost,temperature,9,103,0.60194175,0.84466019,0.84466019,0.00000000,0.80900865,0.80900865,0.00000000,0.98387097,0.98387097,0.00000000,0.63414634,0.63414634,0.00000000,0.93607396,0.92584579,-0.01022817,0.95445498,0.94454509,-0.00990989,0.13247166,0.11552863,0.01694303,0.43275051,0.36452900,0.06822151,0.18360508,0.07969029,0.10391479,0.18360508,0.10581051,0.07779457
adolescent,adaboost,histbin,0,103,0.60194175,0.85436893,0.85436893,0.00000000,0.81707317,0.83359559,0.01652242,1.00000000,0.93548387,-0.06451613,0.63414634,0.73170732,0.09756098,0.95121951,0.92486231,-0.02635720,0.96429565,0.93086093,-0.03343473,0.13075063,0.10377801,0.02697262,0.43083806,0.62778364,-0.19694558,0.17179226,0.03251072,0.13928154,0.17179226,0.04859949,0.12319277
adolescent,adaboost,histbin,1,103,0.60194175,0.83495146,0.85436893,0.01941748,0.80094414,0.82533438,0.02439024,0.96774194,0.96774194,0.00000000,0.63414634,0.68292683,0.04878049,0.94413847,0.91935484,-0.02478363,0.96372901,0.93283407,-0.03089493,0.13241220,0.10510751,0.02730468,0.43359091,0.33493715,0.09865376,0.17938269,0.03809552,0.14128716,0.17938269,0.09078390,0.08859878
adolescent,adaboost,histbin,2,103,0.60194175,0.78640777,0.75728155,-0.02912621,0.74822974,0.73642801,-0.01180173,0.93548387,0.83870968,-0.09677419,0.56097561,0.63414634,0.07317073,0.91129032,0.83772620,-0.07356412,0.94164557,0.87068972,-0.07095584,0.14325824,0.15861680,-0.01535856,0.45529281,0.80291107,-0.34761826,0.18381803,0.12169809,0.06211993,0.18381803,0.15007748,0.03374055
adolescent,adaboost,histbin,3,103,0.60194175,0.75728155,0.72815534,-0.02912621,0.71577498,0.69984264,-0.01593234,0.91935484,0.83870968,-0.08064516,0.51219512,0.56097561,0.04878049,0.87490165,0.82749803,-0.04740362,0.91988143,0.88409803,-0.03578341,0.15790230,0.17592621,-0.01802391,0.48861580,1.46691832,-0.97830252,0.12655699,0.14475383,-0.01819684,0.12655699,0.15946404,-0.03290705
adolescent,adaboost,histbin,4,103,0.60194175,0.81553398,0.80582524,-0.00970874,0.77655389,0.78501180,0.00845791,0.96774194,0.88709677,-0.08064516,0.58536585,0.68292683,0.09756098,0.91384736,0.84284028,-0.07100708,0.94042541,0.88408894,-0.05633647,0.14221151,0.15217735,-0.00996584,0.45455966,0.76213150,-0.30757184,0.16150489,0.05919905,0.10230584,0.16150489,0.09194389,0.06956100
adolescent,adaboost,histbin,5,103,0.60194175,0.83495146,0.81553398,-0.01941748,0.79681353,0.79307632,-0.00373721,0.98387097,0.90322581,-0.08064516,0.60975610,0.68292683,0.07317073,0.92899292,0.88001574,-0.04897718,0.95423015,0.89999777,-0.05423239,0.13727860,0.13328730,0.00399130,0.44409917,1.03546938,-0.59137021,0.14398420,0.07638288,0.06760132,0.14398420,0.08382205,0.06016216
adolescent,adaboost,histbin,6,103,0.60194175,0.82524272,0.77669903,-0.04854369,0.79287962,0.77321007,-0.01966955,0.95161290,0.79032258,-0.16129032,0.63414634,0.75609756,0.12195122,0.91994493,0.88394965,-0.03599528,0.94540101,0.91683487,-0.02856614,0.13749763,0.13263576,0.00486187,0.44340067,0.39115886,0.05224181,0.11688877,0.06077652,0.05611225,0.13614199,0.08288257,0.05325942
adolescent,adaboost,histbin,7,103,0.60194175,0.81553398,0.82524272,0.00970874,0.78068450,0.80114083,0.02045633,0.95161290,0.91935484,-0.03225806,0.60975610,0.68292683,0.07317073,0.86152636,0.84579072,-0.01573564,0.85491935,0.83243211,-0.02248724,0.14746327,0.14024019,0.00722308,0.47163745,2.03547562,-1.56383817,0.14068553,0.05985083,0.08083470,0.14068553,0.09994196,0.04074357
adolescent,adaboost,histbin,8,103,0.60194175,0.84466019,0.85436893,0.00970874,0.80900865,0.83359559,0.02458694,0.98387097,0.93548387,-0.04838710,0.63414634,0.73170732,0.09756098,0.94059795,0.91089693,-0.02970102,0.96038506,0.92040161,-0.03998345,0.13469751,0.11035244,0.02434507,0.43916391,0.65697076,-0.21780685,0.17878037,0.03853388,0.14024649,0.17878037,0.05477241,0.12400796
adolescent,adaboost,histbin,9,103,0.60194175,0.84466019,0.87378641,0.02912621,0.80900865,0.84972463,0.04071597,0.98387097,0.96774194,-0.01612903,0.63414634,0.73170732,0.09756098,0.93607396,0.93568057,-0.00039339,0.95445498,0.95077768,-0.00367730,0.13247166,0.09738052,0.03509114,0.43275051,0.30051466,0.13223585,0.18360508,0.02869130,0.15491378,0.18360508,0.04533486,0.13827022
adolescent,adaboost,isotonic,0,103,0.60194175,0.85436893,0.85436893,0.00000000,0.81707317,0.83359559,0.01652242,1.00000000,0.93548387,-0.06451613,0.63414634,0.73170732,0.09756098,0.95121951,0.92800944,-0.02321007,0.96429565,0.93705810,-0.02723755,0.13075063,0.09994363,0.03080700,0.43083806,0.61736455,-0.18652649,0.17179226,0.05591544,0.11587682,0.17179226,0.06627142,0.10552084
adolescent,adaboost,isotonic,1,103,0.60194175,0.83495146,0.86407767,0.02912621,0.80094414,0.83752950,0.03658537,0.96774194,0.96774194,0.00000000,0.63414634,0.70731707,0.07317073,0.94413847,0.93410700,-0.01003147,0.96372901,0.95140056,-0.01232844,0.13241220,0.10057728,0.03183491,0.43359091,0.29897810,0.13461281,0.17938269,0.04620888,0.13317381,0.17938269,0.08842585,0.09095683
adolescent,adaboost,isotonic,2,103,0.60194175,0.78640777,0.77669903,-0.00970874,0.74822974,0.74842644,0.00019670,0.93548387,0.88709677,-0.04838710,0.56097561,0.60975610,0.04878049,0.91129032,0.88670338,-0.02458694,0.94164557,0.92310896,-0.01853661,0.14325824,0.13763531,0.00562293,0.45529281,0.73124783,-0.27595502,0.18381803,0.08750919,0.09630883,0.18381803,0.09915968,0.08465835
adolescent,adaboost,isotonic,3,103,0.60194175,0.75728155,0.76699029,0.00970874,0.71577498,0.74036192,0.02458694,0.91935484,0.87096774,-0.04838710,0.51219512,0.60975610,0.09756098,0.87490165,0.86152636,-0.01337530,0.91988143,0.90711603,-0.01276540,0.15790230,0.15387164,0.00403066,0.48861580,1.41566232,-0.92704652,0.12655699,0.09856224,0.02799475,0.12655699,0.10288640,0.02367059
adolescent,adaboost,isotonic,4,103,0.60194175,0.81553398,0.80582524,-0.00970874,0.77655389,0.78914241,0.01258851,0.96774194,0.87096774,-0.09677419,0.58536585,0.70731707,0.12195122,0.91384736,0.87116444,-0.04268293,0.94042541,0.91138725,-0.02903815,0.14221151,0.14545478,-0.00324327,0.45455966,1.39047003,-0.93591037,0.16150489,0.09069961,0.07080528,0.16150489,0.10166236,0.05984253
adolescent,adaboost,isotonic,5,103,0.60194175,0.83495146,0.83495146,0.00000000,0.79681353,0.81333596,0.01652242,0.98387097,0.91935484,-0.06451613,0.60975610,0.70731707,0.09756098,0.92899292,0.90597954,-0.02301338,0.95423015,0.92363841,-0.03059174,0.13727860,0.12367474,0.01360385,0.44409917,1.00905540,-0.56495623,0.14398420,0.06592514,0.07805907,0.14398420,0.09197356,0.05201065
adolescent,adaboost,isotonic,6,103,0.60194175,0.82524272,0.80582524,-0.01941748,0.79287962,0.78501180,-0.00786782,0.95161290,0.88709677,-0.06451613,0.63414634,0.68292683,0.04878049,0.91994493,0.91070024,-0.00924469,0.94540101,0.93563482,-0.00976618,0.13749763,0.11944130,0.01805633,0.44340067,0.35121439,0.09218628,0.11688877,0.06343731,0.05345146,0.13614199,0.07205162,0.06409037
adolescent,adaboost,isotonic,7,103,0.60194175,0.81553398,0.83495146,0.01941748,0.78068450,0.81746656,0.03678206,0.95161290,0.90322581,-0.04838710,0.60975610,0.73170732,0.12195122,0.86152636,0.85306845,-0.00845791,0.85491935,0.83953285,-0.01538650,0.14746327,0.13617664,0.01128663,0.47163745,2.01999993,-1.54836248,0.14068553,0.07614098,0.06454456,0.14068553,0.07657871,0.06410683
adolescent,adaboost,isotonic,8,103,0.60194175,0.84466019,0.83495146,-0.00970874,0.80900865,0.81746656,0.00845791,0.98387097,0.90322581,-0.08064516,0.63414634,0.73170732,0.09756098,0.94059795,0.92368214,-0.01691581,0.96038506,0.93109182,-0.02929324,0.13469751,0.10912528,0.02557223,0.43916391,0.64727349,-0.20810958,0.17878037,0.04836489,0.13041548,0.17878037,0.05845405,0.12032632
adolescent,adaboost,isotonic,9,103,0.60194175,0.84466019,0.86407767,0.01941748,0.80900865,0.84166011,0.03265146,0.98387097,0.95161290,-0.03225806,0.63414634,0.73170732,0.09756098,0.93607396,0.93056648,-0.00550747,0.95445498,0.93818397,-0.01627101,0.13247166,0.10181890,0.03065276,0.43275051,0.95243639,-0.51968588,0.18360508,0.05410860,0.12949648,0.18360508,0.06478894,0.11881614
adolescent,adaboost,beta,0,103,0.60194175,0.85436893,0.86407767,0.00970874,0.81707317,0.84579072,0.02871755,1.00000000,0.93548387,-0.06451613,0.63414634,0.75609756,0.12195122,0.95121951,0.95003934,-0.00118017,0.96429565,0.96376982,-0.00052583,0.13075063,0.08491980,0.04583082,0.43083806,0.26884766,0.16199040,0.17179226,0.06519972,0.10659254,0.17179226,0.06519972,0.10659254
adolescent,adaboost,beta,1,103,0.60194175,0.83495146,0.83495146,0.00000000,0.80094414,0.81746656,0.01652242,0.96774194,0.90322581,-0.06451613,0.63414634,0.73170732,0.09756098,0.94413847,0.93941778,-0.00472069,0.96372901,0.96002481,-0.00370420,0.13241220,0.09891495,0.03349724,0.43359091,0.30290024,0.13069067,0.17938269,0.03906447,0.14031822,0.17938269,0.10459292,0.07478977
adolescent,adaboost,beta,2,103,0.60194175,0.78640777,0.79611650,0.00970874,0.74822974,0.76455547,0.01632573,0.93548387,0.91935484,-0.01612903,0.56097561,0.60975610,0.04878049,0.91129032,0.88926042,-0.02202990,0.94164557,0.92363443,-0.01801114,0.14325824,0.13377387,0.00948436,0.45529281,0.41187577,0.04341704,0.18381803,0.04123153,0.14258650,0.18381803,0.05754664,0.12627139
adolescent,adaboost,beta,3,103,0.60194175,0.75728155,0.77669903,0.01941748,0.71577498,0.75668765,0.04091267,0.91935484,0.85483871,-0.06451613,0.51219512,0.65853659,0.14634146,0.87490165,0.86742722,-0.00747443,0.91988143,0.91710624,-0.00277519,0.15790230,0.15045659,0.00744570,0.48861580,0.45463976,0.03397604,0.12655699,0.09211043,0.03444655,0.12655699,0.10644623,0.02011076
adolescent,adaboost,beta,4,103,0.60194175,0.81553398,0.84466019,0.02912621,0.77655389,0.83379229,0.05723839,0.96774194,0.88709677,-0.08064516,0.58536585,0.78048780,0.19512195,0.91384736,0.88945712,-0.02439024,0.94042541,0.92524739,-0.01517801,0.14221151,0.12953334,0.01267817,0.45455966,0.42521244,0.02934722,0.16150489,0.07626505,0.08523985,0.16150489,0.12849660,0.03300829
adolescent,adaboost,beta,5,103,0.60194175,0.83495146,0.83495146,0.00000000,0.79681353,0.82159717,0.02478363,0.98387097,0.88709677,-0.09677419,0.60975610,0.75609756,0.14634146,0.92899292,0.91915814,-0.00983478,0.95423015,0.94411939,-0.01011077,0.13727860,0.10989717,0.02738142,0.44409917,0.36766989,0.07642929,0.14398420,0.04752167,0.09646253,0.14398420,0.06108169,0.08290252
adolescent,adaboost,beta,6,103,0.60194175,0.82524272,0.83495146,0.00970874,0.79287962,0.82159717,0.02871755,0.95161290,0.88709677,-0.06451613,0.63414634,0.75609756,0.12195122,0.91994493,0.90617624,-0.01376869,0.94540101,0.93589016,-0.00951084,0.13749763,0.11978685,0.01771078,0.44340067,0.36757078,0.07582989,0.11688877,0.02949753,0.08739124,0.13614199,0.04309184,0.09305015
adolescent,adaboost,beta,7,103,0.60194175,0.81553398,0.84466019,0.02912621,0.78068450,0.82553108,0.04484658,0.95161290,0.91935484,-0.03225806,0.60975610,0.73170732,0.12195122,0.86152636,0.84618411,-0.01534225,0.85491935,0.83626108,-0.01865826,0.14746327,0.13478926,0.01267401,0.47163745,0.53269896,-0.06106151,0.14068553,0.05470441,0.08598112,0.14068553,0.09722675,0.04345879
adolescent,adaboost,beta,8,103,0.60194175,0.84466019,0.84466019,0.00000000,0.80900865,0.82553108,0.01652242,0.98387097,0.91935484,-0.06451613,0.63414634,0.73170732,0.09756098,0.94059795,0.92958301,-0.01101495,0.96038506,0.94963735,-0.01074772,0.13469751,0.10473248,0.02996503,0.43916391,0.32819116,0.11097275,0.17878037,0.06569902,0.11308135,0.17878037,0.08878491,0.08999547
adolescent,adaboost,beta,9,103,0.60194175,0.84466019,0.85436893,0.00970874,0.80900865,0.83359559,0.02458694,0.98387097,0.93548387,-0.04838710,0.63414634,0.73170732,0.09756098,0.93607396,0.93253344,-0.00354052,0.95445498,0.94794669,-0.00650829,0.13247166,0.09872471,0.03374695,0.43275051,0.31833650,0.11441401,0.18360508,0.03601013,0.14759495,0.18360508,0.06291289,0.12069219
adolescent,mlp,platt,0,103,0.60194175,0.81553398,0.81553398,0.00000000,0.81785995,0.81785995,0.00000000,0.80645161,0.80645161,0.00000000,0.82926829,0.82926829,0.00000000,0.89535799,0.89535799,0.00000000,0.90909741,0.91655666,0.00745925,0.14496376,0.12456393,0.02039983,0.45859472,0.38974403,0.06885069,0.16365441,0.07093736,0.09271704,0.16365441,0.08780734,0.07584707
adolescent,mlp,platt,1,103,0.60194175,0.84466019,0.78640777,-0.05825243,0.85857592,0.74409913,-0.11447679,0.79032258,0.95161290,0.16129032,0.92682927,0.53658537,-0.39024390,0.92918961,0.91424076,-0.01494886,0.95704965,0.94039497,-0.01665469,0.16507523,0.14003111,0.02504412,0.51115549,0.43240181,0.07875368,0.19942550,0.12189234,0.07753316,0.20974632,0.12311399,0.08663234
adolescent,mlp,platt,2,103,0.60194175,0.73786408,0.71844660,-0.01941748,0.74095201,0.70003934,-0.04091267,0.72580645,0.79032258,0.06451613,0.75609756,0.60975610,-0.14634146,0.79464988,0.77183320,-0.02281668,0.87783619,0.85903389,-0.01880230,0.19596002,0.22689104,-0.03093102,0.57741439,0.75240735,-0.17499296,0.12801721,0.18832964,-0.06031243,0.17073264,0.19995549,-0.02922285
adolescent,mlp,platt,3,103,0.60194175,0.85436893,0.84466019,-0.00970874,0.85011802,0.83792290,-0.01219512,0.87096774,0.87096774,0.00000000,0.82926829,0.80487805,-0.02439024,0.93509048,0.92250197,-0.01258851,0.95972034,0.95407180,-0.00564853,0.13750556,0.11489947,0.02260609,0.43569694,0.36598658,0.06971037,0.14279459,0.11209642,0.03069817,0.17005949,0.11235658,0.05770291
adolescent,mlp,platt,4,103,0.60194175,0.72815534,0.71844660,-0.00970874,0.75354052,0.72895358,-0.02458694,0.62903226,0.67741935,0.04838710,0.87804878,0.78048780,-0.09756098,0.81038552,0.77773407,-0.03265146,0.89333253,0.87593093,-0.01740160,0.19403520,0.21254088,-0.01850568,0.57260740,0.68039432,-0.10778691,0.13779115,0.17830532,-0.04051417,0.14120739,0.20998462,-0.06877723
adolescent,mlp,platt,5,103,0.60194175,0.82524272,0.81553398,-0.00970874,0.82179386,0.78894571,-0.03284815,0.83870968,0.91935484,0.08064516,0.80487805,0.65853659,-0.14634146,0.91306058,0.90912667,-0.00393391,0.93563166,0.94021449,0.00458283,0.15804768,0.12598655,0.03206112,0.49365629,0.39065413,0.10300216,0.18564636,0.08539043,0.10025594,0.18564636,0.09159202,0.09405435
adolescent,mlp,platt,6,103,0.60194175,0.79611650,0.78640777,-0.00970874,0.76455547,0.73583792,-0.02871755,0.91935484,0.98387097,0.06451613,0.60975610,0.48780488,-0.12195122,0.88316286,0.84579072,-0.03737215,0.92085567,0.89189981,-0.02895586,0.16176638,0.15186016,0.00990622,0.50019425,0.45676224,0.04343200,0.13877040,0.07712927,0.06164113,0.14857947,0.09361610,0.05496336
adolescent,mlp,platt,7,103,0.60194175,0.86407767,0.84466019,-0.01941748,0.83752950,0.80900865,-0.02852085,0.96774194,0.98387097,0.01612903,0.70731707,0.63414634,-0.07317073,0.93194335,0.91384736,-0.01809599,0.95108427,0.93243046,-0.01865381,0.15276309,0.12221106,0.03055203,0.48406010,0.38932297,0.09473713,0.16934788,0.09839133,0.07095656,0.21984758,0.09839133,0.12145625
adolescent,mlp,platt,8,103,0.60194175,0.79611650,0.76699029,-0.02912621,0.77281668,0.73210071,-0.04071597,0.88709677,0.90322581,0.01612903,0.65853659,0.56097561,-0.09756098,0.79583006,0.75098348,-0.04484658,0.76429441,0.70386152,-0.06043288,0.17887485,0.18121307,-0.00233822,0.54638264,0.67042657,-0.12404392,0.16463073,0.08821693,0.07641380,0.16463073,0.16141070,0.00322003
adolescent,mlp,platt,9,103,0.60194175,0.83495146,0.83495146,0.00000000,0.81746656,0.80920535,-0.00826121,0.90322581,0.93548387,0.03225806,0.73170732,0.68292683,-0.04878049,0.88119591,0.90715972,0.02596381,0.90439294,0.93366984,0.02927690,0.17539445,0.13116351,0.04423093,0.53629883,0.41968447,0.11661436,0.15344989,0.11890373,0.03454616,0.21462573,0.12450223,0.09012350
adolescent,mlp,temperature,0,103,0.60194175,0.81553398,0.81553398,0.00000000,0.81785995,0.81785995,0.00000000,0.80645161,0.80645161,0.00000000,0.82926829,0.82926829,0.00000000,0.89535799,0.89693155,0.00157356,0.90909741,0.91726222,0.00816481,0.14496376,0.12378555,0.02117822,0.45859472,0.38738236,0.07121236,0.16365441,0.04948668,0.11416773,0.16365441,0.08628588,0.07736852
adolescent,mlp,temperature,1,103,0.60194175,0.84466019,0.84466019,0.00000000,0.85857592,0.85857592,0.00000000,0.79032258,0.79032258,0.00000000,0.92682927,0.92682927,0.00000000,0.92918961,0.92289536,-0.00629426,0.95704965,0.95280099,-0.00424866,0.16507523,0.15512244,0.00995279,0.51115549,0.48109233,0.03006316,0.19942550,0.15512510,0.04430041,0.20974632,0.17853128,0.03121505
adolescent,mlp,temperature,2,103,0.60194175,0.73786408,0.73786408,0.00000000,0.74095201,0.74095201,0.00000000,0.72580645,0.72580645,0.00000000,0.75609756,0.75609756,0.00000000,0.79464988,0.77694729,-0.01770260,0.87783619,0.86159096,-0.01624523,0.19596002,0.21202588,-0.01606586,0.57741439,0.68174924,-0.10433485,0.12801721,0.16751270,-0.03949549,0.17073264,0.17071912,0.00001352
adolescent,mlp,temperature,3,103,0.60194175,0.85436893,0.85436893,0.00000000,0.85011802,0.85011802,0.00000000,0.87096774,0.87096774,0.00000000,0.82926829,0.82926829,0.00000000,0.93509048,0.93351692,-0.00157356,0.95972034,0.95969753,-0.00002280,0.13750556,0.10590267,0.03160289,0.43569694,0.33575554,0.09994140,0.14279459,0.10054187,0.04225272,0.17005949,0.11171302,0.05834647
adolescent,mlp,temperature,4,103,0.60194175,0.72815534,0.72815534,0.00000000,0.75354052,0.75354052,0.00000000,0.62903226,0.62903226,0.00000000,0.87804878,0.87804878,0.00000000,0.81038552,0.78402832,-0.02635720,0.89333253,0.88277253,-0.01056000,0.19403520,0.22198742,-0.02795222,0.57260740,0.76649728,-0.19388988,0.13779115,0.20925559,-0.07146444,0.14120739,0.22887212,-0.08766473
adolescent,mlp,temperature,5,103,0.60194175,0.82524272,0.82524272,0.00000000,0.82179386,0.82179386,0.00000000,0.83870968,0.83870968,0.00000000,0.80487805,0.80487805,0.00000000,0.91306058,0.90991345,-0.00314713,0.93563166,0.93820035,0.00256869,0.15804768,0.12822348,0.02982419,0.49365629,0.40197638,0.09167991,0.18564636,0.11053444,0.07511193,0.18564636,0.12304277,0.06260360
adolescent,mlp,temperature,6,103,0.60194175,0.79611650,0.79611650,0.00000000,0.76455547,0.76455547,0.00000000,0.91935484,0.91935484,0.00000000,0.60975610,0.60975610,0.00000000,0.88316286,0.84736428,-0.03579858,0.92085567,0.89014387,-0.03071180,0.16176638,0.14557362,0.01619276,0.50019425,0.44116839,0.05902586,0.13877040,0.04772163,0.09104877,0.14857947,0.08072808,0.06785139
adolescent,mlp,temperature,7,103,0.60194175,0.86407767,0.86407767,0.00000000,0.83752950,0.83752950,0.00000000,0.96774194,0.96774194,0.00000000,0.70731707,0.70731707,0.00000000,0.93194335,0.93509048,0.00314713,0.95108427,0.95027642,-0.00080785,0.15276309,0.10543909,0.04732400,0.48406010,0.34757823,0.13648188,0.16934788,0.09573545,0.07361244,0.21984758,0.09573545,0.12411213
adolescent,mlp,temperature,8,103,0.60194175,0.79611650,0.79611650,0.00000000,0.77281668,0.77281668,0.00000000,0.88709677,0.88709677,0.00000000,0.65853659,0.65853659,0.00000000,0.79583006,0.77498033,-0.02084972,0.76429441,0.72082084,-0.04347356,0.17887485,0.17293004,0.00594481,0.54638264,0.59235099,-0.04596834,0.16463073,0.12609202,0.03853871,0.16463073,0.15460981,0.01002093
adolescent,mlp,temperature,9,103,0.60194175,0.83495146,0.83495146,0.00000000,0.81746656,0.81746656,0.00000000,0.90322581,0.90322581,0.00000000,0.73170732,0.73170732,0.00000000,0.88119591,0.88630999,0.00511408,0.90439294,0.91056653,0.00617360,0.17539445,0.13943028,0.03596417,0.53629883,0.44126911,0.09502972,0.15344989,0.08771112,0.06573877,0.21462573,0.09905897,0.11556676
adolescent,mlp,histbin,0,103,0.60194175,0.81553398,0.75728155,-0.05825243,0.81785995,0.72816680,-0.08969315,0.80645161,0.87096774,0.06451613,0.82926829,0.58536585,-0.24390244,0.89535799,0.82376082,-0.07159717,0.90909741,0.85191695,-0.05718046,0.14496376,0.15520771,-0.01024395,0.45859472,0.77920514,-0.32061042,0.16365441,0.03989865,0.12375576,0.16365441,0.04510821,0.11854619
adolescent,mlp,histbin,1,103,0.60194175,0.84466019,0.72815534,-0.11650485,0.85857592,0.68745083,-0.17112510,0.79032258,0.88709677,0.09677419,0.92682927,0.48780488,-0.43902439,0.92918961,0.88670338,-0.04248623,0.95704965,0.91434299,-0.04270666,0.16507523,0.14377824,0.02129699,0.51115549,0.75196100,-0.24080550,0.19942550,0.10353434,0.09589116,0.20974632,0.12930141,0.08044491
adolescent,mlp,histbin,2,103,0.60194175,0.73786408,0.66019417,-0.07766990,0.74095201,0.62686861,-0.11408340,0.72580645,0.79032258,0.06451613,0.75609756,0.46341463,-0.29268293,0.79464988,0.74350905,-0.05114083,0.87783619,0.82341610,-0.05442008,0.19596002,0.23332300,-0.03736298,0.57741439,3.89286625,-3.31545186,0.12801721,0.18165147,-0.05363427,0.17073264,0.20689419,-0.03616155
adolescent,mlp,histbin,3,103,0.60194175,0.85436893,0.81553398,-0.03883495,0.85011802,0.80133753,-0.04878049,0.87096774,0.87096774,0.00000000,0.82926829,0.73170732,-0.09756098,0.93509048,0.86605035,-0.06904013,0.95972034,0.89817184,-0.06154849,0.13750556,0.14775481,-0.01024925,0.43569694,0.44288915,-0.00719220,0.14279459,0.08779742,0.05499717,0.17005949,0.11160190,0.05845759
adolescent,mlp,histbin,4,103,0.60194175,0.72815534,0.65048544,-0.07766990,0.75354052,0.65184894,-0.10169158,0.62903226,0.64516129,0.01612903,0.87804878,0.65853659,-0.21951220,0.81038552,0.66561762,-0.14476790,0.89333253,0.76339771,-0.12993482,0.19403520,0.26660443,-0.07256923,0.57260740,3.97351403,-3.40090663,0.13779115,0.19670695,-0.05891580,0.14120739,0.25533634,-0.11412895
adolescent,mlp,histbin,5,103,0.60194175,0.82524272,0.78640777,-0.03883495,0.82179386,0.75649095,-0.06530291,0.83870968,0.90322581,0.06451613,0.80487805,0.60975610,-0.19512195,0.91306058,0.81766326,-0.09539732,0.93563166,0.85362378,-0.08200788,0.15804768,0.16532512,-0.00727744,0.49365629,0.81389421,-0.32023792,0.18564636,0.06703745,0.11860891,0.18564636,0.09711545,0.08853091
adolescent,mlp,histbin,6,103,0.60194175,0.79611650,0.76699029,-0.02912621,0.76455547,0.71557828,-0.04897718,0.91935484,0.96774194,0.04838710,0.60975610,0.46341463,-0.14634146,0.88316286,0.79248623,-0.09067663,0.92085567,0.83732013,-0.08353554,0.16176638,0.16658473,-0.00481835,0.50019425,0.49329264,0.00690161,0.13877040,0.06621972,0.07255068,0.14857947,0.14008735,0.00849211
adolescent,mlp,histbin,7,103,0.60194175,0.86407767,0.78640777,-0.07766990,0.83752950,0.73170732,-0.10582219,0.96774194,1.00000000,0.03225806,0.70731707,0.46341463,-0.24390244,0.93194335,0.85700236,-0.07494099,0.95108427,0.85305168,-0.09803259,0.15276309,0.14474873,0.00801437,0.48406010,0.78538587,-0.30132577,0.16934788,0.11247166,0.05687622,0.21984758,0.16894599,0.05090159
adolescent,mlp,histbin,8,103,0.60194175,0.79611650,0.75728155,-0.03883495,0.77281668,0.71577498,-0.05704170,0.88709677,0.91935484,0.03225806,0.65853659,0.51219512,-0.14634146,0.79583006,0.67879622,-0.11703383,0.76429441,0.68294696,-0.08134744,0.17887485,0.20877021,-0.02989536,0.54638264,2.55182907,-2.00544643,0.16463073,0.17895072,-0.01431999,0.16463073,0.20484069,-0.04020996
adolescent,mlp,histbin,9,103,0.60194175,0.83495146,0.78640777,-0.04854369,0.81746656,0.74822974,-0.06923682,0.90322581,0.93548387,0.03225806,0.73170732,0.56097561,-0.17073171,0.88119591,0.90125885,0.02006294,0.90439294,0.93184610,0.02745317,0.17539445,0.13641367,0.03898078,0.53629883,0.74495706,-0.20865823,0.15344989,0.05932882,0.09412107,0.21462573,0.10008642,0.11453930
adolescent,mlp,isotonic,0,103,0.60194175,0.81553398,0.80582524,-0.00970874,0.81785995,0.80153423,-0.01632573,0.80645161,0.82258065,0.01612903,0.82926829,0.78048780,-0.04878049,0.89535799,0.87942565,-0.01593234,0.90909741,0.88839313,-0.02070428,0.14496376,0.12914623,0.01581753,0.45859472,1.34720941,-0.88861469,0.16365441,0.07449782,0.08915659,0.16365441,0.09401202,0.06964239
adolescent,mlp,isotonic,1,103,0.60194175,0.84466019,0.82524272,-0.01941748,0.85857592,0.80940205,-0.04917388,0.79032258,0.88709677,0.09677419,0.92682927,0.73170732,-0.19512195,0.92918961,0.89339103,-0.03579858,0.95704965,0.92945705,-0.02759260,0.16507523,0.12758306,0.03749216,0.51115549,0.39285476,0.11830073,0.19942550,0.09254161,0.10688389,0.20974632,0.11708812,0.09265820
adolescent,mlp,isotonic,2,103,0.60194175,0.73786408,0.68932039,-0.04854369,0.74095201,0.66345397,-0.07749803,0.72580645,0.79032258,0.06451613,0.75609756,0.53658537,-0.21951220,0.79464988,0.74881983,-0.04583006,0.87783619,0.83495957,-0.04287661,0.19596002,0.24438469,-0.04842467,0.57741439,5.21555902,-4.63814463,0.12801721,0.20904982,-0.08103262,0.17073264,0.21227331,-0.04154067
adolescent,mlp,isotonic,3,103,0.60194175,0.85436893,0.82524272,-0.02912621,0.85011802,0.81766326,-0.03245476,0.87096774,0.85483871,-0.01612903,0.82926829,0.78048780,-0.04878049,0.93509048,0.90873328,-0.02635720,0.95972034,0.93661021,-0.02311012,0.13750556,0.12073052,0.01677503,0.43569694,0.69235275,-0.25665581,0.14279459,0.05639416,0.08640043,0.17005949,0.08413783,0.08592165
adolescent,mlp,isotonic,4,103,0.60194175,0.72815534,0.69902913,-0.02912621,0.75354052,0.70043273,-0.05310779,0.62903226,0.69354839,0.06451613,0.87804878,0.70731707,-0.17073171,0.81038552,0.75924469,-0.05114083,0.89333253,0.83632678,-0.05700575,0.19403520,0.23451647,-0.04048127,0.57260740,4.22992493,-3.65731753,0.13779115,0.17846895,-0.04067780,0.14120739,0.19056634,-0.04935895
adolescent,mlp,isotonic,5,103,0.60194175,0.82524272,0.81553398,-0.00970874,0.82179386,0.78481511,-0.03697876,0.83870968,0.93548387,0.09677419,0.80487805,0.63414634,-0.17073171,0.91306058,0.87686861,-0.03619197,0.93563166,0.90409398,-0.03153768,0.15804768,0.14171973,0.01632795,0.49365629,0.74990572,-0.25624943,0.18564636,0.09274728,0.09289908,0.18564636,0.10281323,0.08283313
adolescent,mlp,isotonic,6,103,0.60194175,0.79611650,0.79611650,0.00000000,0.76455547,0.74390244,-0.02065303,0.91935484,1.00000000,0.08064516,0.60975610,0.48780488,-0.12195122,0.88316286,0.82631786,-0.05684500,0.92085567,0.85437863,-0.06647703,0.16176638,0.14788635,0.01388003,0.50019425,0.45433910,0.04585515,0.13877040,0.15020007,-0.01142967,0.14857947,0.15020007,-0.00162060
adolescent,mlp,isotonic,7,103,0.60194175,0.86407767,0.83495146,-0.02912621,0.83752950,0.79681353,-0.04071597,0.96774194,0.98387097,0.01612903,0.70731707,0.60975610,-0.09756098,0.93194335,0.86506688,-0.06687648,0.95108427,0.85532178,-0.09576249,0.15276309,0.13541012,0.01735297,0.48406010,2.03107695,-1.54701685,0.16934788,0.12977132,0.03957656,0.21984758,0.14634793,0.07349965
adolescent,mlp,isotonic,8,103,0.60194175,0.79611650,0.73786408,-0.05825243,0.77281668,0.71203777,-0.06077891,0.88709677,0.83870968,-0.04838710,0.65853659,0.58536585,-0.07317073,0.79583006,0.74095201,-0.05487805,0.76429441,0.73538855,-0.02890586,0.17887485,0.18691356,-0.00803871,0.54638264,2.49204051,-1.94565787,0.16463073,0.12862099,0.03600975,0.16463073,0.14423130,0.02039943
adolescent,mlp,isotonic,9,103,0.60194175,0.83495146,0.79611650,-0.03883495,0.81746656,0.75629426,-0.06117231,0.90322581,0.95161290,0.04838710,0.73170732,0.56097561,-0.17073171,0.88119591,0.90086546,0.01966955,0.90439294,0.93576169,0.03136875,0.17539445,0.13327834,0.04211611,0.53629883,0.73206642,-0.19576759,0.15344989,0.06383711,0.08961278,0.21462573,0.08102450,0.13360123
adolescent,mlp,beta,0,103,0.60194175,0.81553398,0.81553398,0.00000000,0.81785995,0.81372935,-0.00413061,0.80645161,0.82258065,0.01612903,0.82926829,0.80487805,-0.02439024,0.89535799,0.90007868,0.00472069,0.90909741,0.92397731,0.01487990,0.14496376,0.12304188,0.02192188,0.45859472,0.37684609,0.08174863,0.16365441,0.07049399,0.09316042,0.16365441,0.08972369,0.07393072
adolescent,mlp,beta,1,103,0.60194175,0.84466019,0.81553398,-0.02912621,0.85857592,0.78068450,-0.07789142,0.79032258,0.95161290,0.16129032,0.92682927,0.60975610,-0.31707317,0.92918961,0.91856806,-0.01062156,0.95704965,0.94345433,-0.01359532,0.16507523,0.13404216,0.03103307,0.51115549,0.41595267,0.09520282,0.19942550,0.13983484,0.05959066,0.20974632,0.14531206,0.06443426
adolescent,mlp,beta,2,103,0.60194175,0.73786408,0.72815534,-0.00970874,0.74095201,0.71223446,-0.02871755,0.72580645,0.79032258,0.06451613,0.75609756,0.63414634,-0.12195122,0.79464988,0.77970102,-0.01494886,0.87783619,0.87016666,-0.00766953,0.19596002,0.21995052,-0.02399051,0.57741439,0.70481558,-0.12740119,0.12801721,0.19769993,-0.06968273,0.17073264,0.22903029,-0.05829765
adolescent,mlp,beta,3,103,0.60194175,0.85436893,0.83495146,-0.01941748,0.85011802,0.82572777,-0.02439024,0.87096774,0.87096774,0.00000000,0.82926829,0.78048780,-0.04878049,0.93509048,0.92407553,-0.01101495,0.95972034,0.95437153,-0.00534880,0.13750556,0.11531277,0.02219278,0.43569694,0.36231276,0.07338418,0.14279459,0.08524362,0.05755097,0.17005949,0.11156080,0.05849869
adolescent,mlp,beta,4,103,0.60194175,0.72815534,0.71844660,-0.00970874,0.75354052,0.72895358,-0.02458694,0.62903226,0.67741935,0.04838710,0.87804878,0.78048780,-0.09756098,0.81038552,0.77537372,-0.03501180,0.89333253,0.87589053,-0.01744200,0.19403520,0.21359873,-0.01956353,0.57260740,0.69270777,-0.12010037,0.13779115,0.17400943,-0.03621828,0.14120739,0.21587114,-0.07466375
adolescent,mlp,beta,5,103,0.60194175,0.82524272,0.81553398,-0.00970874,0.82179386,0.78894571,-0.03284815,0.83870968,0.91935484,0.08064516,0.80487805,0.65853659,-0.14634146,0.91306058,0.91070024,-0.00236035,0.93563166,0.94357021,0.00793855,0.15804768,0.12654041,0.03150727,0.49365629,0.39243424,0.10122205,0.18564636,0.07649578,0.10915059,0.18564636,0.10137513,0.08427123
adolescent,mlp,beta,6,103,0.60194175,0.79611650,0.78640777,-0.00970874,0.76455547,0.73583792,-0.02871755,0.91935484,0.98387097,0.06451613,0.60975610,0.48780488,-0.12195122,0.88316286,0.85169158,-0.03147128,0.92085567,0.89924137,-0.02161429,0.16176638,0.14868864,0.01307774,0.50019425,0.44594454,0.05424970,0.13877040,0.07451419,0.06425621,0.14857947,0.10709373,0.04148573
adolescent,mlp,beta,7,103,0.60194175,0.86407767,0.85436893,-0.00970874,0.83752950,0.82120378,-0.01632573,0.96774194,0.98387097,0.01612903,0.70731707,0.65853659,-0.04878049,0.93194335,0.90047207,-0.03147128,0.95108427,0.91353821,-0.03754606,0.15276309,0.12439735,0.02836575,0.48406010,0.40906340,0.07499670,0.16934788,0.10587210,0.06347579,0.21984758,0.10587210,0.11397548
adolescent,mlp,beta,8,103,0.60194175,0.79611650,0.75728155,-0.03883495,0.77281668,0.72403619,-0.04878049,0.88709677,0.88709677,0.00000000,0.65853659,0.56097561,-0.09756098,0.79583006,0.75137687,-0.04445319,0.76429441,0.70452976,-0.05976465,0.17887485,0.18018901,-0.00131416,0.54638264,0.63426798,-0.08788534,0.16463073,0.08405483,0.08057590,0.16463073,0.18338957,-0.01875884
adolescent,mlp,beta,9,103,0.60194175,0.83495146,0.83495146,0.00000000,0.81746656,0.80507474,-0.01239182,0.90322581,0.95161290,0.04838710,0.73170732,0.65853659,-0.07317073,0.88119591,0.90715972,0.02596381,0.90439294,0.93376434,0.02937140,0.17539445,0.12880099,0.04659346,0.53629883,0.41747795,0.11882088,0.15344989,0.10723993,0.04620997,0.21462573,0.11977735,0.09484837
adult,logreg,platt,0,699,0.26752504,0.99713877,1.00000000,0.00286123,0.99804688,1.00000000,0.00195312,1.00000000,1.00000000,0.00000000,0.99609375,1.00000000,0.00390625,1.00000000,1.00000000,0.00000000,1.00000000,1.00000000,0.00000000,0.00730060,0.00012722,0.00717337,0.03781540,0.00079827,0.03701713,0.03318198,0.00072238,0.03245960,0.03318198,0.00072238,0.03245960
adult,logreg,platt,1,699,0.26752504,1.00000000,1.00000000,0.00000000,1.00000000,1.00000000,0.00000000,1.00000000,1.00000000,0.00000000,1.00000000,1.00000000,0.00000000,1.00000000,1.00000000,0.00000000,1.00000000,1.00000000,0.00000000,0.00721414,0.00000929,0.00720486,0.03728971,0.00017726,0.03711246,0.03276351,0.00017241,0.03259110,0.03276351,0.00017241,0.03259110
adult,logreg,platt,2,699,0.26752504,1.00000000,1.00000000,0.00000000,1.00000000,1.00000000,0.00000000,1.00000000,1.00000000,0.00000000,1.00000000,1.00000000,0.00000000,1.00000000,1.00000000,0.00000000,1.00000000,1.00000000,0.00000000,0.00720402,0.00000784,0.00719618,0.03774864,0.00028582,0.03746281,0.03330708,0.00028180,0.03302528,0.03330708,0.00028180,0.03302528
adult,logreg,platt,3,699,0.26752504,0.99713877,0.99856938,0.00143062,0.99804688,0.99902344,0.00097656,1.00000000,1.00000000,0.00000000,0.99609375,0.99804688,0.00195312,1.00000000,1.00000000,0.00000000,1.00000000,1.00000000,0.00000000,0.00787916,0.00075374,0.00712542,0.03873498,0.00237226,0.03636272,0.03364093,0.00167486,0.03196607,0.03364093,0.00167486,0.03196607
adult,logreg,platt,4,699,0.26752504,0.99856938,1.00000000,0.00143062,0.99902344,1.00000000,0.00097656,1.00000000,1.00000000,0.00000000,0.99804688,1.00000000,0.00195312,1.00000000,1.00000000,0.00000000,1.00000000,1.00000000,0.00000000,0.00752114,0.00018351,0.00733763,0.03785189,0.00076378,0.03708811,0.03308438,0.00064402,0.03244036,0.03308438,0.00064402,0.03244036
adult,logreg,platt,5,699,0.26752504,0.99713877,0.99713877,0.00000000,0.99634964,0.99465241,-0.00169723,0.99465241,0.98930481,-0.00534759,0.99804688,1.00000000,0.00195312,0.99997911,0.99985378,-0.00012533,0.99994296,0.99962381,-0.00031915,0.00749079,0.00276683,0.00472396,0.03787762,0.01813551,0.01974212,0.02892748,0.00309631,0.02583116,0.03143214,0.00309631,0.02833582
adult,logreg,platt,6,699,0.26752504,1.00000000,0.99856938,-0.00143062,1.00000000,0.99732620,-0.00267380,1.00000000,0.99465241,-0.00534759,1.00000000,1.00000000,0.00000000,1.00000000,1.00000000,0.00000000,1.00000000,1.00000000,0.00000000,0.00708936,0.00106564,0.00602373,0.03707630,0.00276359,0.03431271,0.03268888,0.00170552,0.03098336,0.03268888,0.00170552,0.03098336
adult,logreg,platt,7,699,0.26752504,1.00000000,1.00000000,0.00000000,1.00000000,1.00000000,0.00000000,1.00000000,1.00000000,0.00000000,1.00000000,1.00000000,0.00000000,1.00000000,1.00000000,0.00000000,1.00000000,1.00000000,0.00000000,0.00680545,0.00006777,0.00673768,0.03606341,0.00063036,0.03543306,0.03185519,0.00059247,0.03126272,0.03185519,0.00059247,0.03126272
adult,logreg,platt,8,699,0.26752504,1.00000000,1.00000000,0.00000000,1.00000000,1.00000000,0.00000000,1.00000000,1.00000000,0.00000000,1.00000000,1.00000000,0.00000000,1.00000000,1.00000000,0.00000000,1.00000000,1.00000000,0.00000000,0.00724370,0.00020563,0.00703807,0.03789087,0.00097280,0.03691807,0.03347563,0.00083644,0.03263919,0.03347563,0.00083644,0.03263919
adult,logreg,platt,9,699,0.26752504,1.00000000,1.00000000,0.00000000,1.00000000,1.00000000,0.00000000,1.00000000,1.00000000,0.00000000,1.00000000,1.00000000,0.00000000,1.00000000,1.00000000,0.00000000,1.00000000,1.00000000,0.00000000,0.00729710,0.00000895,0.00728815,0.03778189,0.00030448,0.03747741,0.03327422,0.00029987,0.03297435,0.03327422,0.00029987,0.03297435
adult,logreg,temperature,0,699,0.26752504,0.99713877,0.99713877,0.00000000,0.99804688,0.99804688,0.00000000,1.00000000,1.00000000,0.00000000,0.99609375,0.99609375,0.00000000,1.00000000,1.00000000,0.00000000,1.00000000,1.00000000,0.00000000,0.00730060,0.00181717,0.00548343,0.03781540,0.00513188,0.03268352,0.03318198,0.00311844,0.03006354,0.03318198,0.00316157,0.03002041
adult,logreg,temperature,1,699,0.26752504,1.00000000,1.00000000,0.00000000,1.00000000,1.00000000,0.00000000,1.00000000,1.00000000,0.00000000,1.00000000,1.00000000,0.00000000,1.00000000,1.00000000,0.00000000,1.00000000,1.00000000,0.00000000,0.00721414,0.00071484,0.00649931,0.03728971,0.00338452,0.03390519,0.03276351,0.00289516,0.02986835,0.03276351,0.00289516,0.02986835
adult,logreg,temperature,2,699,0.26752504,1.00000000,1.00000000,0.00000000,1.00000000,1.00000000,0.00000000,1.00000000,1.00000000,0.00000000,1.00000000,1.00000000,0.00000000,1.00000000,1.00000000,0.00000000,1.00000000,1.00000000,0.00000000,0.00720402,0.00011668,0.00708734,0.03774864,0.00125956,0.03648908,0.03330708,0.00119505,0.03211203,0.03330708,0.00119505,0.03211203
adult,logreg,temperature,3,699,0.26752504,0.99713877,0.99713877,0.00000000,0.99804688,0.99804688,0.00000000,1.00000000,1.00000000,0.00000000,0.99609375,0.99609375,0.00000000,1.00000000,1.00000000,0.00000000,1.00000000,1.00000000,0.00000000,0.00787916,0.00250482,0.00537434,0.03873498,0.00774658,0.03098840,0.03364093,0.00378091,0.02986002,0.03364093,0.00378091,0.02986002
adult,logreg,temperature,4,699,0.26752504,0.99856938,0.99856938,0.00000000,0.99902344,0.99902344,0.00000000,1.00000000,1.00000000,0.00000000,0.99804688,0.99804688,0.00000000,1.00000000,1.00000000,0.00000000,1.00000000,1.00000000,0.00000000,0.00752114,0.00150340,0.00601774,0.03785189,0.00601931,0.03183258,0.03308438,0.00265962,0.03042476,0.03308438,0.00265962,0.03042476
adult,logreg,temperature,5,699,0.26752504,0.99713877,0.99713877,0.00000000,0.99634964,0.99634964,0.00000000,0.99465241,0.99465241,0.00000000,0.99804688,0.99804688,0.00000000,0.99997911,0.99997911,0.00000000,0.99994296,0.99994296,0.00000000,0.00749079,0.00223544,0.00525535,0.03787762,0.00679345,0.03108418,0.02892748,0.00192640,0.02700108,0.03143214,0.00303850,0.02839363
adult,logreg,temperature,6,699,0.26752504,1.00000000,1.00000000,0.00000000,1.00000000,1.00000000,0.00000000,1.00000000,1.00000000,0.00000000,1.00000000,1.00000000,0.00000000,1.00000000,1.00000000,0.00000000,1.00000000,1.00000000,0.00000000,0.00708936,0.00014825,0.00694111,0.03707630,0.00177383,0.03530246,0.03268888,0.00169336,0.03099552,0.03268888,0.00169336,0.03099552
adult,logreg,temperature,7,699,0.26752504,1.00000000,1.00000000,0.00000000,1.00000000,1.00000000,0.00000000,1.00000000,1.00000000,0.00000000,1.00000000,1.00000000,0.00000000,1.00000000,1.00000000,0.00000000,1.00000000,1.00000000,0.00000000,0.00680545,0.00039841,0.00640704,0.03606341,0.00207120,0.03399221,0.03185519,0.00180489,0.03005030,0.03185519,0.00180489,0.03005030
adult,logreg,temperature,8,699,0.26752504,1.00000000,1.00000000,0.00000000,1.00000000,1.00000000,0.00000000,1.00000000,1.00000000,0.00000000,1.00000000,1.00000000,0.00000000,1.00000000,1.00000000,0.00000000,1.00000000,1.00000000,0.00000000,0.00724370,0.00009977,0.00714392,0.03789087,0.00167262,0.03621825,0.03347563,0.00161914,0.03185649,0.03347563,0.00161914,0.03185649
adult,logreg,temperature,9,699,0.26752504,1.00000000,1.00000000,0.00000000,1.00000000,1.00000000,0.00000000,1.00000000,1.00000000,0.00000000,1.00000000,1.00000000,0.00000000,1.00000000,1.00000000,0.00000000,1.00000000,1.00000000,0.00000000,0.00729710,0.00017498,0.00712212,0.03778189,0.00162262,0.03615927,0.03327422,0.00152327,0.03175095,0.03327422,0.00152327,0.03175095
adult,logreg,histbin,0,699,0.26752504,0.99713877,1.00000000,0.00286123,0.99804688,1.00000000,0.00195312,1.00000000,1.00000000,0.00000000,0.99609375,1.00000000,0.00390625,1.00000000,1.00000000,0.00000000,1.00000000,1.00000000,0.00000000,0.00730060,0.00003974,0.00726086,0.03781540,0.00026083,0.03755457,0.03318198,0.00023844,0.03294354,0.03318198,0.00023844,0.03294354
adult,logreg,histbin,1,699,0.26752504,1.00000000,1.00000000,0.00000000,1.00000000,1.00000000,0.00000000,1.00000000,1.00000000,0.00000000,1.00000000,1.00000000,0.00000000,1.00000000,1.00000000,0.00000000,1.00000000,1.00000000,0.00000000,0.00721414,0.00000000,0.00721414,0.03728971,0.00000000,0.03728971,0.03276351,0.00000000,0.03276351,0.03276351,0.00000000,0.03276351
adult,logreg,histbin,2,699,0.26752504,1.00000000,1.00000000,0.00000000,1.00000000,1.00000000,0.00000000,1.00000000,1.00000000,0.00000000,1.00000000,1.00000000,0.00000000,1.00000000,1.00000000,0.00000000,1.00000000,1.00000000,0.00000000,0.00720402,0.00008941,0.00711461,0.03774864,0.00041156,0.03733707,0.03330708,0.00035765,0.03294943,0.03330708,0.00035765,0.03294943
adult,logreg,histbin,3,699,0.26752504,0.99713877,0.99713877,0.00000000,0.99804688,0.99804688,0.00000000,1.00000000,1.00000000,0.00000000,0.99609375,0.99609375,0.00000000,1.00000000,0.99998956,-0.00001044,1.00000000,0.99994341,-0.00005659,0.00787916,0.00123192,0.00664724,0.03873498,0.00355495,0.03518003,0.03364093,0.00119218,0.03244875,0.03364093,0.00119218,0.03244875
adult,logreg,histbin,4,699,0.26752504,0.99856938,1.00000000,0.00143062,0.99902344,1.00000000,0.00097656,1.00000000,1.00000000,0.00000000,0.99804688,1.00000000,0.00195312,1.00000000,1.00000000,0.00000000,1.00000000,1.00000000,0.00000000,0.00752114,0.00019242,0.00732872,0.03785189,0.00085854,0.03699335,0.03308438,0.00074154,0.03234284,0.03308438,0.00074154,0.03234284
adult,logreg,histbin,5,699,0.26752504,0.99713877,0.99570815,-0.00143062,0.99634964,0.99367584,-0.00267380,0.99465241,0.98930481,-0.00534759,0.99804688,0.99804688,0.00000000,0.99997911,0.99464196,-0.00533715,0.99994296,0.99216604,-0.00777692,0.00749079,0.00349706,0.00399373,0.03787762,0.10470089,-0.06682326,0.02892748,0.00381497,0.02511251,0.03143214,0.00381497,0.02761716
adult,logreg,histbin,6,699,0.26752504,1.00000000,1.00000000,0.00000000,1.00000000,1.00000000,0.00000000,1.00000000,1.00000000,0.00000000,1.00000000,1.00000000,0.00000000,1.00000000,1.00000000,0.00000000,1.00000000,1.00000000,0.00000000,0.00708936,0.00031791,0.00677145,0.03707630,0.00116013,0.03591617,0.03268888,0.00095374,0.03173514,0.03268888,0.00095374,0.03173514
adult,logreg,histbin,7,699,0.26752504,1.00000000,1.00000000,0.00000000,1.00000000,1.00000000,0.00000000,1.00000000,1.00000000,0.00000000,1.00000000,1.00000000,0.00000000,1.00000000,1.00000000,0.00000000,1.00000000,1.00000000,0.00000000,0.00680545,0.00003547,0.00676998,0.03606341,0.00040906,0.03565435,0.03185519,0.00039017,0.03146502,0.03185519,0.00039017,0.03146502
adult,logreg,histbin,8,699,0.26752504,1.00000000,0.99856938,-0.00143062,1.00000000,0.99732620,-0.00267380,1.00000000,0.99465241,-0.00534759,1.00000000,1.00000000,0.00000000,1.00000000,0.99732620,-0.00267380,1.00000000,0.99608302,-0.00391698,0.00724370,0.00160944,0.00563425,0.03789087,0.05238772,-0.01449685,0.03347563,0.00214592,0.03132971,0.03347563,0.00214592,0.03132971
adult,logreg,histbin,9,699,0.26752504,1.00000000,1.00000000,0.00000000,1.00000000,1.00000000,0.00000000,1.00000000,1.00000000,0.00000000,1.00000000,1.00000000,0.00000000,1.00000000,1.00000000,0.00000000,1.00000000,1.00000000,0.00000000,0.00729710,0.00002235,0.00727475,0.03778189,0.00019103,0.03759086,0.03327422,0.00017883,0.03309540,0.03327422,0.00017883,0.03309540
adult,logreg,isotonic,0,699,0.26752504,0.99713877,1.00000000,0.00286123,0.99804688,1.00000000,0.00195312,1.00000000,1.00000000,0.00000000,0.99609375,1.00000000,0.00390625,1.00000000,1.00000000,0.00000000,1.00000000,1.00000000,0.00000000,0.00730060,0.00021162,0.00708897,0.03781540,0.00071966,0.03709574,0.03318198,0.00057547,0.03260651,0.03318198,0.00057547,0.03260651
adult,logreg,isotonic,1,699,0.26752504,1.00000000,1.00000000,0.00000000,1.00000000,1.00000000,0.00000000,1.00000000,1.00000000,0.00000000,1.00000000,1.00000000,0.00000000,1.00000000,1.00000000,0.00000000,1.00000000,1.00000000,0.00000000,0.00721414,0.00003324,0.00718090,0.03728971,0.00030547,0.03698425,0.03276351,0.00028728,0.03247623,0.03276351,0.00028728,0.03247623
adult,logreg,isotonic,2,699,0.26752504,1.00000000,1.00000000,0.00000000,1.00000000,1.00000000,0.00000000,1.00000000,1.00000000,0.00000000,1.00000000,1.00000000,0.00000000,1.00000000,1.00000000,0.00000000,1.00000000,1.00000000,0.00000000,0.00720402,0.00000059,0.00720343,0.03774864,0.00002942,0.03771922,0.03330708,0.00002912,0.03327797,0.03330708,0.00002912,0.03327797
adult,logreg,isotonic,3,699,0.26752504,0.99713877,0.99713877,0.00000000,0.99804688,0.99804688,0.00000000,1.00000000,1.00000000,0.00000000,0.99609375,0.99609375,0.00000000,1.00000000,1.00000000,0.00000000,1.00000000,1.00000000,0.00000000,0.00787916,0.00102540,0.00685376,0.03873498,0.00284262,0.03589236,0.03364093,0.00129599,0.03234494,0.03364093,0.00196965,0.03167128
adult,logreg,isotonic,4,699,0.26752504,0.99856938,1.00000000,0.00143062,0.99902344,1.00000000,0.00097656,1.00000000,1.00000000,0.00000000,0.99804688,1.00000000,0.00195312,1.00000000,1.00000000,0.00000000,1.00000000,1.00000000,0.00000000,0.00752114,0.00039255,0.00712859,0.03785189,0.00126712,0.03658477,0.03308438,0.00097996,0.03210442,0.03308438,0.00097996,0.03210442
adult,logreg,isotonic,5,699,0.26752504,0.99713877,0.99713877,0.00000000,0.99634964,0.99465241,-0.00169723,0.99465241,0.98930481,-0.00534759,0.99804688,1.00000000,0.00195312,0.99997911,0.99464196,-0.00533715,0.99994296,0.99216604,-0.00777692,0.00749079,0.00287018,0.00462060,0.03787762,0.10324710,-0.06536948,0.02892748,0.00274805,0.02617943,0.03143214,0.00274805,0.02868409
adult,logreg,isotonic,6,699,0.26752504,1.00000000,0.99856938,-0.00143062,1.00000000,0.99732620,-0.00267380,1.00000000,0.99465241,-0.00534759,1.00000000,1.00000000,0.00000000,1.00000000,1.00000000,0.00000000,1.00000000,1.00000000,0.00000000,0.00708936,0.00058969,0.00649967,0.03707630,0.00171944,0.03535686,0.03268888,0.00126470,0.03142418,0.03268888,0.00126470,0.03142418
adult,logreg,isotonic,7,699,0.26752504,1.00000000,1.00000000,0.00000000,1.00000000,1.00000000,0.00000000,1.00000000,1.00000000,0.00000000,1.00000000,1.00000000,0.00000000,1.00000000,1.00000000,0.00000000,1.00000000,1.00000000,0.00000000,0.00680545,0.00004121,0.00676424,0.03606341,0.00043186,0.03563155,0.03185519,0.00040970,0.03144549,0.03185519,0.00040970,0.03144549
adult,logreg,isotonic,8,699,0.26752504,1.00000000,1.00000000,0.00000000,1.00000000,1.00000000,0.00000000,1.00000000,1.00000000,0.00000000,1.00000000,1.00000000,0.00000000,1.00000000,1.00000000,0.00000000,1.00000000,1.00000000,0.00000000,0.00724370,0.00034376,0.00689994,0.03789087,0.00117106,0.03671981,0.03347563,0.00093009,0.03254555,0.03347563,0.00093009,0.03254555
adult,logreg,isotonic,9,699,0.26752504,1.00000000,1.00000000,0.00000000,1.00000000,1.00000000,0.00000000,1.00000000,1.00000000,0.00000000,1.00000000,1.00000000,0.00000000,1.00000000,1.00000000,0.00000000,1.00000000,1.00000000,0.00000000,0.00729710,0.00000000,0.00729710,0.03778189,0.00000000,0.03778189,0.03327422,0.00000000,0.03327422,0.03327422,0.00000000,0.03327422
adult,logreg,beta,0,699,0.26752504,0.99713877,1.00000000,0.00286123,0.99804688,1.00000000,0.00195312,1.00000000,1.00000000,0.00000000,0.99609375,1.00000000,0.00390625,1.00000000,1.00000000,0.00000000,1.00000000,1.00000000,0.00000000,0.00730060,0.00012415,0.00717645,0.03781540,0.00082228,0.03699312,0.03318198,0.00074912,0.03243286,0.03318198,0.00074912,0.03243286
adult,logreg,beta,1,699,0.26752504,1.00000000,1.00000000,0.00000000,1.00000000,1.00000000,0.00000000,1.00000000,1.00000000,0.00000000,1.00000000,1.00000000,0.00000000,1.00000000,1.00000000,0.00000000,1.00000000,1.00000000,0.00000000,0.00721414,0.00000564,0.00720850,0.03728971,0.00014533,0.03714439,0.03276351,0.00014241,0.03262110,0.03276351,0.00014241,0.03262110
adult,logreg,beta,2,699,0.26752504,1.00000000,1.00000000,0.00000000,1.00000000,1.00000000,0.00000000,1.00000000,1.00000000,0.00000000,1.00000000,1.00000000,0.00000000,1.00000000,1.00000000,0.00000000,1.00000000,1.00000000,0.00000000,0.00720402,0.00000727,0.00719675,0.03774864,0.00029591,0.03745272,0.03330708,0.00029219,0.03301489,0.03330708,0.00029219,0.03301489
adult,logreg,beta,3,699,0.26752504,0.99713877,0.99856938,0.00143062,0.99804688,0.99902344,0.00097656,1.00000000,1.00000000,0.00000000,0.99609375,0.99804688,0.00195312,1.00000000,1.00000000,0.00000000,1.00000000,1.00000000,0.00000000,0.00787916,0.00056729,0.00731187,0.03873498,0.00213300,0.03660198,0.03364093,0.00170442,0.03193651,0.03364093,0.00170442,0.03193651
adult,logreg,beta,4,699,0.26752504,0.99856938,1.00000000,0.00143062,0.99902344,1.00000000,0.00097656,1.00000000,1.00000000,0.00000000,0.99804688,1.00000000,0.00195312,1.00000000,1.00000000,0.00000000,1.00000000,1.00000000,0.00000000,0.00752114,0.00015295,0.00736820,0.03785189,0.00071143,0.03714046,0.03308438,0.00061468,0.03246969,0.03308438,0.00061468,0.03246969
adult,logreg,beta,5,699,0.26752504,0.99713877,0.99713877,0.00000000,0.99634964,0.99465241,-0.00169723,0.99465241,0.98930481,-0.00534759,0.99804688,1.00000000,0.00195312,0.99997911,0.99983289,-0.00014622,0.99994296,0.99957430,-0.00036865,0.00749079,0.00279836,0.00469243,0.03787762,0.01979233,0.01808529,0.02892748,0.00250999,0.02641749,0.03143214,0.00303583,0.02839631
adult,logreg,beta,6,699,0.26752504,1.00000000,0.99856938,-0.00143062,1.00000000,0.99732620,-0.00267380,1.00000000,0.99465241,-0.00534759,1.00000000,1.00000000,0.00000000,1.00000000,1.00000000,0.00000000,1.00000000,1.00000000,0.00000000,0.00708936,0.00095974,0.00612962,0.03707630,0.00252177,0.03455453,0.03268888,0.00163129,0.03105759,0.03268888,0.00163129,0.03105759
adult,logreg,beta,7,699,0.26752504,1.00000000,1.00000000,0.00000000,1.00000000,1.00000000,0.00000000,1.00000000,1.00000000,0.00000000,1.00000000,1.00000000,0.00000000,1.00000000,1.00000000,0.00000000,1.00000000,1.00000000,0.00000000,0.00680545,0.00005916,0.00674629,0.03606341,0.00060405,0.03545936,0.03185519,0.00057127,0.03128392,0.03185519,0.00057127,0.03128392
adult,logreg,beta,8,699,0.26752504,1.00000000,1.00000000,0.00000000,1.00000000,1.00000000,0.00000000,1.00000000,1.00000000,0.00000000,1.00000000,1.00000000,0.00000000,1.00000000,1.00000000,0.00000000,1.00000000,1.00000000,0.00000000,0.00724370,0.00019207,0.00705162,0.03789087,0.00099202,0.03689885,0.03347563,0.00086658,0.03260905,0.03347563,0.00086658,0.03260905
adult,logreg,beta,9,699,0.26752504,1.00000000,1.00000000,0.00000000,1.00000000,1.00000000,0.00000000,1.00000000,1.00000000,0.00000000,1.00000000,1.00000000,0.00000000,1.00000000,1.00000000,0.00000000,1.00000000,1.00000000,0.00000000,0.00729710,0.00001031,0.00728680,0.03778189,0.00032964,0.03745225,0.03327422,0.00032431,0.03294991,0.03327422,0.00032431,0.03294991
adult,dtree,platt,0,699,0.26752504,0.89985694,0.89842632,-0.00143062,0.89599870,0.86956363,-0.02643508,0.88770053,0.80748663,-0.08021390,0.90429688,0.93164062,0.02734375,0.90415587,0.89600393,-0.00815195,0.74856787,0.73308339,-0.01548448,0.09298404,0.08122857,0.01175547,2.92296277,0.28685794,2.63610483,0.08839856,0.02258637,0.06581219,0.08839856,0.02258637,0.06581219
adult,dtree,platt,1,699,0.26752504,0.91416309,0.91559371,0.00143062,0.90406710,0.87958514,-0.02448195,0.88235294,0.80213904,-0.08021390,0.92578125,0.95703125,0.03125000,0.91497640,0.92429291,0.00931651,0.79838914,0.81326190,0.01487275,0.07598442,0.06930329,0.00668113,2.30407967,0.25559974,2.04847993,0.07120194,0.01705707,0.05414487,0.07120194,0.01705707,0.05414487
adult,dtree,platt,2,699,0.26752504,0.92560801,0.91559371,-0.01001431,0.91018236,0.87958514,-0.03059722,0.87700535,0.80213904,-0.07486631,0.94335938,0.95703125,0.01367188,0.91415650,0.91180648,-0.00235002,0.79689581,0.80807431,0.01117849,0.07151749,0.06761775,0.00389974,2.34075331,0.25393530,2.08681801,0.06765977,0.02155370,0.04610607,0.06765977,0.02941731,0.03824246
adult,dtree,platt,3,699,0.26752504,0.91702432,0.90844063,-0.00858369,0.91450639,0.87470233,-0.03980406,0.90909091,0.80213904,-0.10695187,0.91992188,0.94726562,0.02734375,0.92267401,0.91673630,-0.00593771,0.79218035,0.80426199,0.01208164,0.07558022,0.07028371,0.00529651,2.30399178,0.25469652,2.04929526,0.06895126,0.02473659,0.04421467,0.06895126,0.02473659,0.04421467
adult,dtree,platt,4,699,0.26752504,0.91416309,0.89985694,-0.01430615,0.90746156,0.86544849,-0.04201308,0.89304813,0.79144385,-0.10160428,0.92187500,0.93945312,0.01757812,0.91115892,0.89994151,-0.01121741,0.76540707,0.77406654,0.00865947,0.08234011,0.07676433,0.00557578,2.65655408,0.27408194,2.38247213,0.07762084,0.02645344,0.05116741,0.07762084,0.02645344,0.05116741
adult,dtree,platt,5,699,0.26752504,0.90557940,0.89985694,-0.00572246,0.89141878,0.85865955,-0.03275923,0.86096257,0.77005348,-0.09090909,0.92187500,0.94726562,0.02539062,0.89872472,0.88937166,-0.00935307,0.75971221,0.75927391,-0.00043831,0.08735198,0.08034391,0.00700807,2.76500419,0.28986166,2.47514253,0.08171131,0.01867511,0.06303620,0.08171131,0.01867511,0.06303620
adult,dtree,platt,6,699,0.26752504,0.89842632,0.89413448,-0.00429185,0.87804980,0.84626713,-0.03178267,0.83422460,0.74331551,-0.09090909,0.92187500,0.94921875,0.02734375,0.88566385,0.88611297,0.00044911,0.74414845,0.75825621,0.01410776,0.09536528,0.08584433,0.00952095,2.97736699,0.30528093,2.67208606,0.09004564,0.01405743,0.07598820,0.09004564,0.01405743,0.07598820
adult,dtree,platt,7,699,0.26752504,0.91702432,0.90701001,-0.01001431,0.91111192,0.87202853,-0.03908339,0.89839572,0.79679144,-0.10160428,0.92382812,0.94726562,0.02343750,0.91767630,0.91302849,-0.00464781,0.78531909,0.77593720,-0.00938189,0.07730334,0.07210166,0.00520168,2.40408552,0.26055854,2.14352698,0.07213090,0.02006602,0.05206488,0.07213090,0.02006602,0.05206488
adult,dtree,platt,8,699,0.26752504,0.90271817,0.91130186,0.00858369,0.88946566,0.87326099,-0.01620467,0.86096257,0.79144385,-0.06951872,0.91796875,0.95507812,0.03710938,0.90263620,0.89142401,-0.01121219,0.77928009,0.80077440,0.02149431,0.08541724,0.07491204,0.01050520,2.56705521,0.27483332,2.29222189,0.08462735,0.00340901,0.08121834,0.08462735,0.00406036,0.08056699
adult,dtree,platt,9,699,0.26752504,0.89842632,0.89270386,-0.00572246,0.88144427,0.84868504,-0.03275923,0.84491979,0.75401070,-0.09090909,0.91796875,0.94335938,0.02539062,0.88831676,0.87754846,-0.01076830,0.74024811,0.74704166,0.00679355,0.09457848,0.08592215,0.00865632,3.02297197,0.30514648,2.71782548,0.08954191,0.01074433,0.07879758,0.08954191,0.01074433,0.07879758
adult,dtree,temperature,0,699,0.26752504,0.89985694,0.89985694,0.00000000,0.89599870,0.89599870,0.00000000,0.88770053,0.88770053,0.00000000,0.90429688,0.90429688,0.00000000,0.90415587,0.89248412,-0.01167175,0.74856787,0.72691048,-0.02165739,0.09298404,0.08432270,0.00866135,2.92296277,0.30712147,2.61584130,0.08839856,0.05577214,0.03262642,0.08839856,0.05577214,0.03262642
adult,dtree,temperature,1,699,0.26752504,0.91416309,0.91416309,0.00000000,0.90406710,0.90406710,0.00000000,0.88235294,0.88235294,0.00000000,0.92578125,0.92578125,0.00000000,0.91497640,0.91883042,0.00385403,0.79838914,0.81440716,0.01601802,0.07598442,0.07026951,0.00571490,2.30407967,0.26483487,2.03924480,0.07120194,0.03993706,0.03126487,0.07120194,0.04208658,0.02911536
adult,dtree,temperature,2,699,0.26752504,0.92560801,0.92560801,0.00000000,0.91018236,0.91018236,0.00000000,0.87700535,0.87700535,0.00000000,0.94335938,0.94335938,0.00000000,0.91415650,0.91591118,0.00175468,0.79689581,0.81081676,0.01392095,0.07151749,0.06767473,0.00384275,2.34075331,0.25992544,2.08082788,0.06765977,0.04102493,0.02663484,0.06765977,0.04102493,0.02663484
adult,dtree,temperature,3,699,0.26752504,0.91702432,0.91702432,0.00000000,0.91450639,0.91450639,0.00000000,0.90909091,0.90909091,0.00000000,0.91992188,0.91992188,0.00000000,0.92267401,0.91666319,-0.00601082,0.79218035,0.79949987,0.00731951,0.07558022,0.07083865,0.00474157,2.30399178,0.26629424,2.03769754,0.06895126,0.04971588,0.01923538,0.06895126,0.04971588,0.01923538
adult,dtree,temperature,4,699,0.26752504,0.91416309,0.91416309,0.00000000,0.90746156,0.90746156,0.00000000,0.89304813,0.89304813,0.00000000,0.92187500,0.92187500,0.00000000,0.91115892,0.90091285,-0.01024607,0.76540707,0.77709360,0.01168653,0.08234011,0.07729972,0.00504040,2.65655408,0.28709762,2.36945646,0.07762084,0.05574554,0.02187530,0.07762084,0.05574554,0.02187530
adult,dtree,temperature,5,699,0.26752504,0.90557940,0.90557940,0.00000000,0.89141878,0.89141878,0.00000000,0.86096257,0.86096257,0.00000000,0.92187500,0.92187500,0.00000000,0.89872472,0.89304813,-0.00567660,0.75971221,0.77067571,0.01096350,0.08735198,0.08085163,0.00650035,2.76500419,0.29784512,2.46715907,0.08171131,0.04141124,0.04030007,0.08171131,0.04141124,0.04030007
adult,dtree,temperature,6,699,0.26752504,0.89842632,0.89842632,0.00000000,0.87804980,0.87804980,0.00000000,0.83422460,0.83422460,0.00000000,0.92187500,0.92187500,0.00000000,0.88566385,0.88474474,-0.00091912,0.74414845,0.75734416,0.01319571,0.09536528,0.08613073,0.00923455,2.97736699,0.31155029,2.66581670,0.09004564,0.03155919,0.05848644,0.09004564,0.03155919,0.05848644
adult,dtree,temperature,7,699,0.26752504,0.91702432,0.91702432,0.00000000,0.91111192,0.91111192,0.00000000,0.89839572,0.89839572,0.00000000,0.92382812,0.92382812,0.00000000,0.91767630,0.91266293,-0.00501337,0.78531909,0.79045470,0.00513562,0.07730334,0.07248742,0.00481593,2.40408552,0.27242100,2.13166452,0.07213090,0.05108840,0.02104250,0.07213090,0.05108840,0.02104250
adult,dtree,temperature,8,699,0.26752504,0.90271817,0.90271817,0.00000000,0.88946566,0.88946566,0.00000000,0.86096257,0.86096257,0.00000000,0.91796875,0.91796875,0.00000000,0.90263620,0.89393069,-0.00870551,0.77928009,0.80392332,0.02464323,0.08541724,0.07701115,0.00840609,2.56705521,0.28477892,2.28227630,0.08462735,0.03555976,0.04906759,0.08462735,0.03555976,0.04906759
adult,dtree,temperature,9,699,0.26752504,0.89842632,0.89842632,0.00000000,0.88144427,0.88144427,0.00000000,0.84491979,0.84491979,0.00000000,0.91796875,0.91796875,0.00000000,0.88831676,0.87883836,-0.00947840,0.74024811,0.74093835,0.00069024,0.09457848,0.08702350,0.00755497,3.02297197,0.31490401,2.70806796,0.08954191,0.04102625,0.04851566,0.08954191,0.04244515,0.04709676
adult,dtree,histbin,0,699,0.26752504,0.89985694,0.89270386,-0.00715308,0.89599870,0.87584078,-0.02015792,0.88770053,0.83957219,-0.04812834,0.90429688,0.91210938,0.00781250,0.90415587,0.89321524,-0.01094063,0.74856787,0.71925181,-0.02931606,0.09298404,0.08528240,0.00770164,2.92296277,0.39220924,2.53075353,0.08839856,0.02405562,0.06434294,0.08839856,0.03275853,0.05564003
adult,dtree,histbin,1,699,0.26752504,0.91416309,0.90844063,-0.00572246,0.90406710,0.88318850,-0.02087859,0.88235294,0.82887701,-0.05347594,0.92578125,0.93750000,0.01171875,0.91497640,0.91881998,0.00384358,0.79838914,0.80254619,0.00415704,0.07598442,0.07124116,0.00474325,2.30407967,0.30769919,1.99638048,0.07120194,0.02218331,0.04901862,0.07120194,0.02561679,0.04558514
adult,dtree,histbin,2,699,0.26752504,0.92560801,0.92417740,-0.00143062,0.91018236,0.89902239,-0.01115997,0.87700535,0.84491979,-0.03208556,0.94335938,0.95312500,0.00976562,0.91415650,0.90793157,-0.00622493,0.79689581,0.80545929,0.00856348,0.07151749,0.06712230,0.00439519,2.34075331,0.25290972,2.08784359,0.06765977,0.02120505,0.04645472,0.06765977,0.02120505,0.04645472
adult,dtree,histbin,3,699,0.26752504,0.91702432,0.90987124,-0.00715308,0.91450639,0.88925677,-0.02524962,0.90909091,0.84491979,-0.06417112,0.91992188,0.93359375,0.01367188,0.92267401,0.89370091,-0.02897309,0.79218035,0.77561418,-0.01656617,0.07558022,0.07519417,0.00038605,2.30399178,0.50723699,1.79675479,0.06895126,0.00825506,0.06069619,0.06895126,0.01481906,0.05413220
adult,dtree,histbin,4,699,0.26752504,0.91416309,0.90271817,-0.01144492,0.90746156,0.87928225,-0.02817931,0.89304813,0.82887701,-0.06417112,0.92187500,0.92968750,0.00781250,0.91115892,0.89340324,-0.01775568,0.76540707,0.76656637,0.00115930,0.08234011,0.07920235,0.00313776,2.65655408,0.37559501,2.28095907,0.07762084,0.02145156,0.05616928,0.07762084,0.02145156,0.05616928
adult,dtree,histbin,5,699,0.26752504,0.90557940,0.89985694,-0.00572246,0.89141878,0.86375125,-0.02766753,0.86096257,0.78609626,-0.07486631,0.92187500,0.94140625,0.01953125,0.89872472,0.89044744,-0.00827728,0.75971221,0.75801192,-0.00170029,0.08735198,0.08188113,0.00547085,2.76500419,0.29305153,2.47195266,0.08171131,0.01987244,0.06183887,0.08171131,0.02101693,0.06069438
adult,dtree,histbin,6,699,0.26752504,0.89842632,0.88984263,-0.00858369,0.87804980,0.85861255,-0.01943725,0.83422460,0.79144385,-0.04278075,0.92187500,0.92578125,0.00390625,0.88566385,0.88210749,-0.00355636,0.74414845,0.75043882,0.00629037,0.09536528,0.08627680,0.00908848,2.97736699,0.30625998,2.67110702,0.09004564,0.02612061,0.06392503,0.09004564,0.03148542,0.05856022
adult,dtree,histbin,7,699,0.26752504,0.91702432,0.91130186,-0.00572246,0.91111192,0.88683886,-0.02427306,0.89839572,0.83422460,-0.06417112,0.92382812,0.93945312,0.01562500,0.91767630,0.90578000,-0.01189631,0.78531909,0.75905534,-0.02626375,0.07730334,0.07440368,0.00289966,2.40408552,0.41046061,1.99362491,0.07213090,0.01214648,0.05998442,0.07213090,0.02103627,0.05109463
adult,dtree,histbin,8,699,0.26752504,0.90271817,0.90844063,0.00572246,0.88946566,0.87639957,-0.01306609,0.86096257,0.80748663,-0.05347594,0.91796875,0.94531250,0.02734375,0.90263620,0.88626441,-0.01637178,0.77928009,0.80647412,0.02719403,0.08541724,0.07555252,0.00986471,2.56705521,0.32545634,2.24159887,0.08462735,0.00676702,0.07786034,0.08462735,0.01039979,0.07422756
adult,dtree,histbin,9,699,0.26752504,0.89842632,0.89699571,-0.00143062,0.88144427,0.86858707,-0.01285720,0.84491979,0.80748663,-0.03743316,0.91796875,0.92968750,0.01171875,0.88831676,0.87329232,-0.01502444,0.74024811,0.74605106,0.00580295,0.09457848,0.08681974,0.00775874,3.02297197,0.35469763,2.66827433,0.08954191,0.01121893,0.07832298,0.08954191,0.01121893,0.07832298
adult,dtree,isotonic,0,699,0.26752504,0.89985694,0.89413448,-0.00572246,0.89599870,0.87512011,-0.02087859,0.88770053,0.83422460,-0.05347594,0.90429688,0.91601562,0.01171875,0.90415587,0.89615015,-0.00800572,0.74856787,0.73368445,-0.01488342,0.09298404,0.08239594,0.01058810,2.92296277,0.28957609,2.63338668,0.08839856,0.02123074,0.06716782,0.08839856,0.02588024,0.06251832
adult,dtree,isotonic,1,699,0.26752504,0.91416309,0.91416309,0.00000000,0.90406710,0.88709475,-0.01697234,0.88235294,0.82887701,-0.05347594,0.92578125,0.94531250,0.01953125,0.91497640,0.92031877,0.00534237,0.79838914,0.81159274,0.01320360,0.07598442,0.06958950,0.00639491,2.30407967,0.25616793,2.04791174,0.07120194,0.01946235,0.05173958,0.07120194,0.01946235,0.05173958
adult,dtree,isotonic,2,699,0.26752504,0.92560801,0.92274678,-0.00286123,0.91018236,0.89634860,-0.01383377,0.87700535,0.83957219,-0.03743316,0.94335938,0.95312500,0.00976562,0.91415650,0.90792112,-0.00623538,0.79689581,0.80538085,0.00848504,0.07151749,0.06717364,0.00434385,2.34075331,0.25296871,2.08778461,0.06765977,0.02127375,0.04638602,0.06765977,0.02127375,0.04638602
adult,dtree,isotonic,3,699,0.26752504,0.91702432,0.91130186,-0.00572246,0.91450639,0.89023333,-0.02427306,0.90909091,0.84491979,-0.06417112,0.91992188,0.93554688,0.01562500,0.92267401,0.89811894,-0.02455506,0.79218035,0.77636152,-0.01581883,0.07558022,0.07334049,0.00223973,2.30399178,0.26995183,2.03403995,0.06895126,0.01333809,0.05561317,0.06895126,0.01393389,0.05501737
adult,dtree,isotonic,4,699,0.26752504,0.91416309,0.89842632,-0.01573677,0.90746156,0.86956363,-0.03789794,0.89304813,0.80748663,-0.08556150,0.92187500,0.93164062,0.00976562,0.91115892,0.89833828,-0.01282065,0.76540707,0.76760070,0.00219363,0.08234011,0.07861539,0.00372472,2.65655408,0.28032226,2.37623182,0.07762084,0.01980646,0.05781438,0.07762084,0.02043506,0.05718578
adult,dtree,isotonic,5,699,0.26752504,0.90557940,0.90557940,0.00000000,0.89141878,0.87614367,-0.01527511,0.86096257,0.81283422,-0.04812834,0.92187500,0.93945312,0.01757812,0.89872472,0.89166945,-0.00705527,0.75971221,0.76105098,0.00133876,0.08735198,0.07846150,0.00889048,2.76500419,0.28527713,2.47972706,0.08171131,0.01808099,0.06363033,0.08171131,0.01808099,0.06363033
adult,dtree,isotonic,6,699,0.26752504,0.89842632,0.89127325,-0.00715308,0.87804980,0.86128635,-0.01676345,0.83422460,0.79679144,-0.03743316,0.92187500,0.92578125,0.00390625,0.88566385,0.88133982,-0.00432403,0.74414845,0.74668681,0.00253836,0.09536528,0.08688760,0.00847768,2.97736699,0.30786931,2.66949768,0.09004564,0.02117790,0.06886773,0.09004564,0.02677813,0.06326750
adult,dtree,isotonic,7,699,0.26752504,0.91702432,0.90844063,-0.00858369,0.91111192,0.87979403,-0.03131789,0.89839572,0.81818182,-0.08021390,0.92382812,0.94140625,0.01757812,0.91767630,0.90959225,-0.00808406,0.78531909,0.76824957,-0.01706952,0.07730334,0.07315795,0.00414539,2.40408552,0.26437218,2.13971334,0.07213090,0.01756595,0.05456495,0.07213090,0.01756595,0.05456495
adult,dtree,isotonic,8,699,0.26752504,0.90271817,0.90844063,0.00572246,0.88946566,0.87470233,-0.01476333,0.86096257,0.80213904,-0.05882353,0.91796875,0.94726562,0.02929688,0.90263620,0.89119423,-0.01144197,0.77928009,0.80949927,0.03021918,0.08541724,0.07495831,0.01045893,2.56705521,0.27588128,2.29117393,0.08462735,0.00490864,0.07971871,0.08462735,0.00880073,0.07582662
adult,dtree,isotonic,9,699,0.26752504,0.89842632,0.89699571,-0.00143062,0.88144427,0.86858707,-0.01285720,0.84491979,0.80748663,-0.03743316,0.91796875,0.92968750,0.01171875,0.88831676,0.87283276,-0.01548400,0.74024811,0.74087219,0.00062408,0.09457848,0.08713591,0.00744256,3.02297197,0.30914283,2.71382914,0.08954191,0.01100127,0.07854064,0.08954191,0.01171642,0.07782550
adult,dtree,beta,0,699,0.26752504,0.89985694,0.89699571,-0.00286123,0.89599870,0.87198153,-0.02401717,0.88770053,0.81818182,-0.06951872,0.90429688,0.92578125,0.02148438,0.90415587,0.89619193,-0.00796395,0.74856787,0.73379882,-0.01476905,0.09298404,0.08102070,0.01196334,2.92296277,0.28598876,2.63697401,0.08839856,0.02110928,0.06728928,0.08839856,0.02110928,0.06728928
adult,dtree,beta,1,699,0.26752504,0.91416309,0.91845494,0.00429185,0.90406710,0.88662997,-0.01743712,0.88235294,0.81818182,-0.06417112,0.92578125,0.95507812,0.02929688,0.91497640,0.92055377,0.00557737,0.79838914,0.81232471,0.01393557,0.07598442,0.06881882,0.00716560,2.30407967,0.25462007,2.04945960,0.07120194,0.01555863,0.05564330,0.07120194,0.01555863,0.05564330
adult,dtree,beta,2,699,0.26752504,0.92560801,0.92417740,-0.00143062,0.91018236,0.89732516,-0.01285720,0.87700535,0.83957219,-0.03743316,0.94335938,0.95507812,0.01171875,0.91415650,0.90802557,-0.00613093,0.79689581,0.80563407,0.00873826,0.07151749,0.06684695,0.00467054,2.34075331,0.25235621,2.08839710,0.06765977,0.02076126,0.04689851,0.06765977,0.02076126,0.04689851
adult,dtree,beta,3,699,0.26752504,0.91702432,0.91273247,-0.00429185,0.91450639,0.89460436,-0.01990203,0.90909091,0.85561497,-0.05347594,0.91992188,0.93359375,0.01367188,0.92267401,0.91810453,-0.00456948,0.79218035,0.79076061,-0.00141974,0.07558022,0.07027933,0.00530089,2.30399178,0.25533512,2.04865666,0.06895126,0.02306227,0.04588899,0.06895126,0.02388668,0.04506458
adult,dtree,beta,4,699,0.26752504,0.91416309,0.89842632,-0.01573677,0.90746156,0.86616916,-0.04129240,0.89304813,0.79679144,-0.09625668,0.92187500,0.93554688,0.01367188,0.91115892,0.90314798,-0.00801095,0.76540707,0.77241514,0.00700808,0.08234011,0.07628512,0.00605499,2.65655408,0.27261116,2.38394292,0.07762084,0.02156578,0.05605506,0.07762084,0.02358708,0.05403377
adult,dtree,beta,5,699,0.26752504,0.90557940,0.90701001,0.00143062,0.89141878,0.87712024,-0.01429855,0.86096257,0.81283422,-0.04812834,0.92187500,0.94140625,0.01953125,0.89872472,0.89176345,-0.00696127,0.75971221,0.76130722,0.00159501,0.08735198,0.07839879,0.00895319,2.76500419,0.28543094,2.47957325,0.08171131,0.01473827,0.06697304,0.08171131,0.01473827,0.06697304
adult,dtree,beta,6,699,0.26752504,0.89842632,0.89556509,-0.00286123,0.87804980,0.86421603,-0.01383377,0.83422460,0.79679144,-0.03743316,0.92187500,0.93164062,0.00976562,0.88566385,0.88177849,-0.00388536,0.74414845,0.74770246,0.00355401,0.09536528,0.08503120,0.01033408,2.97736699,0.30395861,2.67340839,0.09004564,0.02044660,0.06959903,0.09004564,0.02086340,0.06918224
adult,dtree,beta,7,699,0.26752504,0.91702432,0.90701001,-0.01001431,0.91111192,0.87542300,-0.03568892,0.89839572,0.80748663,-0.09090909,0.92382812,0.94335938,0.01953125,0.91767630,0.91315383,-0.00452248,0.78531909,0.77705839,-0.00826070,0.07730334,0.07235663,0.00494671,2.40408552,0.26106630,2.14301922,0.07213090,0.01978442,0.05234648,0.07213090,0.02051464,0.05161625
adult,dtree,beta,8,699,0.26752504,0.90271817,0.90557940,0.00286123,0.88946566,0.87274921,-0.01671645,0.86096257,0.80213904,-0.05882353,0.91796875,0.94335938,0.02539062,0.90263620,0.89118378,-0.01145241,0.77928009,0.80950443,0.03022435,0.08541724,0.07528758,0.01012966,2.56705521,0.27672373,2.29033148,0.08462735,0.00755378,0.07707357,0.08462735,0.01030462,0.07432273
adult,dtree,beta,9,699,0.26752504,0.89842632,0.89127325,-0.00715308,0.88144427,0.85958911,-0.02185516,0.84491979,0.79144385,-0.05347594,0.91796875,0.92773438,0.00976562,0.88831676,0.87699490,-0.01132186,0.74024811,0.74556074,0.00531263,0.09457848,0.08741556,0.00716291,3.02297197,0.30863216,2.71433981,0.08954191,0.00748386,0.08205806,0.08954191,0.01020363,0.07933828
adult,knn,platt,0,699,0.26752504,0.95994278,0.95708155,-0.00286123,0.95738114,0.93845567,-0.01892547,0.95187166,0.89839572,-0.05347594,0.96289062,0.97851562,0.01562500,0.99296039,0.99232850,-0.00063189,0.97499497,0.97918486,0.00418989,0.03135908,0.03372962,-0.00237054,0.09443547,0.10041326,-0.00597779,0.01773963,0.03134846,-0.01360883,0.01773963,0.03211168,-0.01437205
adult,knn,platt,1,699,0.26752504,0.95994278,0.95851216,-0.00143062,0.95398667,0.93773500,-0.01625167,0.94117647,0.89304813,-0.04812834,0.96679688,0.98242188,0.01562500,0.99258961,0.99024482,-0.00234479,0.97193534,0.97077016,-0.00116518,0.03050072,0.03326983,-0.00276911,0.13991574,0.11896530,0.02095044,0.01688126,0.02034619,-0.00346493,0.01974249,0.02139524,-0.00165275
adult,knn,platt,2,699,0.26752504,0.95135908,0.95135908,0.00000000,0.94812730,0.92436602,-0.02376128,0.94117647,0.86631016,-0.07486631,0.95507812,0.98242188,0.02734375,0.99280373,0.99246428,-0.00033945,0.97490594,0.98003974,0.00513380,0.03118741,0.03220429,-0.00101688,0.09250392,0.09552798,-0.00302406,0.01688126,0.01401842,0.00286284,0.01688126,0.01401842,0.00286284
adult,knn,platt,3,699,0.26752504,0.95851216,0.95994278,0.00143062,0.95131288,0.93361986,-0.01769301,0.93582888,0.87700535,-0.05882353,0.96679688,0.99023438,0.02343750,0.99063127,0.99133105,0.00069978,0.97394256,0.97902579,0.00508323,0.03072961,0.03078583,-0.00005622,0.14057197,0.10305857,0.03751341,0.01745351,0.01229069,0.00516282,0.01745351,0.01369014,0.00376337
adult,knn,platt,4,699,0.26752504,0.95851216,0.95565093,-0.00286123,0.95301011,0.93069017,-0.02231994,0.94117647,0.87700535,-0.06417112,0.96484375,0.98437500,0.01953125,0.99244861,0.99160261,-0.00084601,0.97161816,0.97737210,0.00575394,0.03141631,0.03236544,-0.00094913,0.14097522,0.10137687,0.03959836,0.02031474,0.01673002,0.00358471,0.02031474,0.01731811,0.00299662
adult,knn,platt,5,699,0.26752504,0.96280401,0.95565093,-0.00715308,0.95763703,0.92729571,-0.03034133,0.94652406,0.86631016,-0.08021390,0.96875000,0.98828125,0.01953125,0.99387951,0.99290817,-0.00097134,0.97808721,0.98116450,0.00307729,0.02935622,0.03116640,-0.00181017,0.08972040,0.09465490,-0.00493450,0.01630901,0.02075559,-0.00444658,0.01630901,0.02293250,-0.00662348
adult,knn,platt,6,699,0.26752504,0.95422031,0.95135908,-0.00286123,0.94498872,0.92097155,-0.02401717,0.92513369,0.85561497,-0.06951872,0.96484375,0.98632812,0.02148438,0.98912726,0.99161305,0.00248580,0.96946384,0.97855648,0.00909265,0.03399142,0.03410617,-0.00011476,0.14886485,0.10866816,0.04019669,0.01945637,0.02404968,-0.00459332,0.01945637,0.02404968,-0.00459332
adult,knn,platt,7,699,0.26752504,0.95278970,0.94992847,-0.00286123,0.94740663,0.92678392,-0.02062270,0.93582888,0.87700535,-0.05882353,0.95898438,0.97656250,0.01757812,0.99319017,0.99217706,-0.00101312,0.97648927,0.97953549,0.00304622,0.03090129,0.03022337,0.00067792,0.09231926,0.09155394,0.00076532,0.01831187,0.00763635,0.01067552,0.01831187,0.01058633,0.00772555
adult,knn,platt,8,699,0.26752504,0.95708155,0.94992847,-0.00715308,0.95203355,0.92169222,-0.03034133,0.94117647,0.86096257,-0.08021390,0.96289062,0.98242188,0.01953125,0.99418763,0.99349829,-0.00068934,0.97900683,0.98206293,0.00305610,0.02889843,0.02994543,-0.00104700,0.08846956,0.09092804,-0.00245848,0.02145923,0.01149666,0.00996257,0.02145923,0.01741503,0.00404419
adult,knn,platt,9,699,0.26752504,0.94706724,0.95708155,0.01001431,0.94519761,0.93166674,-0.01353087,0.94117647,0.87700535,-0.06417112,0.94921875,0.98632812,0.03710938,0.98990015,0.98768069,-0.00221946,0.97168969,0.97604807,0.00435838,0.03347639,0.03303194,0.00044445,0.14488494,0.10698025,0.03790469,0.02145923,0.01279910,0.00866013,0.02145923,0.01988822,0.00157101
adult,knn,temperature,0,699,0.26752504,0.95994278,0.95994278,0.00000000,0.95738114,0.95738114,0.00000000,0.95187166,0.95187166,0.00000000,0.96289062,0.96289062,0.00000000,0.99296039,0.99203605,-0.00092434,0.97499497,0.97843189,0.00343692,0.03135908,0.03523583,-0.00387674,0.09443547,0.10451187,-0.01007639,0.01773963,0.02146931,-0.00372968,0.01773963,0.03664249,-0.01890286
adult,knn,temperature,1,699,0.26752504,0.95994278,0.95994278,0.00000000,0.95398667,0.95398667,0.00000000,0.94117647,0.94117647,0.00000000,0.96679688,0.96679688,0.00000000,0.99258961,0.99097594,-0.00161368,0.97193534,0.97221533,0.00027998,0.03050072,0.03363401,-0.00313329,0.13991574,0.12001025,0.01990549,0.01688126,0.02513112,-0.00824987,0.01974249,0.02620549,-0.00646300
adult,knn,temperature,2,699,0.26752504,0.95135908,0.95135908,0.00000000,0.94812730,0.94812730,0.00000000,0.94117647,0.94117647,0.00000000,0.95507812,0.95507812,0.00000000,0.99280373,0.99291339,0.00010967,0.97490594,0.98097152,0.00606558,0.03118741,0.03253997,-0.00135256,0.09250392,0.09655344,-0.00404952,0.01688126,0.02341634,-0.00653508,0.01688126,0.02341634,-0.00653508
adult,knn,temperature,3,699,0.26752504,0.95851216,0.95851216,0.00000000,0.95131288,0.95131288,0.00000000,0.93582888,0.93582888,0.00000000,0.96679688,0.96679688,0.00000000,0.99063127,0.99133105,0.00069978,0.97394256,0.97902579,0.00508323,0.03072961,0.03210030,-0.00137069,0.14057197,0.10666033,0.03391165,0.01745351,0.01721197,0.00024154,0.01745351,0.01961957,-0.00216606
adult,knn,temperature,4,699,0.26752504,0.95851216,0.95851216,0.00000000,0.95301011,0.95301011,0.00000000,0.94117647,0.94117647,0.00000000,0.96484375,0.96484375,0.00000000,0.99244861,0.99286639,0.00041778,0.97161816,0.97993018,0.00831202,0.03141631,0.03414901,-0.00273270,0.14097522,0.10615878,0.03481644,0.02031474,0.02379085,-0.00347611,0.02031474,0.02515213,-0.00483739
adult,knn,temperature,5,699,0.26752504,0.96280401,0.96280401,0.00000000,0.95763703,0.95763703,0.00000000,0.94652406,0.94652406,0.00000000,0.96875000,0.96875000,0.00000000,0.99387951,0.99368107,-0.00019845,0.97808721,0.98296039,0.00487317,0.02935622,0.03144299,-0.00208676,0.08972040,0.09551844,-0.00579804,0.01630901,0.02313604,-0.00682703,0.01630901,0.02421035,-0.00790133
adult,knn,temperature,6,699,0.26752504,0.95422031,0.95422031,0.00000000,0.94498872,0.94498872,0.00000000,0.92513369,0.92513369,0.00000000,0.96484375,0.96484375,0.00000000,0.98912726,0.99166527,0.00253802,0.96946384,0.97843318,0.00896935,0.03399142,0.03644304,-0.00245163,0.14886485,0.11320949,0.03565536,0.01945637,0.02746807,-0.00801170,0.01945637,0.02784421,-0.00838785
adult,knn,temperature,7,699,0.26752504,0.95278970,0.95278970,0.00000000,0.94740663,0.94740663,0.00000000,0.93582888,0.93582888,0.00000000,0.95898438,0.95898438,0.00000000,0.99319017,0.99233372,-0.00085645,0.97648927,0.97980004,0.00331077,0.03090129,0.03259004,-0.00168875,0.09231926,0.09665016,-0.00433090,0.01831187,0.01919051,-0.00087864,0.01831187,0.01964771,-0.00133583
adult,knn,temperature,8,699,0.26752504,0.95708155,0.95708155,0.00000000,0.95203355,0.95203355,0.00000000,0.94117647,0.94117647,0.00000000,0.96289062,0.96289062,0.00000000,0.99418763,0.99418763,0.00000000,0.97900683,0.98354095,0.00453412,0.02889843,0.03044566,-0.00154723,0.08846956,0.09298759,-0.00451803,0.02145923,0.01724937,0.00420985,0.02145923,0.01799663,0.00346260
adult,knn,temperature,9,699,0.26752504,0.94706724,0.94706724,0.00000000,0.94519761,0.94519761,0.00000000,0.94117647,0.94117647,0.00000000,0.94921875,0.94921875,0.00000000,0.98990015,0.98842225,-0.00147790,0.97168969,0.97588759,0.00419791,0.03347639,0.03491392,-0.00143753,0.14488494,0.11006314,0.03482181,0.02145923,0.02559108,-0.00413185,0.02145923,0.02956305,-0.00810382
adult,knn,histbin,0,699,0.26752504,0.95994278,0.95994278,0.00000000,0.95738114,0.95738114,0.00000000,0.95187166,0.95187166,0.00000000,0.96289062,0.96289062,0.00000000,0.99296039,0.98807236,-0.00488803,0.97499497,0.97526278,0.00026781,0.03135908,0.03205805,-0.00069896,0.09443547,0.15452756,-0.06009209,0.01773963,0.01525959,0.00248004,0.01773963,0.01877110,-0.00103147
adult,knn,histbin,1,699,0.26752504,0.95994278,0.95851216,-0.00143062,0.95398667,0.93773500,-0.01625167,0.94117647,0.89304813,-0.04812834,0.96679688,0.98242188,0.01562500,0.99258961,0.99070438,-0.00188524,0.97193534,0.96979875,-0.00213659,0.03050072,0.02999288,0.00050784,0.13991574,0.14248374,-0.00256801,0.01688126,0.00465486,0.01222640,0.01974249,0.01313488,0.00660761
adult,knn,histbin,2,699,0.26752504,0.95135908,0.95278970,0.00143062,0.94812730,0.94061769,-0.00750961,0.94117647,0.91443850,-0.02673797,0.95507812,0.96679688,0.01171875,0.99280373,0.99201517,-0.00078856,0.97490594,0.97865276,0.00374682,0.03118741,0.03180810,-0.00062069,0.09250392,0.09690886,-0.00440494,0.01688126,0.01043605,0.00644521,0.01688126,0.01242831,0.00445295
adult,knn,histbin,3,699,0.26752504,0.95851216,0.95278970,-0.00572246,0.95131288,0.93552599,-0.01578689,0.93582888,0.89839572,-0.03743316,0.96679688,0.97265625,0.00585938,0.99063127,0.99002026,-0.00061100,0.97394256,0.97837781,0.00443525,0.03072961,0.02991617,0.00081345,0.14057197,0.14025917,0.00031280,0.01745351,0.00763704,0.00981646,0.01745351,0.01215579,0.00529772
adult,knn,histbin,4,699,0.26752504,0.95851216,0.95851216,0.00000000,0.95301011,0.94282670,-0.01018341,0.94117647,0.90909091,-0.03208556,0.96484375,0.97656250,0.01171875,0.99244861,0.99358707,0.00113845,0.97161816,0.98125249,0.00963433,0.03141631,0.02986270,0.00155361,0.14097522,0.09477104,0.04620418,0.02031474,0.01562025,0.00469449,0.02031474,0.01848148,0.00183326
adult,knn,histbin,5,699,0.26752504,0.96280401,0.95565093,-0.00715308,0.95763703,0.94087358,-0.01676345,0.94652406,0.90909091,-0.03743316,0.96875000,0.97265625,0.00390625,0.99387951,0.99030749,-0.00357203,0.97808721,0.97889280,0.00080559,0.02935622,0.02922520,0.00013102,0.08972040,0.13603398,-0.04631358,0.01630901,0.00758362,0.00872540,0.01630901,0.01414596,0.00216306
adult,knn,histbin,6,699,0.26752504,0.95422031,0.95135908,-0.00286123,0.94498872,0.92776049,-0.01722823,0.92513369,0.87700535,-0.04812834,0.96484375,0.97851562,0.01367188,0.98912726,0.98191532,-0.00721194,0.96946384,0.95098535,-0.01847849,0.03399142,0.03307039,0.00092103,0.14886485,0.29278623,-0.14392138,0.01945637,0.00954248,0.00991389,0.01945637,0.01998346,-0.00052710
adult,knn,histbin,7,699,0.26752504,0.95278970,0.94992847,-0.00286123,0.94740663,0.93866456,-0.00874206,0.93582888,0.91443850,-0.02139037,0.95898438,0.96289062,0.00390625,0.99319017,0.99302828,-0.00016189,0.97648927,0.98108002,0.00459075,0.03090129,0.02951620,0.00138508,0.09231926,0.09136209,0.00095717,0.01831187,0.01016952,0.00814236,0.01831187,0.01387948,0.00443239
adult,knn,histbin,8,699,0.26752504,0.95708155,0.95994278,0.00286123,0.95203355,0.95059220,-0.00144134,0.94117647,0.93048128,-0.01069519,0.96289062,0.97070312,0.00781250,0.99418763,0.99481430,0.00062667,0.97900683,0.98543860,0.00643177,0.02889843,0.02600068,0.00289775,0.08846956,0.08200936,0.00646019,0.02145923,0.01328835,0.00817088,0.02145923,0.01328835,0.00817088
adult,knn,histbin,9,699,0.26752504,0.94706724,0.94706724,0.00000000,0.94519761,0.94350038,-0.00169723,0.94117647,0.93582888,-0.00534759,0.94921875,0.95117188,0.00195312,0.98990015,0.98704880,-0.00285135,0.97168969,0.97513650,0.00344681,0.03347639,0.03227108,0.00120531,0.14488494,0.19112855,-0.04624360,0.02145923,0.01303553,0.00842370,0.02145923,0.01787250,0.00358673
adult,knn,isotonic,0,699,0.26752504,0.95994278,0.95994278,0.00000000,0.95738114,0.95738114,0.00000000,0.95187166,0.95187166,0.00000000,0.96289062,0.96289062,0.00000000,0.99296039,0.98950326,-0.00345714,0.97499497,0.97575524,0.00076027,0.03135908,0.03205030,-0.00069121,0.09443547,0.11143231,-0.01699684,0.01773963,0.01525402,0.00248561,0.01773963,0.01876553,-0.00102590
adult,knn,isotonic,1,699,0.26752504,0.95994278,0.95851216,-0.00143062,0.95398667,0.93773500,-0.01625167,0.94117647,0.89304813,-0.04812834,0.96679688,0.98242188,0.01562500,0.99258961,0.99074093,-0.00184868,0.97193534,0.96979875,-0.00213659,0.03050072,0.02996174,0.00053897,0.13991574,0.14238372,-0.00246798,0.01688126,0.00462551,0.01225574,0.01974249,0.01310553,0.00663696
adult,knn,isotonic,2,699,0.26752504,0.95135908,0.95278970,0.00143062,0.94812730,0.94061769,-0.00750961,0.94117647,0.91443850,-0.02673797,0.95507812,0.96679688,0.01171875,0.99280373,0.99201517,-0.00078856,0.97490594,0.97865276,0.00374682,0.03118741,0.03180810,-0.00062069,0.09250392,0.09690886,-0.00440494,0.01688126,0.01043605,0.00644521,0.01688126,0.01242831,0.00445295
adult,knn,isotonic,3,699,0.26752504,0.95851216,0.95278970,-0.00572246,0.95131288,0.93552599,-0.01578689,0.93582888,0.89839572,-0.03743316,0.96679688,0.97265625,0.00585938,0.99063127,0.99002026,-0.00061100,0.97394256,0.97837781,0.00443525,0.03072961,0.02991617,0.00081345,0.14057197,0.14025917,0.00031280,0.01745351,0.00763704,0.00981646,0.01745351,0.01215579,0.00529772
adult,knn,isotonic,4,699,0.26752504,0.95851216,0.95851216,0.00000000,0.95301011,0.94282670,-0.01018341,0.94117647,0.90909091,-0.03208556,0.96484375,0.97656250,0.01171875,0.99244861,0.99358707,0.00113845,0.97161816,0.98125249,0.00963433,0.03141631,0.02986268,0.00155363,0.14097522,0.09478056,0.04619466,0.02031474,0.01562978,0.00468496,0.02031474,0.01849101,0.00182373
adult,knn,isotonic,5,699,0.26752504,0.96280401,0.95565093,-0.00715308,0.95763703,0.94087358,-0.01676345,0.94652406,0.90909091,-0.03743316,0.96875000,0.97265625,0.00390625,0.99387951,0.99038582,-0.00349369,0.97808721,0.97898173,0.00089451,0.02935622,0.02911836,0.00023786,0.08972040,0.13562654,-0.04590614,0.01630901,0.00759052,0.00871849,0.01630901,0.01415286,0.00215615
adult,knn,isotonic,6,699,0.26752504,0.95422031,0.95135908,-0.00286123,0.94498872,0.92776049,-0.01722823,0.92513369,0.87700535,-0.04812834,0.96484375,0.97851562,0.01367188,0.98912726,0.98253154,-0.00659571,0.96946384,0.96048918,-0.00897466,0.03399142,0.03302624,0.00096518,0.14886485,0.20358480,-0.05471995,0.01945637,0.00954162,0.00991475,0.01945637,0.01998260,-0.00052623
adult,knn,isotonic,7,699,0.26752504,0.95278970,0.94992847,-0.00286123,0.94740663,0.93866456,-0.00874206,0.93582888,0.91443850,-0.02139037,0.95898438,0.96289062,0.00390625,0.99319017,0.99326851,0.00007833,0.97648927,0.98145099,0.00496172,0.03090129,0.02943371,0.00146758,0.09231926,0.09101739,0.00130187,0.01831187,0.01003265,0.00827923,0.01831187,0.01374261,0.00456926
adult,knn,isotonic,8,699,0.26752504,0.95708155,0.95994278,0.00286123,0.95203355,0.95059220,-0.00144134,0.94117647,0.93048128,-0.01069519,0.96289062,0.97070312,0.00781250,0.99418763,0.99481430,0.00062667,0.97900683,0.98543860,0.00643177,0.02889843,0.02600068,0.00289775,0.08846956,0.08200936,0.00646019,0.02145923,0.01328835,0.00817088,0.02145923,0.01328835,0.00817088
adult,knn,isotonic,9,699,0.26752504,0.94706724,0.94706724,0.00000000,0.94519761,0.94350038,-0.00169723,0.94117647,0.93582888,-0.00534759,0.94921875,0.95117188,0.00195312,0.98990015,0.98946670,-0.00043345,0.97168969,0.97660382,0.00491413,0.03347639,0.03220754,0.00126886,0.14488494,0.14717642,-0.00229148,0.02145923,0.01267138,0.00878785,0.02145923,0.02065009,0.00080914
adult,knn,beta,0,699,0.26752504,0.95994278,0.95565093,-0.00429185,0.95738114,0.93408464,-0.02329650,0.95187166,0.88770053,-0.06417112,0.96289062,0.98046875,0.01757812,0.99296039,0.99112738,-0.00183301,0.97499497,0.97617772,0.00118275,0.03135908,0.03443958,-0.00308049,0.09443547,0.10899278,-0.01455731,0.01773963,0.02860065,-0.01086102,0.01773963,0.03093650,-0.01319688
adult,knn,beta,1,699,0.26752504,0.95994278,0.96137339,0.00143062,0.95398667,0.94308260,-0.01090408,0.94117647,0.90374332,-0.03743316,0.96679688,0.98242188,0.01562500,0.99258961,0.99058949,-0.00200013,0.97193534,0.97201972,0.00008437,0.03050072,0.03308370,-0.00258298,0.13991574,0.13472352,0.00519221,0.01688126,0.01827037,-0.00138911,0.01974249,0.02307103,-0.00332854
adult,knn,beta,2,699,0.26752504,0.95135908,0.95422031,0.00286123,0.94812730,0.93141085,-0.01671645,0.94117647,0.88235294,-0.05882353,0.95507812,0.98046875,0.02539062,0.99280373,0.99224494,-0.00055878,0.97490594,0.97940023,0.00449429,0.03118741,0.03081850,0.00036891,0.09250392,0.09511293,-0.00260901,0.01688126,0.01040685,0.00647441,0.01688126,0.01138010,0.00550116
adult,knn,beta,3,699,0.26752504,0.95851216,0.95422031,-0.00429185,0.95131288,0.93989702,-0.01141586,0.93582888,0.90909091,-0.02673797,0.96679688,0.97070312,0.00390625,0.99063127,0.98914815,-0.00148312,0.97394256,0.97736175,0.00341919,0.03072961,0.03047609,0.00025352,0.14057197,0.13936006,0.00121191,0.01745351,0.00400702,0.01344649,0.01745351,0.00652017,0.01093333
adult,knn,beta,4,699,0.26752504,0.95851216,0.95851216,0.00000000,0.95301011,0.94282670,-0.01018341,0.94117647,0.90909091,-0.03208556,0.96484375,0.97656250,0.01171875,0.99244861,0.99169661,-0.00075201,0.97161816,0.97459070,0.00297254,0.03141631,0.03168980,-0.00027349,0.14097522,0.10242410,0.03855112,0.02031474,0.01330632,0.00700841,0.02031474,0.01966484,0.00064990
adult,knn,beta,5,699,0.26752504,0.96280401,0.95565093,-0.00715308,0.95763703,0.94087358,-0.01676345,0.94652406,0.90909091,-0.03743316,0.96875000,0.97265625,0.00390625,0.99387951,0.99386907,-0.00001044,0.97808721,0.98348095,0.00539374,0.02935622,0.02782030,0.00153592,0.08972040,0.08754892,0.00217148,0.01630901,0.00958452,0.00672449,0.01630901,0.01392511,0.00238390
adult,knn,beta,6,699,0.26752504,0.95422031,0.95135908,-0.00286123,0.94498872,0.92776049,-0.01722823,0.92513369,0.87700535,-0.04812834,0.96484375,0.97851562,0.01367188,0.98912726,0.98601479,-0.00311247,0.96946384,0.97286022,0.00339638,0.03399142,0.03534826,-0.00135684,0.14886485,0.15615166,-0.00728681,0.01945637,0.02307869,-0.00362232,0.01945637,0.02611997,-0.00666360
adult,knn,beta,7,699,0.26752504,0.95278970,0.95135908,-0.00143062,0.94740663,0.92266878,-0.02473784,0.93582888,0.86096257,-0.07486631,0.95898438,0.98437500,0.02539062,0.99319017,0.99272017,-0.00047000,0.97648927,0.98059234,0.00410307,0.03090129,0.02935939,0.00154190,0.09231926,0.08915205,0.00316721,0.01831187,0.00442594,0.01388593,0.01831187,0.01261102,0.00570085
adult,knn,beta,8,699,0.26752504,0.95708155,0.95994278,0.00286123,0.95203355,0.94719774,-0.00483581,0.94117647,0.91978610,-0.02139037,0.96289062,0.97460938,0.01171875,0.99418763,0.99373851,-0.00044911,0.97900683,0.98247841,0.00347158,0.02889843,0.02926669,-0.00036827,0.08846956,0.08956987,-0.00110032,0.02145923,0.01019546,0.01126377,0.02145923,0.01352951,0.00792971
adult,knn,beta,9,699,0.26752504,0.94706724,0.94849785,0.00143062,0.94519761,0.93768800,-0.00750961,0.94117647,0.91443850,-0.02673797,0.94921875,0.96093750,0.01171875,0.98990015,0.98875648,-0.00114367,0.97168969,0.97683156,0.00514187,0.03347639,0.03225159,0.00122481,0.14488494,0.14520584,-0.00032090,0.02145923,0.01343287,0.00802636,0.02145923,0.01899313,0.00246610
adult,nb,platt,0,699,0.26752504,0.93848355,0.93991416,0.00143062,0.93085206,0.92503969,-0.00581237,0.91443850,0.89304813,-0.02139037,0.94726562,0.95703125,0.00976562,0.98207721,0.98222343,0.00014622,0.95656037,0.95653870,-0.00002167,0.04710832,0.04404467,0.00306365,0.16807374,0.14875433,0.01931941,0.02769973,0.00853925,0.01916048,0.03428895,0.02059299,0.01369596
adult,nb,platt,1,699,0.26752504,0.93848355,0.92989986,-0.00858369,0.93254930,0.90632311,-0.02622619,0.91978610,0.85561497,-0.06417112,0.94531250,0.95703125,0.01171875,0.98298588,0.98236965,-0.00061623,0.95896791,0.95711232,-0.00185560,0.04743924,0.04464261,0.00279663,0.16508506,0.14914615,0.01593892,0.02960681,0.00866184,0.02094497,0.03076528,0.02384030,0.00692498
adult,nb,platt,2,699,0.26752504,0.93419170,0.94134478,0.00715308,0.92792238,0.92092455,-0.00699783,0.91443850,0.87700535,-0.03743316,0.94140625,0.96484375,0.02343750,0.98270388,0.98244276,-0.00026111,0.95795862,0.95680488,-0.00115374,0.04773748,0.04498283,0.00275465,0.16606452,0.14963382,0.01643070,0.03125677,0.00564362,0.02561315,0.03222922,0.01568147,0.01654774
adult,nb,platt,3,699,0.26752504,0.93991416,0.94420601,0.00429185,0.93182863,0.92966661,-0.00216202,0.91443850,0.89839572,-0.01604278,0.94921875,0.96093750,0.01171875,0.98350810,0.98334099,-0.00016711,0.96054846,0.95976264,-0.00078583,0.04542087,0.04263147,0.00278940,0.16148984,0.14445851,0.01703132,0.02276815,0.00478839,0.01797976,0.03072853,0.01442611,0.01630242
adult,nb,platt,4,699,0.26752504,0.93705293,0.93705293,0.00000000,0.93157274,0.91799486,-0.01357787,0.91978610,0.87700535,-0.04278075,0.94335938,0.95898438,0.01562500,0.98200409,0.98144009,-0.00056400,0.95687658,0.95481643,-0.00206015,0.04901577,0.04580561,0.00321016,0.17006486,0.15325159,0.01681327,0.03189839,0.00488800,0.02701039,0.03189839,0.01471396,0.01718443
adult,nb,platt,5,699,0.26752504,0.93705293,0.94277539,0.00572246,0.93326997,0.92529558,-0.00797439,0.92513369,0.88770053,-0.03743316,0.94140625,0.96289062,0.02148438,0.98256810,0.97987341,-0.00269469,0.95816634,0.95519319,-0.00297315,0.04612852,0.04382820,0.00230031,0.16641305,0.15635382,0.01005923,0.02900250,0.00367952,0.02532298,0.03408102,0.01840870,0.01567233
adult,nb,platt,6,699,0.26752504,0.93562232,0.94277539,0.00715308,0.93059617,0.92359835,-0.00699783,0.91978610,0.88235294,-0.03743316,0.94140625,0.96484375,0.02343750,0.98359166,0.98236965,-0.00122201,0.96020357,0.95679675,-0.00340682,0.04619989,0.04363696,0.00256294,0.16087788,0.14797650,0.01290138,0.02542490,0.00976909,0.01565581,0.03445414,0.02185500,0.01259914
adult,nb,platt,7,699,0.26752504,0.94134478,0.94420601,0.00286123,0.93280519,0.92796938,-0.00483581,0.91443850,0.89304813,-0.02139037,0.95117188,0.96289062,0.01171875,0.98366477,0.98322610,-0.00043867,0.96109162,0.96039101,-0.00070061,0.04536215,0.04272919,0.00263296,0.15953166,0.14430698,0.01522468,0.02496254,0.00819221,0.01677032,0.03404602,0.02048218,0.01356385
adult,nb,platt,8,699,0.26752504,0.93991416,0.94277539,0.00286123,0.93352586,0.92359835,-0.00992752,0.91978610,0.88235294,-0.03743316,0.94726562,0.96484375,0.01757812,0.98362299,0.98311121,-0.00051178,0.96011519,0.96009213,-0.00002306,0.04559292,0.04296134,0.00263158,0.16085856,0.14558414,0.01527442,0.02606654,0.00357650,0.02249004,0.03548729,0.01672528,0.01876201
adult,nb,platt,9,699,0.26752504,0.93991416,0.94706724,0.00715308,0.93352586,0.92992250,-0.00360336,0.91978610,0.89304813,-0.02673797,0.94726562,0.96679688,0.01953125,0.98373788,0.98330966,-0.00042823,0.96022804,0.95920517,-0.00102287,0.04486837,0.04310865,0.00175971,0.16084893,0.14593522,0.01491371,0.02483753,0.00723344,0.01760410,0.03521243,0.01794919,0.01726324
adult,nb,temperature,0,699,0.26752504,0.93848355,0.93848355,0.00000000,0.93085206,0.93085206,0.00000000,0.91443850,0.91443850,0.00000000,0.94726562,0.94726562,0.00000000,0.98207721,0.98222343,0.00014622,0.95656037,0.95699618,0.00043581,0.04710832,0.04636062,0.00074770,0.16807374,0.15533552,0.01273822,0.02769973,0.02427312,0.00342661,0.03428895,0.02427312,0.01001583
adult,nb,temperature,1,699,0.26752504,0.93848355,0.93848355,0.00000000,0.93254930,0.93254930,0.00000000,0.91978610,0.91978610,0.00000000,0.94531250,0.94531250,0.00000000,0.98298588,0.98256810,-0.00041778,0.95896791,0.95766695,-0.00130096,0.04743924,0.04663266,0.00080658,0.16508506,0.15520471,0.00988036,0.02960681,0.02388194,0.00572487,0.03076528,0.02388194,0.00688334
adult,nb,temperature,2,699,0.26752504,0.93419170,0.93419170,0.00000000,0.92792238,0.92792238,0.00000000,0.91443850,0.91443850,0.00000000,0.94140625,0.94140625,0.00000000,0.98270388,0.98257854,-0.00012533,0.95795862,0.95724537,-0.00071325,0.04773748,0.04702450,0.00071298,0.16606452,0.15538436,0.01068016,0.03125677,0.02438903,0.00686774,0.03222922,0.02587205,0.00635717
adult,nb,temperature,3,699,0.26752504,0.93991416,0.93991416,0.00000000,0.93182863,0.93182863,0.00000000,0.91443850,0.91443850,0.00000000,0.94921875,0.94921875,0.00000000,0.98350810,0.98338277,-0.00012533,0.96054846,0.95982736,-0.00072111,0.04542087,0.04472189,0.00069899,0.16148984,0.15007348,0.01141635,0.02276815,0.02267895,0.00008920,0.03072853,0.02403521,0.00669333
adult,nb,temperature,4,699,0.26752504,0.93705293,0.93705293,0.00000000,0.93157274,0.93157274,0.00000000,0.91978610,0.91978610,0.00000000,0.94335938,0.94335938,0.00000000,0.98200409,0.98165943,-0.00034467,0.95687658,0.95524717,-0.00162941,0.04901577,0.04792597,0.00108980,0.17006486,0.15880826,0.01125660,0.03189839,0.02378998,0.00810841,0.03189839,0.02658549,0.00531290
adult,nb,temperature,5,699,0.26752504,0.93705293,0.93705293,0.00000000,0.93326997,0.93326997,0.00000000,0.92513369,0.92513369,0.00000000,0.94140625,0.94140625,0.00000000,0.98256810,0.98151320,-0.00105490,0.95816634,0.95697480,-0.00119154,0.04612852,0.04583572,0.00029280,0.16641305,0.15683021,0.00958284,0.02900250,0.02179010,0.00721240,0.03408102,0.02974463,0.00433639
adult,nb,temperature,6,699,0.26752504,0.93562232,0.93562232,0.00000000,0.93059617,0.93059617,0.00000000,0.91978610,0.91978610,0.00000000,0.94140625,0.94140625,0.00000000,0.98359166,0.98260988,-0.00098178,0.96020357,0.95756436,-0.00263921,0.04619989,0.04570950,0.00049039,0.16087788,0.15389110,0.00698678,0.02542490,0.02305704,0.00236786,0.03445414,0.02310698,0.01134716
adult,nb,temperature,7,699,0.26752504,0.94134478,0.94134478,0.00000000,0.93280519,0.93280519,0.00000000,0.91443850,0.91443850,0.00000000,0.95117188,0.95117188,0.00000000,0.98366477,0.98368566,0.00002089,0.96109162,0.96128032,0.00018870,0.04536215,0.04444632,0.00091582,0.15953166,0.14885835,0.01067331,0.02496254,0.02365818,0.00130435,0.03404602,0.02365818,0.01038784
adult,nb,temperature,8,699,0.26752504,0.93991416,0.93991416,0.00000000,0.93352586,0.93352586,0.00000000,0.91978610,0.91978610,0.00000000,0.94726562,0.94726562,0.00000000,0.98362299,0.98347677,-0.00014622,0.96011519,0.96090747,0.00079228,0.04559292,0.04507820,0.00051472,0.16085856,0.14999843,0.01086013,0.02606654,0.02344734,0.00261919,0.03548729,0.02410267,0.01138463
adult,nb,temperature,9,699,0.26752504,0.93991416,0.93991416,0.00000000,0.93352586,0.93352586,0.00000000,0.91978610,0.91978610,0.00000000,0.94726562,0.94726562,0.00000000,0.98373788,0.98365433,-0.00008356,0.96022804,0.95993090,-0.00029714,0.04486837,0.04484590,0.00002247,0.16084893,0.15156754,0.00928139,0.02483753,0.02623341,-0.00139588,0.03521243,0.02634968,0.00886275
adult,nb,histbin,0,699,0.26752504,0.93848355,0.93419170,-0.00429185,0.93085206,0.91773897,-0.01311309,0.91443850,0.88235294,-0.03208556,0.94726562,0.95312500,0.00585938,0.98207721,0.95430523,-0.02777198,0.95656037,0.89051876,-0.06604161,0.04710832,0.04808597,-0.00097765,0.16807374,0.32008142,-0.15200768,0.02769973,0.00750697,0.02019275,0.03428895,0.01099542,0.02329353
adult,nb,histbin,1,699,0.26752504,0.93848355,0.93848355,0.00000000,0.93254930,0.92066866,-0.01188064,0.91978610,0.88235294,-0.03743316,0.94531250,0.95898438,0.01367188,0.98298588,0.93888912,-0.04409676,0.95896791,0.88380194,-0.07516598,0.04743924,0.05174383,-0.00430459,0.16508506,0.37652218,-0.21143711,0.02960681,0.01680148,0.01280533,0.03076528,0.02194375,0.00882153
adult,nb,histbin,2,699,0.26752504,0.93419170,0.92989986,-0.00429185,0.92792238,0.90971758,-0.01820480,0.91443850,0.86631016,-0.04812834,0.94140625,0.95312500,0.01171875,0.98270388,0.95389789,-0.02880598,0.95795862,0.88035217,-0.07760645,0.04773748,0.05100659,-0.00326911,0.16606452,0.28101810,-0.11495358,0.03125677,0.01216236,0.01909442,0.03222922,0.01216236,0.02006686
adult,nb,histbin,3,699,0.26752504,0.93991416,0.94420601,0.00429185,0.93182863,0.93136385,-0.00046478,0.91443850,0.90374332,-0.01069519,0.94921875,0.95898438,0.00976562,0.98350810,0.96307863,-0.02042948,0.96054846,0.92354461,-0.03700386,0.04542087,0.04346560,0.00195527,0.16148984,0.20922258,-0.04773274,0.02276815,0.00668446,0.01608369,0.03072853,0.00983117,0.02089737
adult,nb,histbin,4,699,0.26752504,0.93705293,0.93276109,-0.00429185,0.93157274,0.91167071,-0.01990203,0.91978610,0.86631016,-0.05347594,0.94335938,0.95703125,0.01367188,0.98200409,0.95919327,-0.02281083,0.95687658,0.89956754,-0.05730904,0.04901577,0.04949785,-0.00048208,0.17006486,0.18157396,-0.01150910,0.03189839,0.01648794,0.01541044,0.03189839,0.01816850,0.01372989
adult,nb,histbin,5,699,0.26752504,0.93705293,0.93705293,0.00000000,0.93326997,0.92138933,-0.01188064,0.92513369,0.88770053,-0.03743316,0.94140625,0.95507812,0.01367188,0.98256810,0.93974035,-0.04282775,0.95816634,0.88855448,-0.06961187,0.04612852,0.04880088,-0.00267237,0.16641305,0.37502854,-0.20861548,0.02900250,0.01741592,0.01158658,0.03408102,0.02327200,0.01080902
adult,nb,histbin,6,699,0.26752504,0.93562232,0.93991416,0.00429185,0.93059617,0.93013139,-0.00046478,0.91978610,0.90909091,-0.01069519,0.94140625,0.95117188,0.00976562,0.98359166,0.94973053,-0.03386113,0.96020357,0.90555427,-0.05464930,0.04619989,0.04769603,-0.00149613,0.16087788,0.27330107,-0.11242318,0.02542490,0.00800368,0.01742122,0.03445414,0.01650514,0.01794900
adult,nb,histbin,7,699,0.26752504,0.94134478,0.94134478,0.00000000,0.93280519,0.92601625,-0.00678894,0.91443850,0.89304813,-0.02139037,0.95117188,0.95898438,0.00781250,0.98366477,0.93027762,-0.05338716,0.96109162,0.87811081,-0.08298081,0.04536215,0.04917501,-0.00381287,0.15953166,0.42383039,-0.26429874,0.02496254,0.01414515,0.01081738,0.03404602,0.01732935,0.01671667
adult,nb,histbin,8,699,0.26752504,0.93991416,0.92560801,-0.01430615,0.93352586,0.90169619,-0.03182967,0.91978610,0.85026738,-0.06951872,0.94726562,0.95312500,0.00585938,0.98362299,0.95040420,-0.03321879,0.96011519,0.90805237,-0.05206282,0.04559292,0.05073562,-0.00514270,0.16085856,0.23239096,-0.07153240,0.02606654,0.01731942,0.00874712,0.03548729,0.02078014,0.01470715
adult,nb,histbin,9,699,0.26752504,0.93991416,0.94134478,0.00143062,0.93352586,0.92431902,-0.00920684,0.91978610,0.88770053,-0.03208556,0.94726562,0.96093750,0.01367188,0.98373788,0.94927619,-0.03446169,0.96022804,0.88092563,-0.07930241,0.04486837,0.04547918,-0.00061081,0.16084893,0.26745901,-0.10661008,0.02483753,0.01034271,0.01449482,0.03521243,0.01120108,0.02401135
adult,nb,isotonic,0,699,0.26752504,0.93848355,0.93562232,-0.00286123,0.93085206,0.91532106,-0.01553100,0.91443850,0.87165775,-0.04278075,0.94726562,0.95898438,0.01171875,0.98207721,0.98022330,-0.00185390,0.95656037,0.94725710,-0.00930327,0.04710832,0.04651399,0.00059432,0.16807374,0.19758385,-0.02951011,0.02769973,0.01119694,0.01650278,0.03428895,0.02043939,0.01384956
adult,nb,isotonic,1,699,0.26752504,0.93848355,0.93133047,-0.00715308,0.93254930,0.92257478,-0.00997452,0.91978610,0.90374332,-0.01604278,0.94531250,0.94140625,-0.00390625,0.98298588,0.98015541,-0.00283046,0.95896791,0.94623233,-0.01273558,0.04743924,0.04822007,-0.00078083,0.16508506,0.20302005,-0.03793499,0.02960681,0.01407943,0.01552738,0.03076528,0.02352261,0.00724267
adult,nb,isotonic,2,699,0.26752504,0.93419170,0.93991416,0.00572246,0.92792238,0.91994799,-0.00797439,0.91443850,0.87700535,-0.03743316,0.94140625,0.96289062,0.02148438,0.98270388,0.97881329,-0.00389058,0.95795862,0.94551288,-0.01244574,0.04773748,0.04690218,0.00083531,0.16606452,0.24522997,-0.07916545,0.03125677,0.01315480,0.01810198,0.03222922,0.01883020,0.01339902
adult,nb,isotonic,3,699,0.26752504,0.93991416,0.94420601,0.00429185,0.93182863,0.92796938,-0.00385925,0.91443850,0.89304813,-0.02139037,0.94921875,0.96289062,0.01367188,0.98350810,0.98023375,-0.00327436,0.96054846,0.95003636,-0.01051210,0.04542087,0.04386920,0.00155167,0.16148984,0.23564302,-0.07415318,0.02276815,0.01128537,0.01148278,0.03072853,0.01789187,0.01283667
adult,nb,isotonic,4,699,0.26752504,0.93705293,0.93705293,0.00000000,0.93157274,0.91969210,-0.01188064,0.91978610,0.88235294,-0.03743316,0.94335938,0.95703125,0.01367188,0.98200409,0.97782106,-0.00418303,0.95687658,0.94417942,-0.01269716,0.04901577,0.04644760,0.00256816,0.17006486,0.24562065,-0.07555579,0.03189839,0.01208271,0.01981568,0.03189839,0.02241044,0.00948795
adult,nb,isotonic,5,699,0.26752504,0.93705293,0.93991416,0.00286123,0.93326997,0.92673692,-0.00653305,0.92513369,0.89839572,-0.02673797,0.94140625,0.95507812,0.01367188,0.98256810,0.97643717,-0.00613093,0.95816634,0.93856416,-0.01960218,0.04612852,0.04626645,-0.00013794,0.16641305,0.29800056,-0.13158751,0.02900250,0.00767659,0.02132592,0.03408102,0.02864027,0.00544076
adult,nb,isotonic,6,699,0.26752504,0.93562232,0.94277539,0.00715308,0.93059617,0.92699281,-0.00360336,0.91978610,0.89304813,-0.02673797,0.94140625,0.96093750,0.01953125,0.98359166,0.97981075,-0.00378092,0.96020357,0.94088488,-0.01931868,0.04619989,0.04583263,0.00036726,0.16087788,0.24536305,-0.08448517,0.02542490,0.00555790,0.01986700,0.03445414,0.02357545,0.01087869
adult,nb,isotonic,7,699,0.26752504,0.94134478,0.94420601,0.00286123,0.93280519,0.93136385,-0.00144134,0.91443850,0.90374332,-0.01069519,0.95117188,0.95898438,0.00781250,0.98366477,0.97916841,-0.00449637,0.96109162,0.94624963,-0.01484198,0.04536215,0.04490190,0.00046025,0.15953166,0.19534872,-0.03581706,0.02496254,0.01460660,0.01035594,0.03404602,0.02719912,0.00684690
adult,nb,isotonic,8,699,0.26752504,0.93991416,0.93848355,-0.00143062,0.93352586,0.92066866,-0.01285720,0.91978610,0.88235294,-0.03743316,0.94726562,0.95898438,0.01171875,0.98362299,0.97799340,-0.00562960,0.96011519,0.94455999,-0.01555520,0.04559292,0.04585097,-0.00025805,0.16085856,0.24228383,-0.08142527,0.02606654,0.00745451,0.01861203,0.03548729,0.01966436,0.01582293
adult,nb,isotonic,9,699,0.26752504,0.93991416,0.94706724,0.00715308,0.93352586,0.92992250,-0.00360336,0.91978610,0.89304813,-0.02673797,0.94726562,0.96679688,0.01953125,0.98373788,0.98048442,-0.00325347,0.96022804,0.94150400,-0.01872404,0.04486837,0.04445867,0.00040970,0.16084893,0.24010293,-0.07925400,0.02483753,0.00599965,0.01883788,0.03521243,0.01892001,0.01629242
adult,nb,beta,0,699,0.26752504,0.93848355,0.93419170,-0.00429185,0.93085206,0.91604174,-0.01481033,0.91443850,0.87700535,-0.03743316,0.94726562,0.95507812,0.00781250,0.98207721,0.98197276,-0.00010445,0.95656037,0.95662764,0.00006727,0.04710832,0.04416518,0.00294314,0.16807374,0.14930777,0.01876597,0.02769973,0.00743733,0.02026239,0.03428895,0.02439725,0.00989170
adult,nb,beta,1,699,0.26752504,0.93848355,0.93276109,-0.00572246,0.93254930,0.90827624,-0.02427306,0.91978610,0.85561497,-0.06417112,0.94531250,0.96093750,0.01562500,0.98298588,0.98224432,-0.00074156,0.95896791,0.95632036,-0.00264755,0.04743924,0.04517505,0.00226419,0.16508506,0.15059445,0.01449062,0.02960681,0.00557071,0.02403609,0.03076528,0.01707921,0.01368607
adult,nb,beta,2,699,0.26752504,0.93419170,0.93705293,0.00286123,0.92792238,0.91290316,-0.01501922,0.91443850,0.86096257,-0.05347594,0.94140625,0.96484375,0.02343750,0.98270388,0.98194143,-0.00076245,0.95795862,0.95449162,-0.00346700,0.04773748,0.04527525,0.00246223,0.16606452,0.15152795,0.01453657,0.03125677,0.00876150,0.02249527,0.03222922,0.01732921,0.01490001
adult,nb,beta,3,699,0.26752504,0.93991416,0.94563662,0.00572246,0.93182863,0.93064317,-0.00118545,0.91443850,0.89839572,-0.01604278,0.94921875,0.96289062,0.01367188,0.98350810,0.98312166,-0.00038645,0.96054846,0.95947226,-0.00107621,0.04542087,0.04289163,0.00252924,0.16148984,0.14533187,0.01615797,0.02276815,0.00160985,0.02115829,0.03072853,0.01438052,0.01634801
adult,nb,beta,4,699,0.26752504,0.93705293,0.93705293,0.00000000,0.93157274,0.91799486,-0.01357787,0.91978610,0.87700535,-0.04278075,0.94335938,0.95898438,0.01562500,0.98200409,0.98127298,-0.00073112,0.95687658,0.95448871,-0.00238787,0.04901577,0.04562677,0.00338900,0.17006486,0.15328474,0.01678012,0.03189839,0.00328728,0.02861111,0.03189839,0.01164888,0.02024951
adult,nb,beta,5,699,0.26752504,0.93705293,0.94134478,0.00429185,0.93326997,0.92262178,-0.01064819,0.92513369,0.88235294,-0.04278075,0.94140625,0.96289062,0.02148438,0.98256810,0.97959141,-0.00297669,0.95816634,0.95507324,-0.00309310,0.04612852,0.04376567,0.00236285,0.16641305,0.15620030,0.01021275,0.02900250,0.00462667,0.02437584,0.03408102,0.01903118,0.01504984
adult,nb,beta,6,699,0.26752504,0.93562232,0.94277539,0.00715308,0.93059617,0.92359835,-0.00699783,0.91978610,0.88235294,-0.03743316,0.94140625,0.96484375,0.02343750,0.98359166,0.98249499,-0.00109667,0.96020357,0.95652617,-0.00367740,0.04619989,0.04358249,0.00261740,0.16087788,0.14807033,0.01280756,0.02542490,0.00919658,0.01622832,0.03445414,0.02132287,0.01313127
adult,nb,beta,7,699,0.26752504,0.94134478,0.94134478,0.00000000,0.93280519,0.92601625,-0.00678894,0.91443850,0.89304813,-0.02139037,0.95117188,0.95898438,0.00781250,0.98366477,0.98252632,-0.00113845,0.96109162,0.95740807,-0.00368355,0.04536215,0.04316916,0.00219298,0.15953166,0.14690671,0.01262495,0.02496254,0.00771557,0.01724697,0.03404602,0.01917076,0.01487527
adult,nb,beta,8,699,0.26752504,0.93991416,0.93991416,0.00000000,0.93352586,0.91994799,-0.01357787,0.91978610,0.87700535,-0.04278075,0.94726562,0.96289062,0.01562500,0.98362299,0.98286054,-0.00076245,0.96011519,0.95948989,-0.00062530,0.04559292,0.04306570,0.00252722,0.16085856,0.14653355,0.01432501,0.02606654,0.00249233,0.02357421,0.03548729,0.01432574,0.02116155
adult,nb,beta,9,699,0.26752504,0.93991416,0.94563662,0.00572246,0.93352586,0.92724870,-0.00627716,0.91978610,0.88770053,-0.03208556,0.94726562,0.96679688,0.01953125,0.98373788,0.98293366,-0.00080423,0.96022804,0.95809429,-0.00213375,0.04486837,0.04350636,0.00136201,0.16084893,0.14757256,0.01327637,0.02483753,0.00761108,0.01722645,0.03521243,0.01641607,0.01879636
adult,rf,platt,0,699,0.26752504,0.95708155,0.95994278,0.00286123,0.95712525,0.94719774,-0.00992752,0.95721925,0.91978610,-0.03743316,0.95703125,0.97460938,0.01757812,0.99349306,0.99280373,-0.00068934,0.98245322,0.98020709,-0.00224613,0.05356653,0.02925953,0.02430700,0.21144312,0.09916857,0.11227455,0.12767212,0.00639718,0.12127494,0.12767212,0.01001079,0.11766133
adult,rf,platt,1,699,0.26752504,0.96423462,0.97281831,0.00858369,0.96709977,0.96447297,-0.00262680,0.97326203,0.94652406,-0.02673797,0.96093750,0.98242188,0.02148438,0.99537308,0.99469418,-0.00067889,0.98779883,0.98551299,-0.00228583,0.05264079,0.02433566,0.02830514,0.21021704,0.08407465,0.12614239,0.13071716,0.01560485,0.11511231,0.13234876,0.01660119,0.11574758
adult,rf,platt,2,699,0.26752504,0.95565093,0.96137339,0.00572246,0.95954316,0.94987153,-0.00967162,0.96791444,0.92513369,-0.04278075,0.95117188,0.97460938,0.02343750,0.99461063,0.99462107,0.00001044,0.98555672,0.98561127,0.00005454,0.05352385,0.02663767,0.02688618,0.21163277,0.08345902,0.12817375,0.12642616,0.00472011,0.12170605,0.12642616,0.01441913,0.11200703
adult,rf,platt,3,699,0.26752504,0.95851216,0.97138770,0.01287554,0.95979905,0.96179917,0.00200013,0.96256684,0.94117647,-0.02139037,0.95703125,0.98242188,0.02539062,0.99498663,0.99476730,-0.00021933,0.98670369,0.98615295,-0.00055074,0.05277928,0.02453462,0.02824466,0.21046724,0.08214813,0.12831911,0.13417771,0.00670039,0.12747732,0.13417771,0.01582911,0.11834860
adult,rf,platt,4,699,0.26752504,0.95851216,0.96566524,0.00715308,0.96149628,0.95789292,-0.00360336,0.96791444,0.94117647,-0.02673797,0.95507812,0.97460938,0.01953125,0.99481952,0.99455841,-0.00026111,0.98616178,0.98549588,-0.00066589,0.05320510,0.02588088,0.02732422,0.21213116,0.08305146,0.12907970,0.13361747,0.01175089,0.12186658,0.13361747,0.01279697,0.12082050
adult,rf,platt,5,699,0.26752504,0.95851216,0.96137339,0.00286123,0.96149628,0.94817430,-0.01332198,0.96791444,0.91978610,-0.04812834,0.95507812,0.97656250,0.02148438,0.99347218,0.99296039,-0.00051178,0.98270816,0.98174279,-0.00096537,0.05369993,0.02845352,0.02524642,0.21113378,0.09581875,0.11531503,0.13215561,0.01081845,0.12133716,0.13215561,0.01417659,0.11797901
adult,rf,platt,6,699,0.26752504,0.95708155,0.95422031,-0.00286123,0.95712525,0.93650255,-0.02062270,0.95721925,0.89839572,-0.05882353,0.95703125,0.97460938,0.01757812,0.99443307,0.99409885,-0.00033422,0.98568196,0.98464152,-0.00104044,0.05292221,0.02765215,0.02527006,0.21017754,0.08667870,0.12349883,0.13151772,0.00595898,0.12555875,0.13151772,0.01425731,0.11726041
adult,rf,platt,7,699,0.26752504,0.95278970,0.96137339,0.00858369,0.95759003,0.95156877,-0.00602127,0.96791444,0.93048128,-0.03743316,0.94726562,0.97265625,0.02539062,0.99526863,0.99507019,-0.00019845,0.98741166,0.98720426,-0.00020740,0.05239418,0.02471006,0.02768412,0.20948485,0.08032427,0.12916058,0.14164966,0.01028484,0.13136482,0.14164966,0.01339991,0.12824975
adult,rf,platt,8,699,0.26752504,0.96137339,0.96709585,0.00572246,0.96514664,0.95717225,-0.00797439,0.97326203,0.93582888,-0.03743316,0.95703125,0.97851562,0.02148438,0.99589530,0.99573864,-0.00015667,0.98894281,0.98847219,-0.00047062,0.05153622,0.02281212,0.02872410,0.20698137,0.07555292,0.13142845,0.13548510,0.00753213,0.12795297,0.13548510,0.01346223,0.12202287
adult,rf,platt,9,699,0.26752504,0.95994278,0.96852647,0.00858369,0.96077561,0.95814881,-0.00262680,0.96256684,0.93582888,-0.02673797,0.95898438,0.98046875,0.02148438,0.99471507,0.99489263,0.00017756,0.98611382,0.98629644,0.00018262,0.05404462,0.02561806,0.02842655,0.21372487,0.08353432,0.13019055,0.13197610,0.00659916,0.12537694,0.13197610,0.01334181,0.11863428
adult,rf,temperature,0,699,0.26752504,0.95708155,0.95708155,0.00000000,0.95712525,0.95712525,0.00000000,0.95721925,0.95721925,0.00000000,0.95703125,0.95703125,0.00000000,0.99349306,0.99301262,-0.00048045,0.98245322,0.98067862,-0.00177459,0.05356653,0.03160673,0.02195979,0.21144312,0.10809435,0.10334877,0.12767212,0.02489669,0.10277543,0.12767212,0.02735951,0.10031261
adult,rf,temperature,1,699,0.26752504,0.96423462,0.96423462,0.00000000,0.96709977,0.96709977,0.00000000,0.97326203,0.97326203,0.00000000,0.96093750,0.96093750,0.00000000,0.99537308,0.99470463,-0.00066845,0.98779883,0.98562032,-0.00217851,0.05264079,0.02779772,0.02484307,0.21021704,0.09652631,0.11369073,0.13071716,0.02699359,0.10372357,0.13234876,0.03161405,0.10073471
adult,rf,temperature,2,699,0.26752504,0.95565093,0.95565093,0.00000000,0.95954316,0.95954316,0.00000000,0.96791444,0.96791444,0.00000000,0.95117188,0.95117188,0.00000000,0.99461063,0.99464196,0.00003133,0.98555672,0.98563321,0.00007648,0.05352385,0.02961600,0.02390785,0.21163277,0.09549196,0.11614081,0.12642616,0.02655151,0.09987465,0.12642616,0.02699232,0.09943385
adult,rf,temperature,3,699,0.26752504,0.95851216,0.95851216,0.00000000,0.95979905,0.95979905,0.00000000,0.96256684,0.96256684,0.00000000,0.95703125,0.95703125,0.00000000,0.99498663,0.99498663,0.00000000,0.98670369,0.98666745,-0.00003625,0.05277928,0.02770127,0.02507801,0.21046724,0.09290644,0.11756080,0.13417771,0.02524714,0.10893057,0.13417771,0.02533683,0.10884087
adult,rf,temperature,4,699,0.26752504,0.95851216,0.95851216,0.00000000,0.96149628,0.96149628,0.00000000,0.96791444,0.96791444,0.00000000,0.95507812,0.95507812,0.00000000,0.99481952,0.99473596,-0.00008356,0.98616178,0.98591082,-0.00025096,0.05320510,0.02825407,0.02495102,0.21213116,0.09245159,0.11967957,0.13361747,0.02422406,0.10939341,0.13361747,0.02422406,0.10939341
adult,rf,temperature,5,699,0.26752504,0.95851216,0.95851216,0.00000000,0.96149628,0.96149628,0.00000000,0.96791444,0.96791444,0.00000000,0.95507812,0.95507812,0.00000000,0.99347218,0.99341995,-0.00005222,0.98270816,0.98261489,-0.00009327,0.05369993,0.03115441,0.02254552,0.21113378,0.10281166,0.10832211,0.13215561,0.02530046,0.10685515,0.13215561,0.02806748,0.10408812
adult,rf,temperature,6,699,0.26752504,0.95708155,0.95708155,0.00000000,0.95712525,0.95712525,0.00000000,0.95721925,0.95721925,0.00000000,0.95703125,0.95703125,0.00000000,0.99443307,0.99417196,-0.00026111,0.98568196,0.98479444,-0.00088752,0.05292221,0.03007473,0.02284748,0.21017754,0.09658142,0.11359612,0.13151772,0.02440092,0.10711680,0.13151772,0.03023284,0.10128488
adult,rf,temperature,7,699,0.26752504,0.95278970,0.95278970,0.00000000,0.95759003,0.95759003,0.00000000,0.96791444,0.96791444,0.00000000,0.94726562,0.94726562,0.00000000,0.99526863,0.99520597,-0.00006267,0.98741166,0.98748734,0.00007567,0.05239418,0.02928861,0.02310557,0.20948485,0.09426377,0.11522108,0.14164966,0.02924139,0.11240827,0.14164966,0.03139559,0.11025408
adult,rf,temperature,8,699,0.26752504,0.96137339,0.96137339,0.00000000,0.96514664,0.96514664,0.00000000,0.97326203,0.97326203,0.00000000,0.95703125,0.95703125,0.00000000,0.99589530,0.99584308,-0.00005222,0.98894281,0.98869980,-0.00024301,0.05153622,0.02610613,0.02543010,0.20698137,0.08661263,0.12036875,0.13548510,0.02516045,0.11032464,0.13548510,0.02711777,0.10836733
adult,rf,temperature,9,699,0.26752504,0.95994278,0.95994278,0.00000000,0.96077561,0.96077561,0.00000000,0.96256684,0.96256684,0.00000000,0.95898438,0.95898438,0.00000000,0.99471507,0.99473596,0.00002089,0.98611382,0.98601272,-0.00010110,0.05404462,0.02904173,0.02500289,0.21372487,0.09620985,0.11751502,0.13197610,0.02763624,0.10433986,0.13197610,0.02763624,0.10433986
adult,rf,histbin,0,699,0.26752504,0.95708155,0.95135908,-0.00572246,0.95712525,0.93454942,-0.02257583,0.95721925,0.89839572,-0.05882353,0.95703125,0.97070312,0.01367188,0.99349306,0.99200472,-0.00148834,0.98245322,0.97800484,-0.00444838,0.05356653,0.03045955,0.02310697,0.21144312,0.09801847,0.11342465,0.12767212,0.00977132,0.11790080,0.12767212,0.01332095,0.11435117
adult,rf,histbin,1,699,0.26752504,0.96423462,0.95851216,-0.00572246,0.96709977,0.94961564,-0.01748412,0.97326203,0.93048128,-0.04278075,0.96093750,0.96875000,0.00781250,0.99537308,0.99273061,-0.00264246,0.98779883,0.97599464,-0.01180419,0.05264079,0.02754813,0.02509267,0.21021704,0.13454629,0.07567075,0.13071716,0.01122139,0.11949577,0.13234876,0.02057123,0.11177753
adult,rf,histbin,2,699,0.26752504,0.95565093,0.94420601,-0.01144492,0.95954316,0.92287767,-0.03666548,0.96791444,0.87700535,-0.09090909,0.95117188,0.96875000,0.01757812,0.99461063,0.99237028,-0.00224035,0.98555672,0.97868659,-0.00687013,0.05352385,0.03048529,0.02303856,0.21163277,0.09388196,0.11775081,0.12642616,0.00456197,0.12186419,0.12642616,0.01728185,0.10914432
adult,rf,histbin,3,699,0.26752504,0.95851216,0.96423462,0.00572246,0.95979905,0.95012742,-0.00967162,0.96256684,0.91978610,-0.04278075,0.95703125,0.98046875,0.02343750,0.99498663,0.99291862,-0.00206801,0.98670369,0.97534642,-0.01135727,0.05277928,0.02688127,0.02589800,0.21046724,0.13381992,0.07664733,0.13417771,0.00333184,0.13084587,0.13417771,0.00632898,0.12784872
adult,rf,histbin,4,699,0.26752504,0.95851216,0.95278970,-0.00572246,0.96149628,0.95080109,-0.01069519,0.96791444,0.94652406,-0.02139037,0.95507812,0.95507812,0.00000000,0.99481952,0.99237550,-0.00244402,0.98616178,0.97485167,-0.01131011,0.05320510,0.02873003,0.02447507,0.21213116,0.13523340,0.07689775,0.13361747,0.01605711,0.11756036,0.13361747,0.02290063,0.11071683
adult,rf,histbin,5,699,0.26752504,0.95851216,0.95708155,-0.00143062,0.96149628,0.94185014,-0.01964614,0.96791444,0.90909091,-0.05882353,0.95507812,0.97460938,0.01953125,0.99347218,0.98826036,-0.00521181,0.98270816,0.97467044,-0.00803772,0.05369993,0.02724582,0.02645411,0.21113378,0.18253952,0.02859426,0.13215561,0.00207531,0.13008029,0.13215561,0.01117570,0.12097990
adult,rf,histbin,6,699,0.26752504,0.95708155,0.95994278,0.00286123,0.95712525,0.94380327,-0.01332198,0.95721925,0.90909091,-0.04812834,0.95703125,0.97851562,0.02148438,0.99443307,0.99155561,-0.00287746,0.98568196,0.98057121,-0.00511075,0.05292221,0.02725397,0.02566824,0.21017754,0.13348774,0.07668980,0.13151772,0.00227589,0.12924184,0.13151772,0.00608478,0.12543295
adult,rf,histbin,7,699,0.26752504,0.95278970,0.96852647,0.01573677,0.95759003,0.95305711,-0.00453292,0.96791444,0.91978610,-0.04812834,0.94726562,0.98632812,0.03906250,0.99526863,0.99445918,-0.00080945,0.98741166,0.98407423,-0.00333744,0.05239418,0.02456540,0.02782878,0.20948485,0.08074393,0.12874092,0.14164966,0.01369820,0.12795147,0.14164966,0.01624265,0.12540701
adult,rf,histbin,8,699,0.26752504,0.96137339,0.95994278,-0.00143062,0.96514664,0.95059220,-0.01455444,0.97326203,0.93048128,-0.04278075,0.95703125,0.97070312,0.01367188,0.99589530,0.99474641,-0.00114890,0.98894281,0.98435418,-0.00458863,0.05153622,0.02427936,0.02725686,0.20698137,0.07860173,0.12837964,0.13548510,0.00888115,0.12660395,0.13548510,0.01337736,0.12210773
adult,rf,histbin,9,699,0.26752504,0.95994278,0.95708155,-0.00286123,0.96077561,0.95203355,-0.00874206,0.96256684,0.94117647,-0.02139037,0.95898438,0.96289062,0.00390625,0.99471507,0.99368629,-0.00102879,0.98611382,0.98172877,-0.00438505,0.05404462,0.02826693,0.02577768,0.21372487,0.08972582,0.12399905,0.13197610,0.00602590,0.12595020,0.13197610,0.01070598,0.12127012
adult,rf,isotonic,0,699,0.26752504,0.95708155,0.95708155,0.00000000,0.95712525,0.94354738,-0.01357787,0.95721925,0.91443850,-0.04278075,0.95703125,0.97265625,0.01562500,0.99349306,0.99166527,-0.00182779,0.98245322,0.97025418,-0.01219903,0.05356653,0.03023029,0.02333624,0.21144312,0.19101782,0.02042530,0.12767212,0.01313065,0.11454147,0.12767212,0.01743566,0.11023646
adult,rf,isotonic,1,699,0.26752504,0.96423462,0.96566524,0.00143062,0.96709977,0.95789292,-0.00920684,0.97326203,0.94117647,-0.03208556,0.96093750,0.97460938,0.01367188,0.99537308,0.99396829,-0.00140479,0.98779883,0.97628340,-0.01151543,0.05264079,0.02491373,0.02772706,0.21021704,0.17264454,0.03757250,0.13071716,0.01538776,0.11532940,0.13234876,0.01538776,0.11696100
adult,rf,isotonic,2,699,0.26752504,0.95565093,0.95851216,0.00286123,0.95954316,0.95131288,-0.00823028,0.96791444,0.93582888,-0.03208556,0.95117188,0.96679688,0.01562500,0.99461063,0.99380640,-0.00080423,0.98555672,0.98256102,-0.00299571,0.05352385,0.02850665,0.02501720,0.21163277,0.08705223,0.12458053,0.12642616,0.00975147,0.11667470,0.12642616,0.01986403,0.10656214
adult,rf,isotonic,3,699,0.26752504,0.95851216,0.95994278,0.00143062,0.95979905,0.94889497,-0.01090408,0.96256684,0.92513369,-0.03743316,0.95703125,0.97265625,0.01562500,0.99498663,0.99422940,-0.00075723,0.98670369,0.98043646,-0.00626723,0.05277928,0.02551828,0.02726100,0.21046724,0.12515443,0.08531281,0.13417771,0.01030434,0.12387337,0.13417771,0.01315593,0.12102177
adult,rf,isotonic,4,699,0.26752504,0.95851216,0.95708155,-0.00143062,0.96149628,0.95542802,-0.00606827,0.96791444,0.95187166,-0.01604278,0.95507812,0.95898438,0.00390625,0.99481952,0.99374373,-0.00107579,0.98616178,0.97794275,-0.00821903,0.05320510,0.02712996,0.02607513,0.21213116,0.12945017,0.08268098,0.13361747,0.01080814,0.12280933,0.13361747,0.01198806,0.12162941
adult,rf,isotonic,5,699,0.26752504,0.95851216,0.95422031,-0.00429185,0.96149628,0.94329149,-0.01820480,0.96791444,0.91978610,-0.04812834,0.95507812,0.96679688,0.01171875,0.99347218,0.98770158,-0.00577060,0.98270816,0.97077970,-0.01192846,0.05369993,0.02872609,0.02497384,0.21113378,0.23179055,-0.02065677,0.13215561,0.00706311,0.12509250,0.13215561,0.01907035,0.11308526
adult,rf,isotonic,6,699,0.26752504,0.95708155,0.95851216,0.00143062,0.95712525,0.94282670,-0.01429855,0.95721925,0.90909091,-0.04812834,0.95703125,0.97656250,0.01953125,0.99443307,0.99216139,-0.00227168,0.98568196,0.98230429,-0.00337767,0.05292221,0.02694738,0.02597483,0.21017754,0.12856645,0.08161109,0.13151772,0.01270482,0.11881291,0.13151772,0.01313477,0.11838296
adult,rf,isotonic,7,699,0.26752504,0.95278970,0.96423462,0.01144492,0.95759003,0.96200806,0.00441803,0.96791444,0.95721925,-0.01069519,0.94726562,0.96679688,0.01953125,0.99526863,0.99449052,-0.00077812,0.98741166,0.98144588,-0.00596578,0.05239418,0.02471874,0.02767544,0.20948485,0.12529292,0.08419193,0.14164966,0.01401363,0.12763603,0.14164966,0.01952575,0.12212392
adult,rf,isotonic,8,699,0.26752504,0.96137339,0.96566524,0.00429185,0.96514664,0.95619569,-0.00895095,0.97326203,0.93582888,-0.03743316,0.95703125,0.97656250,0.01953125,0.99589530,0.99440174,-0.00149357,0.98894281,0.98061495,-0.00832786,0.05153622,0.02412236,0.02741386,0.20698137,0.12211313,0.08486824,0.13548510,0.01119888,0.12428622,0.13548510,0.01562165,0.11986345
adult,rf,isotonic,9,699,0.26752504,0.95994278,0.96280401,0.00286123,0.96077561,0.95424256,-0.00653305,0.96256684,0.93582888,-0.02673797,0.95898438,0.97265625,0.01367188,0.99471507,0.99390040,-0.00081467,0.98611382,0.97942620,-0.00668762,0.05404462,0.02465655,0.02938807,0.21372487,0.12702659,0.08669828,0.13197610,0.00429413,0.12768197,0.13197610,0.01402240,0.11795370
adult,rf,beta,0,699,0.26752504,0.95708155,0.95994278,0.00286123,0.95712525,0.94719774,-0.00992752,0.95721925,0.91978610,-0.03743316,0.95703125,0.97460938,0.01757812,0.99349306,0.99269928,-0.00079378,0.98245322,0.97963039,-0.00282282,0.05356653,0.02937299,0.02419354,0.21144312,0.09942417,0.11201894,0.12767212,0.00653012,0.12114200,0.12767212,0.01068217,0.11698995
adult,rf,beta,1,699,0.26752504,0.96423462,0.97281831,0.00858369,0.96709977,0.96447297,-0.00262680,0.97326203,0.94652406,-0.02673797,0.96093750,0.98242188,0.02148438,0.99537308,0.99456885,-0.00080423,0.98779883,0.98507846,-0.00272036,0.05264079,0.02441204,0.02822875,0.21021704,0.08434269,0.12587435,0.13071716,0.01557583,0.11514133,0.13234876,0.01645069,0.11589807
adult,rf,beta,2,699,0.26752504,0.95565093,0.95994278,0.00429185,0.95954316,0.94889497,-0.01064819,0.96791444,0.92513369,-0.04278075,0.95117188,0.97265625,0.02148438,0.99461063,0.99451663,-0.00009400,0.98555672,0.98539692,-0.00015981,0.05352385,0.02702706,0.02649679,0.21163277,0.08420529,0.12742747,0.12642616,0.00489804,0.12152812,0.12642616,0.01291423,0.11351193
adult,rf,beta,3,699,0.26752504,0.95851216,0.97138770,0.01287554,0.95979905,0.96349641,0.00369736,0.96256684,0.94652406,-0.01604278,0.95703125,0.98046875,0.02343750,0.99498663,0.99467330,-0.00031334,0.98670369,0.98581309,-0.00089060,0.05277928,0.02467535,0.02810393,0.21046724,0.08242141,0.12804583,0.13417771,0.00527213,0.12890558,0.13417771,0.01304841,0.12112929
adult,rf,beta,4,699,0.26752504,0.95851216,0.96423462,0.00572246,0.96149628,0.95691636,-0.00457992,0.96791444,0.94117647,-0.02673797,0.95507812,0.97265625,0.01757812,0.99481952,0.99445396,-0.00036556,0.98616178,0.98513517,-0.00102661,0.05320510,0.02635000,0.02685510,0.21213116,0.08366019,0.12847097,0.13361747,0.00797487,0.12564260,0.13361747,0.00998636,0.12363111
adult,rf,beta,5,699,0.26752504,0.95851216,0.95994278,0.00143062,0.96149628,0.94719774,-0.01429855,0.96791444,0.91978610,-0.04812834,0.95507812,0.97460938,0.01953125,0.99347218,0.99275150,-0.00072067,0.98270816,0.98101459,-0.00169357,0.05369993,0.02860141,0.02509852,0.21113378,0.09610381,0.11502996,0.13215561,0.00960107,0.12255454,0.13215561,0.01645940,0.11569620
adult,rf,beta,6,699,0.26752504,0.95708155,0.95851216,0.00143062,0.95712525,0.94452394,-0.01260131,0.95721925,0.91443850,-0.04278075,0.95703125,0.97460938,0.01757812,0.99443307,0.99417196,-0.00026111,0.98568196,0.98478455,-0.00089741,0.05292221,0.02732332,0.02559889,0.21017754,0.08618201,0.12399553,0.13151772,0.00321232,0.12830540,0.13151772,0.00953302,0.12198470
adult,rf,beta,7,699,0.26752504,0.95278970,0.96137339,0.00858369,0.95759003,0.95156877,-0.00602127,0.96791444,0.93048128,-0.03743316,0.94726562,0.97265625,0.02539062,0.99526863,0.99509108,-0.00017756,0.98741166,0.98724776,-0.00016390,0.05239418,0.02469452,0.02769966,0.20948485,0.08026134,0.12922352,0.14164966,0.00912078,0.13252888,0.14164966,0.01298697,0.12866269
adult,rf,beta,8,699,0.26752504,0.96137339,0.96709585,0.00572246,0.96514664,0.95886949,-0.00627716,0.97326203,0.94117647,-0.03208556,0.95703125,0.97656250,0.01953125,0.99589530,0.99563419,-0.00026111,0.98894281,0.98799456,-0.00094825,0.05153622,0.02297109,0.02856513,0.20698137,0.07564056,0.13134081,0.13548510,0.00547012,0.13001498,0.13548510,0.01206152,0.12342357
adult,rf,beta,9,699,0.26752504,0.95994278,0.96280401,0.00286123,0.96077561,0.95424256,-0.00653305,0.96256684,0.93582888,-0.02673797,0.95898438,0.97265625,0.01367188,0.99471507,0.99487174,0.00015667,0.98611382,0.98619523,0.00008142,0.05404462,0.02562659,0.02841803,0.21372487,0.08321170,0.13051317,0.13197610,0.00330409,0.12867200,0.13197610,0.00548635,0.12648975
adult,svm,platt,0,699,0.26752504,0.98426323,0.97854077,-0.00572246,0.98586334,0.96837922,-0.01748412,0.98930481,0.94652406,-0.04278075,0.98242188,0.99023438,0.00781250,0.99870488,0.99852732,-0.00017756,0.99668424,0.99617877,-0.00050547,0.05236453,0.01387012,0.03849441,0.22573144,0.04366326,0.18206818,0.16407593,0.00984654,0.15422939,0.17372793,0.01261073,0.16111720
adult,svm,platt,1,699,0.26752504,0.97854077,0.98283262,0.00429185,0.98195709,0.97809784,-0.00385925,0.98930481,0.96791444,-0.02139037,0.97460938,0.98828125,0.01367188,0.99895555,0.99890333,-0.00005222,0.99721415,0.99707135,-0.00014280,0.05264233,0.01219642,0.04044590,0.22690732,0.03945979,0.18744752,0.16806975,0.00814193,0.15992782,0.16882069,0.01113574,0.15768496
adult,svm,platt,2,699,0.26752504,0.98426323,0.98855508,0.00429185,0.98416611,0.98539856,0.00123245,0.98395722,0.97860963,-0.00534759,0.98437500,0.99218750,0.00781250,0.99918533,0.99913310,-0.00005222,0.99789154,0.99777192,-0.00011962,0.05232325,0.00960832,0.04271494,0.22654339,0.03266367,0.19387972,0.16211057,0.00417768,0.15793288,0.17493065,0.00551895,0.16941169
adult,svm,platt,3,699,0.26752504,0.97567954,0.98998569,0.01430615,0.97830673,0.98467789,0.00637116,0.98395722,0.97326203,-0.01069519,0.97265625,0.99609375,0.02343750,0.99910177,0.99899733,-0.00010445,0.99768889,0.99742934,-0.00025956,0.05205175,0.01015531,0.04189644,0.22569123,0.03404771,0.19164352,0.16639613,0.00717980,0.15921633,0.16639613,0.01154498,0.15485115
adult,svm,platt,4,699,0.26752504,0.98140200,0.98998569,0.00858369,0.98391022,0.98976959,0.00585938,0.98930481,0.98930481,0.00000000,0.97851562,0.99023438,0.01171875,0.99936288,0.99923755,-0.00012533,0.99831637,0.99798488,-0.00033149,0.05076010,0.00952574,0.04123436,0.22222442,0.03162860,0.19059582,0.16578872,0.00484522,0.16094350,0.16869259,0.00905404,0.15963856
adult,svm,platt,5,699,0.26752504,0.98283262,0.98569385,0.00286123,0.98488678,0.97835373,-0.00653305,0.98930481,0.96256684,-0.02673797,0.98046875,0.99414062,0.01367188,0.99919577,0.99926888,0.00007311,0.99789002,0.99805362,0.00016360,0.05158836,0.00936813,0.04222024,0.22476502,0.03190596,0.19285906,0.16427172,0.00475586,0.15951587,0.17219945,0.00755080,0.16464865
adult,svm,platt,6,699,0.26752504,0.98140200,0.98283262,0.00143062,0.98391022,0.97640061,-0.00750961,0.98930481,0.96256684,-0.02673797,0.97851562,0.99023438,0.01171875,0.99916444,0.99883021,-0.00033422,0.99771068,0.99676648,-0.00094419,0.05118874,0.01209614,0.03909260,0.22319172,0.04117639,0.18201533,0.15789976,0.00377783,0.15412193,0.16934629,0.01295519,0.15639110
adult,svm,platt,7,699,0.26752504,0.98283262,0.98426323,0.00143062,0.98488678,0.98246888,-0.00241791,0.98930481,0.97860963,-0.01069519,0.98046875,0.98632812,0.00585938,0.99919577,0.99909133,-0.00010445,0.99789569,0.99764175,-0.00025394,0.05171145,0.01050620,0.04120526,0.22486239,0.03471120,0.19015118,0.16815180,0.00416862,0.16398318,0.17179828,0.01135819,0.16044009
adult,svm,platt,8,699,0.26752504,0.97997139,0.98140200,0.00143062,0.97953919,0.97033234,-0.00920684,0.97860963,0.94652406,-0.03208556,0.98046875,0.99414062,0.01367188,0.99857955,0.99844377,-0.00013578,0.99644069,0.99616548,-0.00027520,0.05237762,0.01305718,0.03932044,0.22599248,0.04518570,0.18080678,0.16291303,0.00532738,0.15758565,0.16971092,0.00722632,0.16248459
adult,svm,platt,9,699,0.26752504,0.98140200,0.98426323,0.00286123,0.98560745,0.97567994,-0.00992752,0.99465241,0.95721925,-0.03743316,0.97656250,0.99414062,0.01757812,0.99922711,0.99893466,-0.00029245,0.99792072,0.99730126,-0.00061946,0.05211191,0.01058283,0.04152908,0.22566028,0.03711414,0.18854614,0.16629582,0.00962356,0.15667226,0.17119294,0.01030200,0.16089094
adult,svm,temperature,0,699,0.26752504,0.98426323,0.98426323,0.00000000,0.98586334,0.98586334,0.00000000,0.98930481,0.98930481,0.00000000,0.98242188,0.98242188,0.00000000,0.99870488,0.99873621,0.00003133,0.99668424,0.99672494,0.00004069,0.05236453,0.01440665,0.03795788,0.22573144,0.04715006,0.17858138,0.16407593,0.01406992,0.15000601,0.17372793,0.01548319,0.15824475
adult,svm,temperature,1,699,0.26752504,0.97854077,0.97854077,0.00000000,0.98195709,0.98195709,0.00000000,0.98930481,0.98930481,0.00000000,0.97460938,0.97460938,0.00000000,0.99895555,0.99893466,-0.00002089,0.99721415,0.99714294,-0.00007121,0.05264233,0.01512260,0.03751972,0.22690732,0.05069487,0.17621244,0.16806975,0.01776132,0.15030842,0.16882069,0.02008233,0.14873836
adult,svm,temperature,2,699,0.26752504,0.98426323,0.98426323,0.00000000,0.98416611,0.98416611,0.00000000,0.98395722,0.98395722,0.00000000,0.98437500,0.98437500,0.00000000,0.99918533,0.99915399,-0.00003133,0.99789154,0.99781043,-0.00008111,0.05232325,0.01198555,0.04033770,0.22654339,0.03995169,0.18659170,0.16211057,0.01257487,0.14953570,0.17493065,0.01302834,0.16190231
adult,svm,temperature,3,699,0.26752504,0.97567954,0.97567954,0.00000000,0.97830673,0.97830673,0.00000000,0.98395722,0.98395722,0.00000000,0.97265625,0.97265625,0.00000000,0.99910177,0.99903910,-0.00006267,0.99768889,0.99751602,-0.00017287,0.05205175,0.01406689,0.03798486,0.22569123,0.04327150,0.18241973,0.16639613,0.01701644,0.14937969,0.16639613,0.01837725,0.14801888
adult,svm,temperature,4,699,0.26752504,0.98140200,0.98140200,0.00000000,0.98391022,0.98391022,0.00000000,0.98930481,0.98930481,0.00000000,0.97851562,0.97851562,0.00000000,0.99936288,0.99926888,-0.00009400,0.99831637,0.99804581,-0.00027056,0.05076010,0.01298342,0.03777668,0.22222442,0.04218590,0.18003852,0.16578872,0.01644352,0.14934520,0.16869259,0.01835821,0.15033438
adult,svm,temperature,5,699,0.26752504,0.98283262,0.98283262,0.00000000,0.98488678,0.98488678,0.00000000,0.98930481,0.98930481,0.00000000,0.98046875,0.98046875,0.00000000,0.99919577,0.99919577,0.00000000,0.99789002,0.99789288,0.00000287,0.05158836,0.01246050,0.03912786,0.22476502,0.04168232,0.18308270,0.16427172,0.01551382,0.14875790,0.17219945,0.01551382,0.15668563
adult,svm,temperature,6,699,0.26752504,0.98140200,0.98140200,0.00000000,0.98391022,0.98391022,0.00000000,0.98930481,0.98930481,0.00000000,0.97851562,0.97851562,0.00000000,0.99916444,0.99886155,-0.00030289,0.99771068,0.99683214,-0.00087853,0.05118874,0.01363976,0.03754899,0.22319172,0.04865077,0.17454095,0.15789976,0.01564839,0.14225137,0.16934629,0.01564839,0.15369790
adult,svm,temperature,7,699,0.26752504,0.98283262,0.98283262,0.00000000,0.98488678,0.98488678,0.00000000,0.98930481,0.98930481,0.00000000,0.98046875,0.98046875,0.00000000,0.99919577,0.99909133,-0.00010445,0.99789569,0.99763754,-0.00025815,0.05171145,0.01412813,0.03758333,0.22486239,0.04721307,0.17764932,0.16815180,0.01808818,0.15006362,0.17179828,0.01911192,0.15268635
adult,svm,temperature,8,699,0.26752504,0.97997139,0.97997139,0.00000000,0.97953919,0.97953919,0.00000000,0.97860963,0.97860963,0.00000000,0.98046875,0.98046875,0.00000000,0.99857955,0.99844377,-0.00013578,0.99644069,0.99608355,-0.00035713,0.05237762,0.01526155,0.03711607,0.22599248,0.04825294,0.17773954,0.16291303,0.01291678,0.14999625,0.16971092,0.01607215,0.15363877
adult,svm,temperature,9,699,0.26752504,0.98140200,0.98140200,0.00000000,0.98560745,0.98560745,0.00000000,0.99465241,0.99465241,0.00000000,0.97656250,0.97656250,0.00000000,0.99922711,0.99915399,-0.00007311,0.99792072,0.99772600,-0.00019473,0.05211191,0.01367277,0.03843913,0.22566028,0.04622137,0.17943891,0.16629582,0.02067599,0.14561983,0.17119294,0.02067599,0.15051695
adult,svm,histbin,0,699,0.26752504,0.98426323,0.97997139,-0.00429185,0.98586334,0.97614472,-0.00971862,0.98930481,0.96791444,-0.02139037,0.98242188,0.98437500,0.00195312,0.99870488,0.99830799,-0.00039689,0.99668424,0.99519523,-0.00148901,0.05236453,0.01259712,0.03976742,0.22573144,0.04018662,0.18554483,0.16407593,0.01348956,0.15058637,0.17372793,0.01484941,0.15887852
adult,svm,histbin,1,699,0.26752504,0.97854077,0.97854077,0.00000000,0.98195709,0.98195709,0.00000000,0.98930481,0.98930481,0.00000000,0.97460938,0.97460938,0.00000000,0.99895555,0.99843332,-0.00052223,0.99721415,0.99533692,-0.00187723,0.05264233,0.01284753,0.03979480,0.22690732,0.04031355,0.18659377,0.16806975,0.00427849,0.16379126,0.16882069,0.00876278,0.16005792
adult,svm,histbin,2,699,0.26752504,0.98426323,0.98569385,0.00143062,0.98416611,0.98344544,-0.00072067,0.98395722,0.97860963,-0.00534759,0.98437500,0.98828125,0.00390625,0.99918533,0.99838632,-0.00079901,0.99789154,0.99531833,-0.00257321,0.05232325,0.01212651,0.04019674,0.22654339,0.04026182,0.18628158,0.16211057,0.00441332,0.15769725,0.17493065,0.01024926,0.16468139
adult,svm,histbin,3,699,0.26752504,0.97567954,0.97567954,0.00000000,0.97830673,0.97830673,0.00000000,0.98395722,0.98395722,0.00000000,0.97265625,0.97265625,0.00000000,0.99910177,0.99821921,-0.00088256,0.99768889,0.99471429,-0.00297460,0.05205175,0.01496827,0.03708348,0.22569123,0.04569351,0.17999772,0.16639613,0.00474749,0.16164864,0.16639613,0.00798261,0.15841352
adult,svm,histbin,4,699,0.26752504,0.98140200,0.98140200,0.00000000,0.98391022,0.98391022,0.00000000,0.98930481,0.98930481,0.00000000,0.97851562,0.97851562,0.00000000,0.99936288,0.99561330,-0.00374958,0.99831637,0.99165028,-0.00666609,0.05076010,0.01303335,0.03772675,0.22222442,0.08845157,0.13377285,0.16578872,0.00713579,0.15865293,0.16869259,0.00942477,0.15926782
adult,svm,histbin,5,699,0.26752504,0.98283262,0.98283262,0.00000000,0.98488678,0.98488678,0.00000000,0.98930481,0.98930481,0.00000000,0.98046875,0.98046875,0.00000000,0.99919577,0.99714342,-0.00205235,0.99789002,0.98908717,-0.00880284,0.05158836,0.01278824,0.03880012,0.22476502,0.08951892,0.13524609,0.16427172,0.00548763,0.15878410,0.17219945,0.00721596,0.16498349
adult,svm,histbin,6,699,0.26752504,0.98140200,0.98140200,0.00000000,0.98391022,0.98391022,0.00000000,0.98930481,0.98930481,0.00000000,0.97851562,0.97851562,0.00000000,0.99916444,0.99663164,-0.00253280,0.99771068,0.98720587,-0.01050480,0.05118874,0.01624612,0.03494262,0.22319172,0.09759230,0.12559942,0.15789976,0.01378810,0.14411167,0.16934629,0.01518879,0.15415750
adult,svm,histbin,7,699,0.26752504,0.98283262,0.98283262,0.00000000,0.98488678,0.98488678,0.00000000,0.98930481,0.98930481,0.00000000,0.98046875,0.98046875,0.00000000,0.99919577,0.99776487,-0.00143090,0.99789569,0.99019844,-0.00769725,0.05171145,0.01280230,0.03890916,0.22486239,0.08751055,0.13735184,0.16815180,0.00598248,0.16216932,0.17179828,0.00598248,0.16581580
adult,svm,histbin,8,699,0.26752504,0.97997139,0.97997139,0.00000000,0.97953919,0.97953919,0.00000000,0.97860963,0.97860963,0.00000000,0.98046875,0.98046875,0.00000000,0.99857955,0.99546186,-0.00311769,0.99644069,0.99106811,-0.00537257,0.05237762,0.01440952,0.03796810,0.22599248,0.09657823,0.12941424,0.16291303,0.00450178,0.15841125,0.16971092,0.01177353,0.15793739
adult,svm,histbin,9,699,0.26752504,0.98140200,0.98140200,0.00000000,0.98560745,0.98560745,0.00000000,0.99465241,0.99465241,0.00000000,0.97656250,0.97656250,0.00000000,0.99922711,0.99639142,-0.00283569,0.99792072,0.99363703,-0.00428369,0.05211191,0.01159476,0.04051715,0.22566028,0.08447147,0.14118880,0.16629582,0.00637566,0.15992016,0.17119294,0.00648276,0.16471017
adult,svm,isotonic,0,699,0.26752504,0.98426323,0.97424893,-0.01001431,0.98586334,0.96544953,-0.02041381,0.98930481,0.94652406,-0.04278075,0.98242188,0.98437500,0.00195312,0.99870488,0.99315362,-0.00555126,0.99668424,0.98854597,-0.00813827,0.05236453,0.01600080,0.03636373,0.22573144,0.14037020,0.08536124,0.16407593,0.01257341,0.15150252,0.17372793,0.01506167,0.15866626
adult,svm,isotonic,1,699,0.26752504,0.97854077,0.98283262,0.00429185,0.98195709,0.97809784,-0.00385925,0.98930481,0.96791444,-0.02139037,0.97460938,0.98828125,0.01367188,0.99895555,0.99874666,-0.00020889,0.99721415,0.99648956,-0.00072459,0.05264233,0.01377343,0.03886890,0.22690732,0.04343227,0.18347504,0.16806975,0.00963734,0.15843240,0.16882069,0.01070520,0.15811550
adult,svm,isotonic,2,699,0.26752504,0.98426323,0.98569385,0.00143062,0.98416611,0.98174820,-0.00241791,0.98395722,0.97326203,-0.01069519,0.98437500,0.99023438,0.00585938,0.99918533,0.99661075,-0.00257457,0.99789154,0.99432642,-0.00356512,0.05232325,0.01028858,0.04203467,0.22654339,0.07934651,0.14719688,0.16211057,0.00575123,0.15635933,0.17493065,0.00822726,0.16670339
adult,svm,isotonic,3,699,0.26752504,0.97567954,0.98426323,0.00858369,0.97830673,0.98077164,0.00246491,0.98395722,0.97326203,-0.01069519,0.97265625,0.98828125,0.01562500,0.99910177,0.99548797,-0.00361380,0.99768889,0.98830573,-0.00938316,0.05205175,0.01247925,0.03957249,0.22569123,0.13132192,0.09436932,0.16639613,0.01059597,0.15580016,0.16639613,0.01302843,0.15336769
adult,svm,isotonic,4,699,0.26752504,0.98140200,0.98569385,0.00429185,0.98391022,0.98683991,0.00292969,0.98930481,0.98930481,0.00000000,0.97851562,0.98437500,0.00585938,0.99936288,0.99564986,-0.00371303,0.99831637,0.98870715,-0.00960921,0.05076010,0.01190223,0.03885787,0.22222442,0.13145212,0.09077230,0.16578872,0.00550820,0.16028052,0.16869259,0.01131963,0.15737296
adult,svm,isotonic,5,699,0.26752504,0.98283262,0.98855508,0.00572246,0.98488678,0.98370133,-0.00118545,0.98930481,0.97326203,-0.01604278,0.98046875,0.99414062,0.01367188,0.99919577,0.99809910,-0.00109667,0.99789002,0.99189587,-0.00599414,0.05158836,0.00980376,0.04178460,0.22476502,0.08077201,0.14399301,0.16427172,0.00569307,0.15857866,0.17219945,0.01146560,0.16073385
adult,svm,isotonic,6,699,0.26752504,0.98140200,0.98140200,0.00000000,0.98391022,0.97712128,-0.00678894,0.98930481,0.96791444,-0.02139037,0.97851562,0.98632812,0.00781250,0.99916444,0.99714342,-0.00202101,0.99771068,0.98629914,-0.01141154,0.05118874,0.01238703,0.03880171,0.22319172,0.13152802,0.09166370,0.15789976,0.00653221,0.15136755,0.16934629,0.01105110,0.15829519
adult,svm,isotonic,7,699,0.26752504,0.98283262,0.98426323,0.00143062,0.98488678,0.98246888,-0.00241791,0.98930481,0.97860963,-0.01069519,0.98046875,0.98632812,0.00585938,0.99919577,0.99208305,-0.00711272,0.99789569,0.98036040,-0.01753529,0.05171145,0.01077126,0.04094020,0.22486239,0.22286564,0.00199675,0.16815180,0.00371625,0.16443555,0.17179828,0.01105077,0.16074751
adult,svm,isotonic,8,699,0.26752504,0.97997139,0.98283262,0.00286123,0.97953919,0.97809784,-0.00144134,0.97860963,0.96791444,-0.01069519,0.98046875,0.98828125,0.00781250,0.99857955,0.99097071,-0.00760883,0.99644069,0.98625159,-0.01018910,0.05237762,0.01347359,0.03890403,0.22599248,0.18315450,0.04283797,0.16291303,0.00628685,0.15662618,0.16971092,0.01372266,0.15598826
adult,svm,isotonic,9,699,0.26752504,0.98140200,0.98569385,0.00429185,0.98560745,0.97835373,-0.00725372,0.99465241,0.96256684,-0.03208556,0.97656250,0.99414062,0.01757812,0.99922711,0.99274106,-0.00648605,0.99792072,0.98477789,-0.01314283,0.05211191,0.01208181,0.04003010,0.22566028,0.18113816,0.04452212,0.16629582,0.00536240,0.16093342,0.17119294,0.00979848,0.16139446
adult,svm,beta,0,699,0.26752504,0.98426323,0.97854077,-0.00572246,0.98586334,0.96837922,-0.01748412,0.98930481,0.94652406,-0.04278075,0.98242188,0.99023438,0.00781250,0.99870488,0.99852732,-0.00017756,0.99668424,0.99617877,-0.00050547,0.05236453,0.01383380,0.03853073,0.22573144,0.04356745,0.18216399,0.16407593,0.00930406,0.15477186,0.17372793,0.01200958,0.16171835
adult,svm,beta,1,699,0.26752504,0.97854077,0.98283262,0.00429185,0.98195709,0.97809784,-0.00385925,0.98930481,0.96791444,-0.02139037,0.97460938,0.98828125,0.01367188,0.99895555,0.99888244,-0.00007311,0.99721415,0.99700898,-0.00020517,0.05264233,0.01216157,0.04048076,0.22690732,0.03939567,0.18751164,0.16806975,0.00815106,0.15991868,0.16882069,0.01240635,0.15641434
adult,svm,beta,2,699,0.26752504,0.98426323,0.98855508,0.00429185,0.98416611,0.98539856,0.00123245,0.98395722,0.97860963,-0.00534759,0.98437500,0.99218750,0.00781250,0.99918533,0.99913310,-0.00005222,0.99789154,0.99777192,-0.00011962,0.05232325,0.00961760,0.04270565,0.22654339,0.03269087,0.19385252,0.16211057,0.00418825,0.15792232,0.17493065,0.00552084,0.16940981
adult,svm,beta,3,699,0.26752504,0.97567954,0.98998569,0.01430615,0.97830673,0.98467789,0.00637116,0.98395722,0.97326203,-0.01069519,0.97265625,0.99609375,0.02343750,0.99910177,0.99899733,-0.00010445,0.99768889,0.99742934,-0.00025956,0.05205175,0.01020507,0.04184668,0.22569123,0.03422900,0.19146224,0.16639613,0.00720475,0.15919138,0.16639613,0.01184297,0.15455316
adult,svm,beta,4,699,0.26752504,0.98140200,0.98998569,0.00858369,0.98391022,0.98976959,0.00585938,0.98930481,0.98930481,0.00000000,0.97851562,0.99023438,0.01171875,0.99936288,0.99923755,-0.00012533,0.99831637,0.99798488,-0.00033149,0.05076010,0.00949960,0.04126050,0.22222442,0.03151337,0.19071105,0.16578872,0.00471784,0.16107088,0.16869259,0.00676306,0.16192953
adult,svm,beta,5,699,0.26752504,0.98283262,0.98569385,0.00286123,0.98488678,0.97835373,-0.00653305,0.98930481,0.96256684,-0.02673797,0.98046875,0.99414062,0.01367188,0.99919577,0.99927933,0.00008356,0.99789002,0.99808545,0.00019543,0.05158836,0.00935583,0.04223254,0.22476502,0.03185755,0.19290746,0.16427172,0.00482253,0.15944919,0.17219945,0.00783692,0.16436253
adult,svm,beta,6,699,0.26752504,0.98140200,0.98283262,0.00143062,0.98391022,0.97640061,-0.00750961,0.98930481,0.96256684,-0.02673797,0.97851562,0.99023438,0.01171875,0.99916444,0.99881977,-0.00034467,0.99771068,0.99673466,-0.00097602,0.05118874,0.01211407,0.03907467,0.22319172,0.04123245,0.18195927,0.15789976,0.00373512,0.15416465,0.16934629,0.01210080,0.15724549
adult,svm,beta,7,699,0.26752504,0.98283262,0.98426323,0.00143062,0.98488678,0.98246888,-0.00241791,0.98930481,0.97860963,-0.01069519,0.98046875,0.98632812,0.00585938,0.99919577,0.99910177,-0.00009400,0.99789569,0.99766390,-0.00023180,0.05171145,0.01051834,0.04119311,0.22486239,0.03478225,0.19008014,0.16815180,0.00412326,0.16402853,0.17179828,0.01133565,0.16046262
adult,svm,beta,8,699,0.26752504,0.97997139,0.98140200,0.00143062,0.97953919,0.97033234,-0.00920684,0.97860963,0.94652406,-0.03208556,0.98046875,0.99414062,0.01367188,0.99857955,0.99844377,-0.00013578,0.99644069,0.99616548,-0.00027520,0.05237762,0.01307070,0.03930692,0.22599248,0.04523170,0.18076078,0.16291303,0.00536823,0.15754480,0.16971092,0.00777284,0.16193808
adult,svm,beta,9,699,0.26752504,0.98140200,0.98426323,0.00286123,0.98560745,0.97567994,-0.00992752,0.99465241,0.95721925,-0.03743316,0.97656250,0.99414062,0.01757812,0.99922711,0.99892421,-0.00030289,0.99792072,0.99727816,-0.00064256,0.05211191,0.01059280,0.04151911,0.22566028,0.03714073,0.18851955,0.16629582,0.00960967,0.15668615,0.17119294,0.01029059,0.16090235
adult,xgb,platt,0,699,0.26752504,0.97997139,0.97281831,-0.00715308,0.97953919,0.96277574,-0.01676345,0.97860963,0.94117647,-0.03743316,0.98046875,0.98437500,0.00390625,0.99729487,0.99705465,-0.00024022,0.99248758,0.99167929,-0.00080829,0.02000252,0.01855536,0.00144715,0.07119979,0.06315951,0.00804029,0.01852487,0.00973121,0.00879367,0.02699333,0.01181000,0.01518333
adult,xgb,platt,1,699,0.26752504,0.97711016,0.97711016,0.00000000,0.97758606,0.96909989,-0.00848617,0.97860963,0.95187166,-0.02673797,0.97656250,0.98632812,0.00976562,0.99777532,0.99756643,-0.00020889,0.99367162,0.99285684,-0.00081478,0.01912963,0.01598781,0.00314182,0.06914148,0.05881344,0.01032804,0.02287892,0.00710189,0.01577704,0.02347656,0.01445815,0.00901841
adult,xgb,platt,2,699,0.26752504,0.98569385,0.98426323,-0.00143062,0.98514267,0.97907441,-0.00606827,0.98395722,0.96791444,-0.01604278,0.98632812,0.99023438,0.00390625,0.99885110,0.99874666,-0.00010445,0.99679533,0.99644026,-0.00035507,0.01471283,0.01212795,0.00258488,0.05754403,0.04077881,0.01676522,0.02591789,0.00776366,0.01815423,0.02704143,0.01206224,0.01497920
adult,xgb,platt,3,699,0.26752504,0.98140200,0.97854077,-0.00286123,0.98391022,0.97516816,-0.00874206,0.98930481,0.96791444,-0.02139037,0.97851562,0.98242188,0.00390625,0.99827665,0.99807821,-0.00019845,0.99533394,0.99475790,-0.00057604,0.01797394,0.01400295,0.00397099,0.06548078,0.04924883,0.01623195,0.02354951,0.00631604,0.01723348,0.02676395,0.01069869,0.01606526
adult,xgb,platt,4,699,0.26752504,0.97997139,0.98712446,0.00715308,0.98293366,0.98611923,0.00318558,0.98930481,0.98395722,-0.00534759,0.97656250,0.98828125,0.01171875,0.99855866,0.99853777,-0.00002089,0.99593263,0.99586048,-0.00007215,0.01659869,0.01186008,0.00473861,0.06272629,0.04289064,0.01983565,0.02776449,0.00440803,0.02335646,0.02776449,0.01282027,0.01494422
adult,xgb,platt,5,699,0.26752504,0.97854077,0.97567954,-0.00286123,0.98025986,0.96812333,-0.01213653,0.98395722,0.95187166,-0.03208556,0.97656250,0.98437500,0.00781250,0.99790065,0.99797376,0.00007311,0.99408701,0.99432480,0.00023779,0.01907304,0.01581778,0.00325526,0.06933792,0.05203400,0.01730392,0.02413772,0.01337327,0.01076445,0.02499270,0.01599337,0.00899933
adult,xgb,platt,6,699,0.26752504,0.98569385,0.98569385,0.00000000,0.98514267,0.98005097,-0.00509170,0.98395722,0.96791444,-0.01604278,0.98632812,0.99218750,0.00585938,0.99907044,0.99893466,-0.00013578,0.99732332,0.99696807,-0.00035525,0.01467002,0.01126312,0.00340690,0.05769318,0.03936115,0.01833203,0.03087548,0.00740692,0.02346855,0.03087548,0.00920496,0.02167051
adult,xgb,platt,7,699,0.26752504,0.97567954,0.97424893,-0.00143062,0.97660950,0.96714677,-0.00946273,0.97860963,0.95187166,-0.02673797,0.97460938,0.98242188,0.00781250,0.99821399,0.99796332,-0.00025067,0.99514647,0.99450937,-0.00063710,0.01833091,0.01670737,0.00162353,0.06577513,0.05214052,0.01363460,0.02445012,0.00618627,0.01826385,0.02445012,0.01098728,0.01346284
adult,xgb,platt,8,699,0.26752504,0.98426323,0.97997139,-0.00429185,0.98756058,0.97444748,-0.01311309,0.99465241,0.96256684,-0.03208556,0.98046875,0.98632812,0.00585938,0.99860043,0.99850643,-0.00009400,0.99612580,0.99582261,-0.00030319,0.01625833,0.01308604,0.00317228,0.06098651,0.04408589,0.01690063,0.02439706,0.00764391,0.01675315,0.02662056,0.01567889,0.01094166
adult,xgb,platt,9,699,0.26752504,0.98855508,0.98569385,-0.00286123,0.99049027,0.98344544,-0.00704483,0.99465241,0.97860963,-0.01604278,0.98632812,0.98828125,0.00195312,0.99884066,0.99875710,-0.00008356,0.99667191,0.99643965,-0.00023225,0.01518054,0.01076514,0.00441540,0.05984962,0.03914229,0.02070733,0.02899001,0.00871402,0.02027599,0.03023645,0.01331261,0.01692383
adult,xgb,temperature,0,699,0.26752504,0.97997139,0.97997139,0.00000000,0.97953919,0.97953919,0.00000000,0.97860963,0.97860963,0.00000000,0.98046875,0.98046875,0.00000000,0.99729487,0.99706509,-0.00022978,0.99248758,0.99165810,-0.00082948,0.02000252,0.01825929,0.00174323,0.07119979,0.06562094,0.00557886,0.01852487,0.01321815,0.00530673,0.02699333,0.01848106,0.00851227
adult,xgb,temperature,1,699,0.26752504,0.97711016,0.97711016,0.00000000,0.97758606,0.97758606,0.00000000,0.97860963,0.97860963,0.00000000,0.97656250,0.97656250,0.00000000,0.99777532,0.99748287,-0.00029245,0.99367162,0.99262446,-0.00104716,0.01912963,0.01713066,0.00199896,0.06914148,0.06500172,0.00413976,0.02287892,0.01433834,0.00854059,0.02347656,0.01433834,0.00913822
adult,xgb,temperature,2,699,0.26752504,0.98569385,0.98569385,0.00000000,0.98514267,0.98514267,0.00000000,0.98395722,0.98395722,0.00000000,0.98632812,0.98632812,0.00000000,0.99885110,0.99875710,-0.00009400,0.99679533,0.99647704,-0.00031829,0.01471283,0.01223610,0.00247673,0.05754403,0.04415779,0.01338624,0.02591789,0.01270140,0.01321649,0.02704143,0.01310364,0.01393779
adult,xgb,temperature,3,699,0.26752504,0.98140200,0.98140200,0.00000000,0.98391022,0.98391022,0.00000000,0.98930481,0.98930481,0.00000000,0.97851562,0.97851562,0.00000000,0.99827665,0.99805732,-0.00021933,0.99533394,0.99468146,-0.00065248,0.01797394,0.01550463,0.00246931,0.06548078,0.05522378,0.01025700,0.02354951,0.01802015,0.00552937,0.02676395,0.01802015,0.00874380
adult,xgb,temperature,4,699,0.26752504,0.97997139,0.97997139,0.00000000,0.98293366,0.98293366,0.00000000,0.98930481,0.98930481,0.00000000,0.97656250,0.97656250,0.00000000,0.99855866,0.99856910,0.00001044,0.99593263,0.99592932,-0.00000331,0.01659869,0.01393225,0.00266644,0.06272629,0.04974814,0.01297815,0.02776449,0.01444115,0.01332334,0.02776449,0.01444115,0.01332334
adult,xgb,temperature,5,699,0.26752504,0.97854077,0.97854077,0.00000000,0.98025986,0.98025986,0.00000000,0.98395722,0.98395722,0.00000000,0.97656250,0.97656250,0.00000000,0.99790065,0.99789021,-0.00001044,0.99408701,0.99407494,-0.00001206,0.01907304,0.01662092,0.00245211,0.06933792,0.05859400,0.01074391,0.02413772,0.01477398,0.00936374,0.02499270,0.01647995,0.00851275
adult,xgb,temperature,6,699,0.26752504,0.98569385,0.98569385,0.00000000,0.98514267,0.98514267,0.00000000,0.98395722,0.98395722,0.00000000,0.98632812,0.98632812,0.00000000,0.99907044,0.99907044,0.00000000,0.99732332,0.99732332,0.00000000,0.01467002,0.01106396,0.00360607,0.05769318,0.04153125,0.01616192,0.03087548,0.01215792,0.01871755,0.03087548,0.01889484,0.01198063
adult,xgb,temperature,7,699,0.26752504,0.97567954,0.97567954,0.00000000,0.97660950,0.97660950,0.00000000,0.97860963,0.97860963,0.00000000,0.97460938,0.97460938,0.00000000,0.99821399,0.99806776,-0.00014622,0.99514647,0.99475891,-0.00038756,0.01833091,0.01714977,0.00118113,0.06577513,0.05737903,0.00839609,0.02445012,0.01481177,0.00963835,0.02445012,0.01765842,0.00679170
adult,xgb,temperature,8,699,0.26752504,0.98426323,0.98426323,0.00000000,0.98756058,0.98756058,0.00000000,0.99465241,0.99465241,0.00000000,0.98046875,0.98046875,0.00000000,0.99860043,0.99843332,-0.00016711,0.99612580,0.99557286,-0.00055294,0.01625833,0.01367991,0.00257842,0.06098651,0.04910150,0.01188501,0.02439706,0.01297969,0.01141737,0.02662056,0.01344128,0.01317928
adult,xgb,temperature,9,699,0.26752504,0.98855508,0.98855508,0.00000000,0.99049027,0.99049027,0.00000000,0.99465241,0.99465241,0.00000000,0.98632812,0.98632812,0.00000000,0.99884066,0.99880932,-0.00003133,0.99667191,0.99657756,-0.00009435,0.01518054,0.01197784,0.00320269,0.05984962,0.04554897,0.01430065,0.02899001,0.01308692,0.01590308,0.03023645,0.01822024,0.01201620
adult,xgb,histbin,0,699,0.26752504,0.97997139,0.96995708,-0.01001431,0.97953919,0.95912538,-0.02041381,0.97860963,0.93582888,-0.04278075,0.98046875,0.98242188,0.00195312,0.99729487,0.99250084,-0.00479403,0.99248758,0.95707194,-0.03541564,0.02000252,0.02189382,-0.00189131,0.07119979,0.20828586,-0.13708607,0.01852487,0.01639134,0.00213354,0.02699333,0.01725835,0.00973498
adult,xgb,histbin,1,699,0.26752504,0.97711016,0.97138770,-0.00572246,0.97758606,0.97028534,-0.00730072,0.97860963,0.96791444,-0.01069519,0.97656250,0.97265625,-0.00390625,0.99777532,0.99210917,-0.00566615,0.99367162,0.95642826,-0.03724337,0.01912963,0.01940645,-0.00027682,0.06914148,0.24927134,-0.18012986,0.02287892,0.01211773,0.01076119,0.02347656,0.01264569,0.01083087
adult,xgb,histbin,2,699,0.26752504,0.98569385,0.98283262,-0.00286123,0.98514267,0.97979508,-0.00534759,0.98395722,0.97326203,-0.01069519,0.98632812,0.98632812,0.00000000,0.99885110,0.99097071,-0.00788039,0.99679533,0.98596505,-0.01083028,0.01471283,0.01354376,0.00116906,0.05754403,0.18599073,-0.12844670,0.02591789,0.00709651,0.01882138,0.02704143,0.01322772,0.01381371
adult,xgb,histbin,3,699,0.26752504,0.98140200,0.97567954,-0.00572246,0.98391022,0.97491227,-0.00899795,0.98930481,0.97326203,-0.01604278,0.97851562,0.97656250,-0.00195312,0.99827665,0.99427640,-0.00400025,0.99533394,0.98309258,-0.01224135,0.01797394,0.01662268,0.00135126,0.06548078,0.14521359,-0.07973280,0.02354951,0.00703958,0.01650994,0.02676395,0.01296179,0.01380216
adult,xgb,histbin,4,699,0.26752504,0.97997139,0.98426323,0.00429185,0.98293366,0.98416611,0.00123245,0.98930481,0.98395722,-0.00534759,0.97656250,0.98437500,0.00781250,0.99855866,0.99617731,-0.00238135,0.99593263,0.98001938,-0.01591325,0.01659869,0.01319260,0.00340609,0.06272629,0.13765655,-0.07493026,0.02776449,0.00341311,0.02435138,0.02776449,0.00785923,0.01990526
adult,xgb,histbin,5,699,0.26752504,0.97854077,0.98140200,0.00286123,0.98025986,0.97712128,-0.00313858,0.98395722,0.96791444,-0.01604278,0.97656250,0.98632812,0.00976562,0.99790065,0.99427640,-0.00362425,0.99408701,0.98190455,-0.01218246,0.01907304,0.01514303,0.00393000,0.06933792,0.14357864,-0.07424073,0.02413772,0.00407536,0.02006236,0.02499270,0.01062364,0.01436906
adult,xgb,histbin,6,699,0.26752504,0.98569385,0.98569385,0.00000000,0.98514267,0.98344544,-0.00169723,0.98395722,0.97860963,-0.00534759,0.98632812,0.98828125,0.00195312,0.99907044,0.99742543,-0.00164501,0.99732332,0.98751028,-0.00981304,0.01467002,0.01236657,0.00230345,0.05769318,0.08763878,-0.02994560,0.03087548,0.00854058,0.02233490,0.03087548,0.01016961,0.02070586
adult,xgb,histbin,7,699,0.26752504,0.97567954,0.97567954,0.00000000,0.97660950,0.97491227,-0.00169723,0.97860963,0.97326203,-0.00534759,0.97460938,0.97656250,0.00195312,0.99821399,0.98755013,-0.01066385,0.99514647,0.95620201,-0.03894446,0.01833091,0.02017885,-0.00184794,0.06577513,0.34702014,-0.28124501,0.02445012,0.01372910,0.01072102,0.02445012,0.01525509,0.00919503
adult,xgb,histbin,8,699,0.26752504,0.98426323,0.97567954,-0.00858369,0.98756058,0.97151780,-0.01604278,0.99465241,0.96256684,-0.03208556,0.98046875,0.98046875,0.00000000,0.99860043,0.99485085,-0.00374958,0.99612580,0.97076166,-0.02536414,0.01625833,0.01718576,-0.00092743,0.06098651,0.14713166,-0.08614515,0.02439706,0.01376612,0.01063094,0.02662056,0.01439706,0.01222350
adult,xgb,histbin,9,699,0.26752504,0.98855508,0.98998569,0.00143062,0.99049027,0.98976959,-0.00072067,0.99465241,0.98930481,-0.00534759,0.98632812,0.99023438,0.00390625,0.99884066,0.99711731,-0.00172335,0.99667191,0.98108191,-0.01559000,0.01518054,0.01092255,0.00425799,0.05984962,0.08550506,-0.02565544,0.02899001,0.00772261,0.02126740,0.03023645,0.01224432,0.01799213
adult,xgb,isotonic,0,699,0.26752504,0.97997139,0.96566524,-0.01430615,0.97953919,0.95789292,-0.02164627,0.97860963,0.94117647,-0.03743316,0.98046875,0.97460938,-0.00585938,0.99729487,0.99266795,-0.00462692,0.99248758,0.97659493,-0.01589265,0.02000252,0.02119242,-0.00118990,0.07119979,0.20598265,-0.13478285,0.01852487,0.01847693,0.00004794,0.02699333,0.01847693,0.00851640
adult,xgb,isotonic,1,699,0.26752504,0.97711016,0.96995708,-0.00715308,0.97758606,0.96761155,-0.00997452,0.97860963,0.96256684,-0.01604278,0.97656250,0.97265625,-0.00390625,0.99777532,0.99591619,-0.00185912,0.99367162,0.98203828,-0.01163335,0.01912963,0.01803636,0.00109326,0.06914148,0.14893625,-0.07979477,0.02287892,0.01303190,0.00984702,0.02347656,0.01447957,0.00899699
adult,xgb,isotonic,2,699,0.26752504,0.98569385,0.97854077,-0.00715308,0.98514267,0.97177369,-0.01336898,0.98395722,0.95721925,-0.02673797,0.98632812,0.98632812,0.00000000,0.99885110,0.99787976,-0.00097134,0.99679533,0.99075282,-0.00604251,0.01471283,0.01278619,0.00192663,0.05754403,0.08718000,-0.02963597,0.02591789,0.00474504,0.02117285,0.02704143,0.00966341,0.01737802
adult,xgb,isotonic,3,699,0.26752504,0.98140200,0.98283262,0.00143062,0.98391022,0.98149231,-0.00241791,0.98930481,0.97860963,-0.01069519,0.97851562,0.98437500,0.00585938,0.99827665,0.99476730,-0.00350936,0.99533394,0.98563844,-0.00969550,0.01797394,0.01532342,0.00265053,0.06548078,0.14111918,-0.07563840,0.02354951,0.00701215,0.01653736,0.02676395,0.01210907,0.01465488
adult,xgb,isotonic,4,699,0.26752504,0.97997139,0.98569385,0.00572246,0.98293366,0.98514267,0.00220902,0.98930481,0.98395722,-0.00534759,0.97656250,0.98632812,0.00976562,0.99855866,0.99782754,-0.00073112,0.99593263,0.99054804,-0.00538459,0.01659869,0.01182587,0.00477282,0.06272629,0.08599096,-0.02326467,0.02776449,0.00433775,0.02342673,0.02776449,0.00703926,0.02072523
adult,xgb,isotonic,5,699,0.26752504,0.97854077,0.97997139,0.00143062,0.98025986,0.97614472,-0.00411514,0.98395722,0.96791444,-0.01604278,0.97656250,0.98437500,0.00781250,0.99790065,0.99487696,-0.00302369,0.99408701,0.98594034,-0.00814667,0.01907304,0.01500691,0.00406612,0.06933792,0.14167047,-0.07233256,0.02413772,0.00631828,0.01781944,0.02499270,0.01042469,0.01456801
adult,xgb,isotonic,6,699,0.26752504,0.98569385,0.98569385,0.00000000,0.98514267,0.98344544,-0.00169723,0.98395722,0.97860963,-0.00534759,0.98632812,0.98828125,0.00195312,0.99907044,0.99801554,-0.00105490,0.99732332,0.99094285,-0.00638047,0.01467002,0.01132642,0.00334361,0.05769318,0.08309437,-0.02540119,0.03087548,0.00595315,0.02492232,0.03087548,0.00708835,0.02378712
adult,xgb,isotonic,7,699,0.26752504,0.97567954,0.97567954,0.00000000,0.97660950,0.97491227,-0.00169723,0.97860963,0.97326203,-0.00534759,0.97460938,0.97656250,0.00195312,0.99821399,0.99579608,-0.00241791,0.99514647,0.98192599,-0.01322048,0.01833091,0.01856785,-0.00023695,0.06577513,0.15109126,-0.08531613,0.02445012,0.00931649,0.01513363,0.02445012,0.01053034,0.01391978
adult,xgb,isotonic,8,699,0.26752504,0.98426323,0.98140200,-0.00286123,0.98756058,0.98051575,-0.00704483,0.99465241,0.97860963,-0.01604278,0.98046875,0.98242188,0.00195312,0.99860043,0.99739931,-0.00120112,0.99612580,0.98908747,-0.00703833,0.01625833,0.01400256,0.00225577,0.06098651,0.09041128,-0.02942477,0.02439706,0.00899104,0.01540602,0.02662056,0.01414438,0.01247618
adult,xgb,isotonic,9,699,0.26752504,0.98855508,0.98569385,-0.00286123,0.99049027,0.98683991,-0.00365036,0.99465241,0.98930481,-0.00534759,0.98632812,0.98437500,-0.00195312,0.99884066,0.99845943,-0.00038122,0.99667191,0.99512051,-0.00155140,0.01518054,0.01170087,0.00347967,0.05984962,0.03921207,0.02063755,0.02899001,0.00707772,0.02191229,0.03023645,0.00807845,0.02215800
adult,xgb,beta,0,699,0.26752504,0.97997139,0.97424893,-0.00572246,0.97953919,0.96544953,-0.01408966,0.97860963,0.94652406,-0.03208556,0.98046875,0.98437500,0.00390625,0.99729487,0.99702331,-0.00027156,0.99248758,0.99157747,-0.00091011,0.02000252,0.01829781,0.00170471,0.07119979,0.06078929,0.01041050,0.01852487,0.00615683,0.01236805,0.02699333,0.01051352,0.01647981
adult,xgb,beta,1,699,0.26752504,0.97711016,0.97711016,0.00000000,0.97758606,0.97249436,-0.00509170,0.97860963,0.96256684,-0.01604278,0.97656250,0.98242188,0.00585938,0.99777532,0.99755598,-0.00021933,0.99367162,0.99283536,-0.00083627,0.01912963,0.01561511,0.00351451,0.06914148,0.05410468,0.01503680,0.02287892,0.00433831,0.01854061,0.02347656,0.00880412,0.01467244
adult,xgb,beta,2,699,0.26752504,0.98569385,0.98569385,0.00000000,0.98514267,0.98174820,-0.00339447,0.98395722,0.97326203,-0.01069519,0.98632812,0.99023438,0.00390625,0.99885110,0.99875710,-0.00009400,0.99679533,0.99648011,-0.00031522,0.01471283,0.01159293,0.00311990,0.05754403,0.03885326,0.01869077,0.02591789,0.00778530,0.01813259,0.02704143,0.00972436,0.01731707
adult,xgb,beta,3,699,0.26752504,0.98140200,0.97711016,-0.00429185,0.98391022,0.97419159,-0.00971862,0.98930481,0.96791444,-0.02139037,0.97851562,0.98046875,0.00195312,0.99827665,0.99782754,-0.00044911,0.99533394,0.99395960,-0.00137434,0.01797394,0.01421882,0.00375512,0.06548078,0.04999384,0.01548694,0.02354951,0.00550648,0.01804303,0.02676395,0.00944403,0.01731992
adult,xgb,beta,4,699,0.26752504,0.97997139,0.98712446,0.00715308,0.98293366,0.98611923,0.00318558,0.98930481,0.98395722,-0.00534759,0.97656250,0.98828125,0.01171875,0.99855866,0.99861088,0.00005222,0.99593263,0.99604464,0.00011201,0.01659869,0.01190841,0.00469028,0.06272629,0.04155174,0.02117456,0.02776449,0.00571222,0.02205227,0.02776449,0.01119632,0.01656817
adult,xgb,beta,5,699,0.26752504,0.97854077,0.97711016,-0.00143062,0.98025986,0.97079713,-0.00946273,0.98395722,0.95721925,-0.02673797,0.97656250,0.98437500,0.00781250,0.99790065,0.99794243,0.00004178,0.99408701,0.99422217,0.00013517,0.01907304,0.01569609,0.00337695,0.06933792,0.05104617,0.01829174,0.02413772,0.01228574,0.01185198,0.02499270,0.01366411,0.01132859
adult,xgb,beta,6,699,0.26752504,0.98569385,0.98426323,-0.00143062,0.98514267,0.98077164,-0.00437103,0.98395722,0.97326203,-0.01069519,0.98632812,0.98828125,0.00195312,0.99907044,0.99898688,-0.00008356,0.99732332,0.99710717,-0.00021615,0.01467002,0.01036157,0.00430846,0.05769318,0.03610151,0.02159167,0.03087548,0.00746571,0.02340977,0.03087548,0.01365804,0.01721743
adult,xgb,beta,7,699,0.26752504,0.97567954,0.97711016,0.00143062,0.97660950,0.97249436,-0.00411514,0.97860963,0.96256684,-0.01604278,0.97460938,0.98242188,0.00781250,0.99821399,0.99794243,-0.00027156,0.99514647,0.99443728,-0.00070919,0.01833091,0.01669070,0.00164021,0.06577513,0.05209343,0.01368169,0.02445012,0.00608255,0.01836758,0.02445012,0.00910594,0.01534418
adult,xgb,beta,8,699,0.26752504,0.98426323,0.98283262,-0.00143062,0.98756058,0.98149231,-0.00606827,0.99465241,0.97860963,-0.01604278,0.98046875,0.98437500,0.00390625,0.99860043,0.99844377,-0.00015667,0.99612580,0.99560378,-0.00052202,0.01625833,0.01275409,0.00350424,0.06098651,0.04277313,0.01821338,0.02439706,0.00644870,0.01794836,0.02662056,0.01294077,0.01367979
adult,xgb,beta,9,699,0.26752504,0.98855508,0.98712446,-0.00143062,0.99049027,0.98611923,-0.00437103,0.99465241,0.98395722,-0.01069519,0.98632812,0.98828125,0.00195312,0.99884066,0.99876755,-0.00007311,0.99667191,0.99648213,-0.00018978,0.01518054,0.01033410,0.00484644,0.05984962,0.03706067,0.02278895,0.02899001,0.00795740,0.02103260,0.03023645,0.01056398,0.01967247
adult,adaboost,platt,0,699,0.26752504,0.87124464,0.91702432,0.04577969,0.90192597,0.88735064,-0.01457533,0.96791444,0.82352941,-0.14438503,0.83593750,0.95117188,0.11523438,0.97212880,0.97230636,0.00017756,0.92857957,0.92921564,0.00063607,0.10768506,0.06071088,0.04697418,0.36932389,0.19260925,0.17671464,0.18707453,0.01260139,0.17447314,0.18843983,0.02797185,0.16046797
adult,adaboost,platt,1,699,0.26752504,0.87696710,0.92417740,0.04721030,0.90752945,0.90411410,-0.00341536,0.97326203,0.86096257,-0.11229947,0.84179688,0.94726562,0.10546875,0.97552327,0.97528305,-0.00024022,0.93631138,0.93593121,-0.00038017,0.10605766,0.05656246,0.04949520,0.36642667,0.18156062,0.18486605,0.19004421,0.01125519,0.17878902,0.20037235,0.01662464,0.18374772
adult,adaboost,platt,2,699,0.26752504,0.89127325,0.92131617,0.03004292,0.91899231,0.89706927,-0.02192304,0.97860963,0.84491979,-0.13368984,0.85937500,0.94921875,0.08984375,0.97371115,0.97362759,-0.00008356,0.93111722,0.93116215,0.00004493,0.10730661,0.05926273,0.04804388,0.36926455,0.18736606,0.18189849,0.18889081,0.01564662,0.17324419,0.19372250,0.02573170,0.16799080
adult,adaboost,platt,3,699,0.26752504,0.87124464,0.92274678,0.05150215,0.90362320,0.90483477,0.00121156,0.97326203,0.86631016,-0.10695187,0.83398438,0.94335938,0.10937500,0.97480260,0.97492793,0.00012533,0.93289291,0.93431447,0.00142156,0.10685637,0.05698453,0.04987184,0.36884857,0.18258538,0.18626320,0.18646266,0.00736423,0.17909843,0.19553272,0.01300530,0.18252742
adult,adaboost,platt,4,699,0.26752504,0.88268956,0.91845494,0.03576538,0.91143570,0.89511614,-0.01631956,0.97326203,0.84491979,-0.12834225,0.84960938,0.94531250,0.09570312,0.97417071,0.97490182,0.00073112,0.93193853,0.93538704,0.00344851,0.10759907,0.05850818,0.04909089,0.37102939,0.18412550,0.18690390,0.19487954,0.01850902,0.17637052,0.19487954,0.02697387,0.16790567
adult,adaboost,platt,5,699,0.26752504,0.88698140,0.92560801,0.03862661,0.91266816,0.90339342,-0.00927473,0.96791444,0.85561497,-0.11229947,0.85742188,0.95117188,0.09375000,0.97503760,0.97578961,0.00075201,0.92875663,0.93576246,0.00700582,0.10585477,0.05608142,0.04977335,0.36709823,0.18033892,0.18675931,0.18914228,0.00663276,0.18250952,0.20542337,0.02804868,0.17737469
adult,adaboost,platt,6,699,0.26752504,0.87839771,0.91988555,0.04148784,0.90511155,0.89948717,-0.00562437,0.96256684,0.85561497,-0.10695187,0.84765625,0.94335938,0.09570312,0.97282858,0.97253614,-0.00029245,0.92997237,0.92833621,-0.00163616,0.10711881,0.06012659,0.04699221,0.36885135,0.19212397,0.17672738,0.18544301,0.01179416,0.17364885,0.19514065,0.03022561,0.16491504
adult,adaboost,platt,7,699,0.26752504,0.87839771,0.91130186,0.03290415,0.91020325,0.89532503,-0.01487822,0.97860963,0.86096257,-0.11764706,0.84179688,0.92968750,0.08789062,0.97418115,0.97428559,0.00010445,0.93136273,0.93171565,0.00035292,0.10768005,0.05941339,0.04826666,0.36980168,0.18751626,0.18228541,0.19266371,0.01635169,0.17631202,0.20074588,0.03428838,0.16645750
adult,adaboost,platt,8,699,0.26752504,0.87982833,0.92846924,0.04864092,0.90778534,0.90874102,0.00095567,0.96791444,0.86631016,-0.10160428,0.84765625,0.95117188,0.10351562,0.97474515,0.97443182,-0.00031334,0.93600835,0.93286841,-0.00313993,0.10597692,0.05724756,0.04872936,0.36577744,0.18433775,0.18143969,0.18909948,0.01252631,0.17657317,0.19968551,0.02949500,0.17019051
adult,adaboost,platt,9,699,0.26752504,0.89127325,0.91845494,0.02718169,0.91899231,0.89851061,-0.02048170,0.97860963,0.85561497,-0.12299465,0.85937500,0.94140625,0.08203125,0.97212880,0.97267192,0.00054311,0.92261857,0.92716717,0.00454860,0.10688538,0.06070118,0.04618420,0.36889830,0.19314280,0.17575549,0.18295993,0.01676479,0.16619515,0.19462848,0.02894455,0.16568393
adult,adaboost,temperature,0,699,0.26752504,0.87124464,0.87124464,0.00000000,0.90192597,0.90192597,0.00000000,0.96791444,0.96791444,0.00000000,0.83593750,0.83593750,0.00000000,0.97212880,0.97238991,0.00026111,0.92857957,0.92924464,0.00066506,0.10768506,0.08915834,0.01852672,0.36932389,0.29106106,0.07826283,0.18707453,0.12390895,0.06316558,0.18843983,0.12390895,0.06453088
adult,adaboost,temperature,1,699,0.26752504,0.87696710,0.87696710,0.00000000,0.90752945,0.90752945,0.00000000,0.97326203,0.97326203,0.00000000,0.84179688,0.84179688,0.00000000,0.97552327,0.97542927,-0.00009400,0.93631138,0.93494381,-0.00136757,0.10605766,0.08619295,0.01986470,0.36642667,0.28083457,0.08559210,0.19004421,0.12218719,0.06785702,0.20037235,0.12218719,0.07818516
adult,adaboost,temperature,2,699,0.26752504,0.89127325,0.89127325,0.00000000,0.91899231,0.91899231,0.00000000,0.97860963,0.97860963,0.00000000,0.85937500,0.85937500,0.00000000,0.97371115,0.97389915,0.00018800,0.93111722,0.93216728,0.00105006,0.10730661,0.08673150,0.02057511,0.36926455,0.28409000,0.08517455,0.18889081,0.12220577,0.06668505,0.19372250,0.12220577,0.07151673
adult,adaboost,temperature,3,699,0.26752504,0.87124464,0.87124464,0.00000000,0.90362320,0.90362320,0.00000000,0.97326203,0.97326203,0.00000000,0.83398438,0.83398438,0.00000000,0.97480260,0.97504282,0.00024022,0.93289291,0.93440083,0.00150792,0.10685637,0.08573367,0.02112271,0.36884857,0.27939917,0.08944941,0.18646266,0.12063878,0.06582387,0.19553272,0.12063878,0.07489394
adult,adaboost,temperature,4,699,0.26752504,0.88268956,0.88268956,0.00000000,0.91143570,0.91143570,0.00000000,0.97326203,0.97326203,0.00000000,0.84960938,0.84960938,0.00000000,0.97417071,0.97508982,0.00091912,0.93193853,0.93562486,0.00368633,0.10759907,0.08536168,0.02223739,0.37102939,0.27962778,0.09140162,0.19487954,0.12044288,0.07443666,0.19487954,0.12044288,0.07443666
adult,adaboost,temperature,5,699,0.26752504,0.88698140,0.88698140,0.00000000,0.91266816,0.91266816,0.00000000,0.96791444,0.96791444,0.00000000,0.85742188,0.85742188,0.00000000,0.97503760,0.97560160,0.00056400,0.92875663,0.93439281,0.00563618,0.10585477,0.08407654,0.02177823,0.36709823,0.27450222,0.09259601,0.18914228,0.11806002,0.07108226,0.20542337,0.11806002,0.08736335
adult,adaboost,temperature,6,699,0.26752504,0.87839771,0.87839771,0.00000000,0.90511155,0.90511155,0.00000000,0.96256684,0.96256684,0.00000000,0.84765625,0.84765625,0.00000000,0.97282858,0.97238991,-0.00043867,0.92997237,0.92834470,-0.00162766,0.10711881,0.08762284,0.01949597,0.36885135,0.28803980,0.08081154,0.18544301,0.12191859,0.06352442,0.19514065,0.12191859,0.07322206
adult,adaboost,temperature,7,699,0.26752504,0.87839771,0.87839771,0.00000000,0.91020325,0.91020325,0.00000000,0.97860963,0.97860963,0.00000000,0.84179688,0.84179688,0.00000000,0.97418115,0.97411848,-0.00006267,0.93136273,0.93142016,0.00005743,0.10768005,0.08933703,0.01834302,0.36980168,0.29163913,0.07816255,0.19266371,0.12491933,0.06774438,0.20074588,0.12491933,0.07582655
adult,adaboost,temperature,8,699,0.26752504,0.87982833,0.87982833,0.00000000,0.90778534,0.90778534,0.00000000,0.96791444,0.96791444,0.00000000,0.84765625,0.84765625,0.00000000,0.97474515,0.97424382,-0.00050134,0.93600835,0.93345813,-0.00255022,0.10597692,0.08650859,0.01946832,0.36577744,0.28189687,0.08388056,0.18909948,0.12128260,0.06781688,0.19968551,0.12128260,0.07840291
adult,adaboost,temperature,9,699,0.26752504,0.89127325,0.89127325,0.00000000,0.91899231,0.91899231,0.00000000,0.97860963,0.97860963,0.00000000,0.85937500,0.85937500,0.00000000,0.97212880,0.97246303,0.00033422,0.92261857,0.92526940,0.00265083,0.10688538,0.08598177,0.02090361,0.36889830,0.28606162,0.08283668,0.18295993,0.11841804,0.06454189,0.19462848,0.11841804,0.07621044
adult,adaboost,histbin,0,699,0.26752504,0.87124464,0.90987124,0.03862661,0.90192597,0.86549549,-0.03643048,0.96791444,0.77005348,-0.19786096,0.83593750,0.96093750,0.12500000,0.97212880,0.96582031,-0.00630849,0.92857957,0.88030570,-0.04827388,0.10768506,0.06425724,0.04342783,0.36932389,0.20209337,0.16723052,0.18707453,0.01617954,0.17089499,0.18843983,0.01785803,0.17058180
adult,adaboost,histbin,1,699,0.26752504,0.87696710,0.90701001,0.03004292,0.90752945,0.88221194,-0.02531751,0.97326203,0.82887701,-0.14438503,0.84179688,0.93554688,0.09375000,0.97552327,0.97015479,-0.00536848,0.93631138,0.89315561,-0.04315577,0.10605766,0.06011103,0.04594662,0.36642667,0.19201551,0.17441116,0.19004421,0.01826974,0.17177447,0.20037235,0.02003429,0.18033807
adult,adaboost,histbin,2,699,0.26752504,0.89127325,0.90557940,0.01430615,0.91899231,0.87105197,-0.04794034,0.97860963,0.79679144,-0.18181818,0.85937500,0.94531250,0.08593750,0.97371115,0.97006079,-0.00365036,0.93111722,0.90278766,-0.02832956,0.10730661,0.06117801,0.04612860,0.36926455,0.19119056,0.17807399,0.18889081,0.01764240,0.17124841,0.19372250,0.02078486,0.17293764
adult,adaboost,histbin,3,699,0.26752504,0.87124464,0.91702432,0.04577969,0.90362320,0.89923128,-0.00439192,0.97326203,0.86096257,-0.11229947,0.83398438,0.93750000,0.10351562,0.97480260,0.96847322,-0.00632938,0.93289291,0.88596439,-0.04692852,0.10685637,0.06088559,0.04597078,0.36884857,0.19424817,0.17460040,0.18646266,0.01373864,0.17272401,0.19553272,0.02063979,0.17489293
adult,adaboost,histbin,4,699,0.26752504,0.88268956,0.90844063,0.02575107,0.91143570,0.86961063,-0.04182508,0.97326203,0.78609626,-0.18716578,0.84960938,0.95312500,0.10351562,0.97417071,0.96923567,-0.00493504,0.93193853,0.90863588,-0.02330265,0.10759907,0.06156560,0.04603347,0.37102939,0.19446175,0.17656765,0.19487954,0.01066417,0.18421536,0.19487954,0.02115704,0.17372249
adult,adaboost,histbin,5,699,0.26752504,0.88698140,0.90557940,0.01859800,0.91266816,0.87953814,-0.03313001,0.96791444,0.82352941,-0.14438503,0.85742188,0.93554688,0.07812500,0.97503760,0.96983101,-0.00520659,0.92875663,0.89557046,-0.03318618,0.10585477,0.05900414,0.04685063,0.36709823,0.18722259,0.17987564,0.18914228,0.00781379,0.18132850,0.20542337,0.02330120,0.18212217
adult,adaboost,histbin,6,699,0.26752504,0.87839771,0.91559371,0.03719599,0.90511155,0.89146578,-0.01364576,0.96256684,0.83957219,-0.12299465,0.84765625,0.94335938,0.09570312,0.97282858,0.96669243,-0.00613615,0.92997237,0.88321668,-0.04675568,0.10711881,0.06217287,0.04494594,0.36885135,0.19925966,0.16959169,0.18544301,0.01646963,0.16897338,0.19514065,0.02335114,0.17178951
adult,adaboost,histbin,7,699,0.26752504,0.87839771,0.90271817,0.02432046,0.91020325,0.88946566,-0.02073759,0.97860963,0.86096257,-0.11764706,0.84179688,0.91796875,0.07617188,0.97418115,0.96904245,-0.00513870,0.93136273,0.90504698,-0.02631575,0.10768005,0.06108347,0.04659658,0.36980168,0.19117440,0.17862727,0.19266371,0.03027499,0.16238872,0.20074588,0.03122440,0.16952148
adult,adaboost,histbin,8,699,0.26752504,0.87982833,0.91845494,0.03862661,0.90778534,0.90699678,-0.00078856,0.96791444,0.88235294,-0.08556150,0.84765625,0.93164062,0.08398438,0.97474515,0.97023312,-0.00451203,0.93600835,0.88922635,-0.04678200,0.10597692,0.05891078,0.04706614,0.36577744,0.19121827,0.17455916,0.18909948,0.00719311,0.18190637,0.19968551,0.01243392,0.18725159
adult,adaboost,histbin,9,699,0.26752504,0.89127325,0.90987124,0.01859800,0.91899231,0.90113741,-0.01785490,0.97860963,0.88235294,-0.09625668,0.85937500,0.91992188,0.06054688,0.97212880,0.96670810,-0.00542071,0.92261857,0.89950941,-0.02310916,0.10688538,0.06377391,0.04311147,0.36889830,0.24611393,0.12278437,0.18295993,0.02878737,0.15417257,0.19462848,0.02960813,0.16502036
adult,adaboost,isotonic,0,699,0.26752504,0.87124464,0.91845494,0.04721030,0.90192597,0.88323550,-0.01869047,0.96791444,0.80748663,-0.16042781,0.83593750,0.95898438,0.12304688,0.97212880,0.96526675,-0.00686205,0.92857957,0.90694355,-0.02163602,0.10768506,0.06258807,0.04509700,0.36932389,0.37883143,-0.00950754,0.18707453,0.02177412,0.16530042,0.18843983,0.02641728,0.16202254
adult,adaboost,isotonic,1,699,0.26752504,0.87696710,0.91273247,0.03576538,0.90752945,0.88611819,-0.02141126,0.97326203,0.82887701,-0.14438503,0.84179688,0.94335938,0.10156250,0.97552327,0.96907378,-0.00644949,0.93631138,0.91160142,-0.02470996,0.10605766,0.05906391,0.04699375,0.36642667,0.32140202,0.04502465,0.19004421,0.01247718,0.17756703,0.20037235,0.02681643,0.17355593
adult,adaboost,isotonic,2,699,0.26752504,0.89127325,0.91130186,0.02002861,0.91899231,0.88174716,-0.03724515,0.97860963,0.81818182,-0.16042781,0.85937500,0.94531250,0.08593750,0.97371115,0.96956467,-0.00414647,0.93111722,0.92450497,-0.00661224,0.10730661,0.05865730,0.04864931,0.36926455,0.27161282,0.09765172,0.18889081,0.01197451,0.17691630,0.19372250,0.02197163,0.17175087
adult,adaboost,isotonic,3,699,0.26752504,0.87124464,0.91273247,0.04148784,0.90362320,0.88951266,-0.01411054,0.97326203,0.83957219,-0.13368984,0.83398438,0.93945312,0.10546875,0.97480260,0.97345003,-0.00135257,0.93289291,0.92363597,-0.00925694,0.10685637,0.05914739,0.04770899,0.36884857,0.22646332,0.14238525,0.18646266,0.01109562,0.17536703,0.19553272,0.01589314,0.17963959
adult,adaboost,isotonic,4,699,0.26752504,0.88268956,0.91988555,0.03719599,0.91143570,0.89948717,-0.01194853,0.97326203,0.85561497,-0.11764706,0.84960938,0.94335938,0.09375000,0.97417071,0.97326203,-0.00090867,0.93193853,0.92746144,-0.00447708,0.10759907,0.05930903,0.04829005,0.37102939,0.18394216,0.18708723,0.19487954,0.01671577,0.17816376,0.19487954,0.01786672,0.17701281
adult,adaboost,isotonic,5,699,0.26752504,0.88698140,0.92131617,0.03433476,0.91266816,0.89876650,-0.01390165,0.96791444,0.85026738,-0.11764706,0.85742188,0.94726562,0.08984375,0.97503760,0.97185202,-0.00318558,0.92875663,0.91819306,-0.01056357,0.10585477,0.05768141,0.04817336,0.36709823,0.31844899,0.04864924,0.18914228,0.01162886,0.17751343,0.20542337,0.02467157,0.18075181
adult,adaboost,isotonic,6,699,0.26752504,0.87839771,0.91559371,0.03719599,0.90511155,0.89995196,-0.00515959,0.96256684,0.86631016,-0.09625668,0.84765625,0.93359375,0.08593750,0.97282858,0.96850455,-0.00432403,0.92997237,0.90864125,-0.02133112,0.10711881,0.06135360,0.04576520,0.36885135,0.32801764,0.04083371,0.18544301,0.01363224,0.17181077,0.19514065,0.02484320,0.17029745
adult,adaboost,isotonic,7,699,0.26752504,0.87839771,0.90844063,0.03004292,0.91020325,0.88997744,-0.02022581,0.97860963,0.85026738,-0.12834225,0.84179688,0.92968750,0.08789062,0.97418115,0.97112613,-0.00305502,0.93136273,0.91436383,-0.01699890,0.10768005,0.06114943,0.04653062,0.36980168,0.27997649,0.08982518,0.19266371,0.02140861,0.17125510,0.20074588,0.02541451,0.17533137
adult,adaboost,isotonic,8,699,0.26752504,0.87982833,0.92274678,0.04291845,0.90778534,0.90992647,0.00214113,0.96791444,0.88235294,-0.08556150,0.84765625,0.93750000,0.08984375,0.97474515,0.97371115,-0.00103401,0.93600835,0.92442090,-0.01158744,0.10597692,0.05714440,0.04883252,0.36577744,0.22449713,0.14128030,0.18909948,0.01953169,0.16956779,0.19968551,0.02102654,0.17865897
adult,adaboost,isotonic,9,699,0.26752504,0.89127325,0.90987124,0.01859800,0.91899231,0.88755953,-0.03143278,0.97860963,0.83957219,-0.13903743,0.85937500,0.93554688,0.07617188,0.97212880,0.96761155,-0.00451725,0.92261857,0.91217193,-0.01044664,0.10688538,0.06406381,0.04282157,0.36889830,0.28546742,0.08343087,0.18295993,0.02550472,0.15745521,0.19462848,0.02550472,0.16912376
adult,adaboost,beta,0,699,0.26752504,0.87124464,0.91702432,0.04577969,0.90192597,0.89413958,-0.00778639,0.96791444,0.84491979,-0.12299465,0.83593750,0.94335938,0.10742188,0.97212880,0.97187813,-0.00025067,0.92857957,0.92616652,-0.00241305,0.10768506,0.06084442,0.04684064,0.36932389,0.19206224,0.17726165,0.18707453,0.01392622,0.17314831,0.18843983,0.02537449,0.16306533
adult,adaboost,beta,1,699,0.26752504,0.87696710,0.92274678,0.04577969,0.90752945,0.90653200,-0.00099745,0.97326203,0.87165775,-0.10160428,0.84179688,0.94140625,0.09960938,0.97552327,0.97493838,-0.00058489,0.93631138,0.93362436,-0.00268702,0.10605766,0.05698838,0.04906927,0.36642667,0.18130948,0.18511719,0.19004421,0.01421133,0.17583288,0.20037235,0.01815822,0.18221413
adult,adaboost,beta,2,699,0.26752504,0.89127325,0.91988555,0.02861230,0.91899231,0.90288164,-0.01611067,0.97860963,0.86631016,-0.11229947,0.85937500,0.93945312,0.08007812,0.97371115,0.97381559,0.00010445,0.93111722,0.93158847,0.00047125,0.10730661,0.05902932,0.04827729,0.36926455,0.18596666,0.18329789,0.18889081,0.00817751,0.18071331,0.19372250,0.01863673,0.17508577
adult,adaboost,beta,3,699,0.26752504,0.87124464,0.91988555,0.04864092,0.90362320,0.90457888,0.00095567,0.97326203,0.87165775,-0.10160428,0.83398438,0.93750000,0.10351562,0.97480260,0.97475038,-0.00005222,0.93289291,0.93283910,-0.00005382,0.10685637,0.05720168,0.04965469,0.36884857,0.18180353,0.18704504,0.18646266,0.00731856,0.17914410,0.19553272,0.01227670,0.18325602
adult,adaboost,beta,4,699,0.26752504,0.88268956,0.91988555,0.03719599,0.91143570,0.89948717,-0.01194853,0.97326203,0.85561497,-0.11764706,0.84960938,0.94335938,0.09375000,0.97417071,0.97491227,0.00074156,0.93193853,0.93509209,0.00315356,0.10759907,0.05840369,0.04919538,0.37102939,0.18290630,0.18812309,0.19487954,0.01242986,0.18244967,0.19487954,0.02629008,0.16858946
adult,adaboost,beta,5,699,0.26752504,0.88698140,0.92274678,0.03576538,0.91266816,0.90483477,-0.00783339,0.96791444,0.86631016,-0.10160428,0.85742188,0.94335938,0.08593750,0.97503760,0.97516293,0.00012533,0.92875663,0.92939271,0.00063608,0.10585477,0.05672246,0.04913231,0.36709823,0.18067556,0.18642267,0.18914228,0.01261168,0.17653060,0.20542337,0.02249579,0.18292758
adult,adaboost,beta,6,699,0.26752504,0.87839771,0.91845494,0.04005722,0.90511155,0.89851061,-0.00660094,0.96256684,0.85561497,-0.10695187,0.84765625,0.94140625,0.09375000,0.97282858,0.97233769,-0.00049089,0.92997237,0.92677484,-0.00319753,0.10711881,0.06009719,0.04702162,0.36885135,0.19057134,0.17828000,0.18544301,0.00859352,0.17684950,0.19514065,0.01394908,0.18119157
adult,adaboost,beta,7,699,0.26752504,0.87839771,0.91130186,0.03290415,0.91020325,0.89532503,-0.01487822,0.97860963,0.86096257,-0.11764706,0.84179688,0.92968750,0.08789062,0.97418115,0.97422293,0.00004178,0.93136273,0.93162783,0.00026510,0.10768005,0.05962882,0.04805123,0.36980168,0.18625454,0.18354714,0.19266371,0.02155423,0.17110948,0.20074588,0.02627814,0.17446774
adult,adaboost,beta,8,699,0.26752504,0.87982833,0.92417740,0.04434907,0.90778534,0.90750856,-0.00027678,0.96791444,0.87165775,-0.09625668,0.84765625,0.94335938,0.09570312,0.97474515,0.97410804,-0.00063712,0.93600835,0.93048134,-0.00552701,0.10597692,0.05753731,0.04843960,0.36577744,0.18379995,0.18197749,0.18909948,0.01782686,0.17127262,0.19968551,0.03368669,0.16599882
adult,adaboost,beta,9,699,0.26752504,0.89127325,0.91845494,0.02718169,0.91899231,0.90190508,-0.01708723,0.97860963,0.86631016,-0.11229947,0.85937500,0.93750000,0.07812500,0.97212880,0.97208702,-0.00004178,0.92261857,0.92334514,0.00072658,0.10688538,0.06078957,0.04609581,0.36889830,0.19142035,0.17747795,0.18295993,0.01552926,0.16743067,0.19462848,0.02882696,0.16580152
adult,mlp,platt,0,699,0.26752504,0.97567954,0.97424893,-0.00143062,0.98170120,0.97223847,-0.00946273,0.99465241,0.96791444,-0.02673797,0.96875000,0.97656250,0.00781250,0.99808865,0.99808865,0.00000000,0.99482185,0.99490042,0.00007857,0.02366482,0.01716540,0.00649942,0.09463323,0.05165149,0.04298174,0.05212856,0.01307766,0.03905090,0.05411468,0.01490167,0.03921301
adult,mlp,platt,1,699,0.26752504,0.95994278,0.96852647,0.00858369,0.96756455,0.97002945,0.00246491,0.98395722,0.97326203,-0.01069519,0.95117188,0.96679688,0.01562500,0.99680398,0.99686664,0.00006267,0.99149398,0.99168320,0.00018922,0.03360573,0.02355174,0.01005400,0.13307754,0.07636648,0.05671105,0.07622949,0.02197475,0.05425473,0.07622949,0.02209117,0.05413832
adult,mlp,platt,2,699,0.26752504,0.97567954,0.98283262,0.00715308,0.98170120,0.97809784,-0.00360336,0.99465241,0.96791444,-0.02673797,0.96875000,0.98828125,0.01953125,0.99878844,0.99865266,-0.00013578,0.99682095,0.99633829,-0.00048267,0.02076682,0.01349398,0.00727284,0.08112922,0.04404374,0.03708548,0.04927067,0.01050815,0.03876252,0.04927067,0.01488203,0.03438864
adult,mlp,platt,3,699,0.26752504,0.97567954,0.98426323,0.00858369,0.98170120,0.98077164,-0.00092956,0.99465241,0.97326203,-0.02139037,0.96875000,0.98828125,0.01953125,0.99901822,0.99892421,-0.00009400,0.99744649,0.99723551,-0.00021098,0.02512104,0.01273029,0.01239075,0.10236712,0.03974364,0.06262348,0.06640461,0.00657471,0.05982991,0.06793611,0.01021723,0.05771888
adult,mlp,platt,4,699,0.26752504,0.97567954,0.97854077,0.00286123,0.97830673,0.97516816,-0.00313858,0.98395722,0.96791444,-0.01604278,0.97265625,0.98242188,0.00976562,0.99875710,0.99857955,-0.00017756,0.99684719,0.99634981,-0.00049738,0.01998382,0.01517732,0.00480649,0.08145772,0.05109074,0.03036698,0.04722282,0.01325436,0.03396845,0.04775269,0.01573093,0.03202175
adult,mlp,platt,5,699,0.26752504,0.96423462,0.97567954,0.01144492,0.96709977,0.96982056,0.00272080,0.97326203,0.95721925,-0.01604278,0.96093750,0.98242188,0.02148438,0.99790065,0.99650109,-0.00139957,0.99478059,0.99171056,-0.00307003,0.02545259,0.02038622,0.00506638,0.10248798,0.07317782,0.02931016,0.06314709,0.01651194,0.04663514,0.06314709,0.01844871,0.04469838
adult,mlp,platt,6,699,0.26752504,0.93705293,0.95565093,0.01859800,0.94854508,0.94087358,-0.00767150,0.97326203,0.90909091,-0.06417112,0.92382812,0.97265625,0.04882812,0.99213528,0.99039104,-0.00174423,0.97974580,0.97491037,-0.00483543,0.05653888,0.03497909,0.02155979,0.20231953,0.11960432,0.08271521,0.10952713,0.01081629,0.09871085,0.11516999,0.02003151,0.09513847
adult,mlp,platt,7,699,0.26752504,0.96137339,0.97138770,0.01001431,0.96854111,0.97028534,0.00174423,0.98395722,0.96791444,-0.01604278,0.95312500,0.97265625,0.01953125,0.99810954,0.99742020,-0.00068934,0.99511997,0.99309108,-0.00202889,0.03013175,0.01970123,0.01043051,0.11794015,0.06547486,0.05246529,0.07359942,0.01177207,0.06182735,0.07359942,0.01774666,0.05585276
adult,mlp,platt,8,699,0.26752504,0.96423462,0.97281831,0.00858369,0.97049423,0.96617020,-0.00432403,0.98395722,0.95187166,-0.03208556,0.95703125,0.98046875,0.02343750,0.99756643,0.99758732,0.00002089,0.99363278,0.99360046,-0.00003231,0.02306602,0.01698519,0.00608083,0.08239123,0.06436504,0.01802619,0.03611638,0.01226261,0.02385377,0.03886522,0.01804185,0.02082337
adult,mlp,platt,9,699,0.26752504,0.95422031,0.97567954,0.02145923,0.96535553,0.97660950,0.01125397,0.98930481,0.97860963,-0.01069519,0.94140625,0.97460938,0.03320312,0.99652198,0.99681442,0.00029245,0.99065201,0.99173920,0.00108719,0.04743271,0.02105589,0.02637682,0.18076203,0.07199645,0.10876558,0.11271210,0.01872675,0.09398535,0.11392354,0.01955890,0.09436463
adult,mlp,temperature,0,699,0.26752504,0.97567954,0.97567954,0.00000000,0.98170120,0.98170120,0.00000000,0.99465241,0.99465241,0.00000000,0.96875000,0.96875000,0.00000000,0.99808865,0.99809910,0.00001044,0.99482185,0.99491213,0.00009028,0.02366482,0.02084587,0.00281895,0.09463323,0.06848594,0.02614729,0.05212856,0.02441688,0.02771167,0.05411468,0.02653806,0.02757662
adult,mlp,temperature,1,699,0.26752504,0.95994278,0.95994278,0.00000000,0.96756455,0.96756455,0.00000000,0.98395722,0.98395722,0.00000000,0.95117188,0.95117188,0.00000000,0.99680398,0.99667864,-0.00012533,0.99149398,0.99113468,-0.00035929,0.03360573,0.02902428,0.00458145,0.13307754,0.10078690,0.03229064,0.07622949,0.03437727,0.04185222,0.07622949,0.03437727,0.04185222
adult,mlp,temperature,2,699,0.26752504,0.97567954,0.97567954,0.00000000,0.98170120,0.98170120,0.00000000,0.99465241,0.99465241,0.00000000,0.96875000,0.96875000,0.00000000,0.99878844,0.99860043,-0.00018800,0.99682095,0.99622091,-0.00060005,0.02076682,0.01861995,0.00214688,0.08112922,0.06254134,0.01858787,0.04927067,0.02294555,0.02632513,0.04927067,0.02526694,0.02400373
adult,mlp,temperature,3,699,0.26752504,0.97567954,0.97567954,0.00000000,0.98170120,0.98170120,0.00000000,0.99465241,0.99465241,0.00000000,0.96875000,0.96875000,0.00000000,0.99901822,0.99901822,0.00000000,0.99744649,0.99744615,-0.00000033,0.02512104,0.01816379,0.00695725,0.10236712,0.05831234,0.04405477,0.06640461,0.02465830,0.04174632,0.06793611,0.02528847,0.04264765
adult,mlp,temperature,4,699,0.26752504,0.97567954,0.97567954,0.00000000,0.97830673,0.97830673,0.00000000,0.98395722,0.98395722,0.00000000,0.97265625,0.97265625,0.00000000,0.99875710,0.99863177,-0.00012533,0.99684719,0.99643055,-0.00041664,0.01998382,0.01809891,0.00188491,0.08145772,0.06100528,0.02045244,0.04722282,0.01797547,0.02924735,0.04775269,0.01797547,0.02977722
adult,mlp,temperature,5,699,0.26752504,0.96423462,0.96423462,0.00000000,0.96709977,0.96709977,0.00000000,0.97326203,0.97326203,0.00000000,0.96093750,0.96093750,0.00000000,0.99790065,0.99757687,-0.00032378,0.99478059,0.99376942,-0.00101118,0.02545259,0.02287300,0.00257959,0.10248798,0.07338238,0.02910560,0.06314709,0.02214195,0.04100514,0.06314709,0.02357291,0.03957418
adult,mlp,temperature,6,699,0.26752504,0.93705293,0.93705293,0.00000000,0.94854508,0.94854508,0.00000000,0.97326203,0.97326203,0.00000000,0.92382812,0.92382812,0.00000000,0.99213528,0.99009860,-0.00203668,0.97974580,0.97448940,-0.00525640,0.05653888,0.04680706,0.00973183,0.20231953,0.16075492,0.04156460,0.10952713,0.06057581,0.04895132,0.11516999,0.06057581,0.05459417
adult,mlp,temperature,7,699,0.26752504,0.96137339,0.96137339,0.00000000,0.96854111,0.96854111,0.00000000,0.98395722,0.98395722,0.00000000,0.95312500,0.95312500,0.00000000,0.99810954,0.99748287,-0.00062667,0.99511997,0.99328551,-0.00183446,0.03013175,0.02731974,0.00281201,0.11794015,0.09235186,0.02558829,0.07359942,0.03389582,0.03970360,0.07359942,0.03389582,0.03970360
adult,mlp,temperature,8,699,0.26752504,0.96423462,0.96423462,0.00000000,0.97049423,0.97049423,0.00000000,0.98395722,0.98395722,0.00000000,0.95703125,0.95703125,0.00000000,0.99756643,0.99748287,-0.00008356,0.99363278,0.99322344,-0.00040933,0.02306602,0.02257679,0.00048923,0.08239123,0.07836284,0.00402838,0.03611638,0.02279868,0.01331770,0.03886522,0.02464685,0.01421837
adult,mlp,temperature,9,699,0.26752504,0.95422031,0.95422031,0.00000000,0.96535553,0.96535553,0.00000000,0.98930481,0.98930481,0.00000000,0.94140625,0.94140625,0.00000000,0.99652198,0.99685620,0.00033422,0.99065201,0.99192028,0.00126827,0.04743271,0.03353429,0.01389842,0.18076203,0.11495535,0.06580669,0.11271210,0.05180250,0.06090960,0.11392354,0.05180250,0.06212104
adult,mlp,histbin,0,699,0.26752504,0.97567954,0.97567954,0.00000000,0.98170120,0.96982056,-0.01188064,0.99465241,0.95721925,-0.03743316,0.96875000,0.98242188,0.01367188,0.99808865,0.99813565,0.00004700,0.99482185,0.99461728,-0.00020456,0.02366482,0.01577362,0.00789120,0.09463323,0.04760229,0.04703094,0.05212856,0.00814214,0.04398641,0.05411468,0.00961855,0.04449613
adult,mlp,histbin,1,699,0.26752504,0.95994278,0.96280401,0.00286123,0.96756455,0.96612320,-0.00144134,0.98395722,0.97326203,-0.01069519,0.95117188,0.95898438,0.00781250,0.99680398,0.99596319,-0.00084078,0.99149398,0.98854525,-0.00294873,0.03360573,0.02730939,0.00629634,0.13307754,0.08181126,0.05126628,0.07622949,0.01857492,0.05765456,0.07622949,0.02114605,0.05508343
adult,mlp,histbin,2,699,0.26752504,0.97567954,0.97997139,0.00429185,0.98170120,0.97953919,-0.00216202,0.99465241,0.97860963,-0.01604278,0.96875000,0.98046875,0.01171875,0.99878844,0.99699720,-0.00179123,0.99682095,0.98523234,-0.01158861,0.02076682,0.01315273,0.00761409,0.08112922,0.13514672,-0.05401750,0.04927067,0.00734756,0.04192311,0.04927067,0.00987003,0.03940064
adult,mlp,histbin,3,699,0.26752504,0.97567954,0.97281831,-0.00286123,0.98170120,0.96786744,-0.01383377,0.99465241,0.95721925,-0.03743316,0.96875000,0.97851562,0.00976562,0.99901822,0.99856910,-0.00044911,0.99744649,0.99597574,-0.00147074,0.02512104,0.01433636,0.01078469,0.10236712,0.04193051,0.06043661,0.06640461,0.00657494,0.05982967,0.06793611,0.01218774,0.05574837
adult,mlp,histbin,4,699,0.26752504,0.97567954,0.97997139,0.00429185,0.97830673,0.97953919,0.00123245,0.98395722,0.97860963,-0.00534759,0.97265625,0.98046875,0.00781250,0.99875710,0.99861610,-0.00014100,0.99684719,0.99608138,-0.00076580,0.01998382,0.01437564,0.00560817,0.08145772,0.04429586,0.03716186,0.04722282,0.01072496,0.03649786,0.04775269,0.01180937,0.03594332
adult,mlp,histbin,5,699,0.26752504,0.96423462,0.96709585,0.00286123,0.96709977,0.96056672,-0.00653305,0.97326203,0.94652406,-0.02673797,0.96093750,0.97460938,0.01367188,0.99790065,0.98957115,-0.00832950,0.99478059,0.98375773,-0.01102287,0.02545259,0.02134517,0.00410742,0.10248798,0.20578272,-0.10329475,0.06314709,0.01689010,0.04625699,0.06314709,0.02077648,0.04237061
adult,mlp,histbin,6,699,0.26752504,0.93705293,0.94277539,0.00572246,0.94854508,0.93547899,-0.01306609,0.97326203,0.91978610,-0.05347594,0.92382812,0.95117188,0.02734375,0.99213528,0.98627590,-0.00585938,0.97974580,0.95570623,-0.02403958,0.05653888,0.04038120,0.01615768,0.20231953,0.22010662,-0.01778710,0.10952713,0.02895913,0.08056800,0.11516999,0.02895913,0.08621086
adult,mlp,histbin,7,699,0.26752504,0.96137339,0.97567954,0.01430615,0.96854111,0.97321503,0.00467392,0.98395722,0.96791444,-0.01604278,0.95312500,0.97851562,0.02539062,0.99810954,0.99722176,-0.00088778,0.99511997,0.99245884,-0.00266113,0.03013175,0.02013555,0.00999620,0.11794015,0.06474483,0.05319532,0.07359942,0.01502890,0.05857053,0.07359942,0.01502890,0.05857053
adult,mlp,histbin,8,699,0.26752504,0.96423462,0.98140200,0.01716738,0.97049423,0.97372681,0.00323258,0.98395722,0.95721925,-0.02673797,0.95703125,0.99023438,0.03320312,0.99756643,0.99385862,-0.00370780,0.99363278,0.98085638,-0.01277639,0.02306602,0.01509951,0.00796651,0.08239123,0.18869251,-0.10630128,0.03611638,0.00555569,0.03056070,0.03886522,0.00583936,0.03302586
adult,mlp,histbin,9,699,0.26752504,0.95422031,0.96423462,0.01001431,0.96535553,0.97049423,0.00513870,0.98930481,0.98395722,-0.00534759,0.94140625,0.95703125,0.01562500,0.99652198,0.99670475,0.00018278,0.99065201,0.99071987,0.00006785,0.04743271,0.02210967,0.02532304,0.18076203,0.06928134,0.11148069,0.11271210,0.01524279,0.09746931,0.11392354,0.01565154,0.09827200
adult,mlp,isotonic,0,699,0.26752504,0.97567954,0.97138770,-0.00429185,0.98170120,0.96689088,-0.01481033,0.99465241,0.95721925,-0.03743316,0.96875000,0.97656250,0.00781250,0.99808865,0.99455318,-0.00353547,0.99482185,0.98557748,-0.00924436,0.02366482,0.01761665,0.00604818,0.09463323,0.14489502,-0.05026179,0.05212856,0.01517793,0.03695063,0.05411468,0.01517793,0.03893675
adult,mlp,isotonic,1,699,0.26752504,0.95994278,0.96280401,0.00286123,0.96756455,0.96782044,0.00025589,0.98395722,0.97860963,-0.00534759,0.95117188,0.95703125,0.00585938,0.99680398,0.99644364,-0.00036034,0.99149398,0.98941208,-0.00208189,0.03360573,0.02665013,0.00695560,0.13307754,0.07671074,0.05636679,0.07622949,0.02052287,0.05570662,0.07622949,0.02476952,0.05145997
adult,mlp,isotonic,2,699,0.26752504,0.97567954,0.97711016,0.00143062,0.98170120,0.97588883,-0.00581237,0.99465241,0.97326203,-0.02139037,0.96875000,0.97851562,0.00976562,0.99878844,0.99885110,0.00006267,0.99682095,0.99654032,-0.00028064,0.02076682,0.01380145,0.00696537,0.08112922,0.04312553,0.03800368,0.04927067,0.01070498,0.03856569,0.04927067,0.01182904,0.03744163
adult,mlp,isotonic,3,699,0.26752504,0.97567954,0.97854077,0.00286123,0.98170120,0.98025986,-0.00144134,0.99465241,0.98395722,-0.01069519,0.96875000,0.97656250,0.00781250,0.99901822,0.99862132,-0.00039689,0.99744649,0.99615136,-0.00129513,0.02512104,0.01464001,0.01048103,0.10236712,0.04522261,0.05714451,0.06640461,0.01280379,0.05360082,0.06793611,0.01280379,0.05513232
adult,mlp,isotonic,4,699,0.26752504,0.97567954,0.97997139,0.00429185,0.97830673,0.97953919,0.00123245,0.98395722,0.97860963,-0.00534759,0.97265625,0.98046875,0.00781250,0.99875710,0.99443307,-0.00432403,0.99684719,0.98285709,-0.01399010,0.01998382,0.01589224,0.00409157,0.08145772,0.18900653,-0.10754881,0.04722282,0.01280262,0.03442019,0.04775269,0.01519290,0.03255978
adult,mlp,isotonic,5,699,0.26752504,0.96423462,0.96995708,0.00572246,0.96709977,0.96591431,-0.00118545,0.97326203,0.95721925,-0.01604278,0.96093750,0.97460938,0.01367188,0.99790065,0.98618712,-0.01171353,0.99478059,0.97534558,-0.01943502,0.02545259,0.02150379,0.00394880,0.10248798,0.29959454,-0.19710657,0.06314709,0.02109486,0.04205223,0.06314709,0.02264810,0.04049899
adult,mlp,isotonic,6,699,0.26752504,0.93705293,0.94849785,0.01144492,0.94854508,0.93089906,-0.01764601,0.97326203,0.89304813,-0.08021390,0.92382812,0.96875000,0.04492188,0.99213528,0.98778514,-0.00435014,0.97974580,0.95976148,-0.01998432,0.05653888,0.03878371,0.01775518,0.20231953,0.21421677,-0.01189725,0.10952713,0.02393371,0.08559343,0.11516999,0.03007939,0.08509060
adult,mlp,isotonic,7,699,0.26752504,0.96137339,0.97281831,0.01144492,0.96854111,0.97126191,0.00272080,0.98395722,0.96791444,-0.01604278,0.95312500,0.97460938,0.02148438,0.99810954,0.99665775,-0.00145179,0.99511997,0.98793042,-0.00718956,0.03013175,0.01902760,0.01110415,0.11794015,0.10470552,0.01323463,0.07359942,0.01355317,0.06004625,0.07359942,0.01625618,0.05734324
adult,mlp,isotonic,8,699,0.26752504,0.96423462,0.97997139,0.01573677,0.97049423,0.97105302,0.00055878,0.98395722,0.95187166,-0.03208556,0.95703125,0.99023438,0.03320312,0.99756643,0.99007248,-0.00749394,0.99363278,0.97205093,-0.02158184,0.02306602,0.01771328,0.00535274,0.08239123,0.29050837,-0.20811715,0.03611638,0.00906706,0.02704932,0.03886522,0.01270689,0.02615833
adult,mlp,isotonic,9,699,0.26752504,0.95422031,0.97424893,0.02002861,0.96535553,0.97733017,0.01197464,0.98930481,0.98395722,-0.00534759,0.94140625,0.97070312,0.02929688,0.99652198,0.99548797,-0.00103401,0.99065201,0.98460450,-0.00604752,0.04743271,0.02199129,0.02544142,0.18076203,0.11710894,0.06365309,0.11271210,0.01445953,0.09825257,0.11392354,0.01735233,0.09657120
adult,mlp,beta,0,699,0.26752504,0.97567954,0.97424893,-0.00143062,0.98170120,0.97223847,-0.00946273,0.99465241,0.96791444,-0.02673797,0.96875000,0.97656250,0.00781250,0.99808865,0.99806776,-0.00002089,0.99482185,0.99483157,0.00000972,0.02366482,0.01725780,0.00640703,0.09463323,0.05226361,0.04236962,0.05212856,0.01365534,0.03847322,0.05411468,0.01609771,0.03801697
adult,mlp,beta,1,699,0.26752504,0.95994278,0.96423462,0.00429185,0.96756455,0.96709977,-0.00046478,0.98395722,0.97326203,-0.01069519,0.95117188,0.96093750,0.00976562,0.99680398,0.99672042,-0.00008356,0.99149398,0.99123775,-0.00025622,0.03360573,0.02444138,0.00916436,0.13307754,0.07768751,0.05539002,0.07622949,0.02104778,0.05518171,0.07622949,0.02205736,0.05417212
adult,mlp,beta,2,699,0.26752504,0.97567954,0.98283262,0.00715308,0.98170120,0.97809784,-0.00360336,0.99465241,0.96791444,-0.02673797,0.96875000,0.98828125,0.01953125,0.99878844,0.99872577,-0.00006267,0.99682095,0.99655557,-0.00026539,0.02076682,0.01339318,0.00737364,0.08112922,0.04310068,0.03802854,0.04927067,0.01050761,0.03876306,0.04927067,0.01556073,0.03370994
adult,mlp,beta,3,699,0.26752504,0.97567954,0.98140200,0.00572246,0.98170120,0.97881852,-0.00288269,0.99465241,0.97326203,-0.02139037,0.96875000,0.98437500,0.01562500,0.99901822,0.99894510,-0.00007311,0.99744649,0.99727712,-0.00016936,0.02512104,0.01314928,0.01197176,0.10236712,0.04090045,0.06146667,0.06640461,0.00747107,0.05893354,0.06793611,0.01144290,0.05649321
adult,mlp,beta,4,699,0.26752504,0.97567954,0.97997139,0.00429185,0.97830673,0.97784195,-0.00046478,0.98395722,0.97326203,-0.01069519,0.97265625,0.98242188,0.00976562,0.99875710,0.99863177,-0.00012533,0.99684719,0.99646579,-0.00038140,0.01998382,0.01513829,0.00484552,0.08145772,0.05005836,0.03139936,0.04722282,0.01299679,0.03422603,0.04775269,0.01411725,0.03363544
adult,mlp,beta,5,699,0.26752504,0.96423462,0.97281831,0.00858369,0.96709977,0.96786744,0.00076767,0.97326203,0.95721925,-0.01604278,0.96093750,0.97851562,0.01757812,0.99790065,0.99659509,-0.00130556,0.99478059,0.99187645,-0.00290415,0.02545259,0.02096206,0.00449053,0.10248798,0.07331772,0.02917026,0.06314709,0.01684518,0.04630191,0.06314709,0.01684518,0.04630191
adult,mlp,beta,6,699,0.26752504,0.93705293,0.95422031,0.01716738,0.94854508,0.93989702,-0.00864806,0.97326203,0.90909091,-0.06417112,0.92382812,0.97070312,0.04687500,0.99213528,0.98968082,-0.00245446,0.97974580,0.97331438,-0.00643142,0.05653888,0.03580005,0.02073884,0.20231953,0.11909426,0.08322527,0.10952713,0.01011167,0.09941547,0.11516999,0.01500475,0.10016524
adult,mlp,beta,7,699,0.26752504,0.96137339,0.97138770,0.01001431,0.96854111,0.97028534,0.00174423,0.98395722,0.96791444,-0.01604278,0.95312500,0.97265625,0.01953125,0.99810954,0.99740976,-0.00069978,0.99511997,0.99306700,-0.00205297,0.03013175,0.01968249,0.01044926,0.11794015,0.06374032,0.05419982,0.07359942,0.01151701,0.06208241,0.07359942,0.01493923,0.05866019
adult,mlp,beta,8,699,0.26752504,0.96423462,0.97424893,0.01001431,0.97049423,0.96714677,-0.00334747,0.98395722,0.95187166,-0.03208556,0.95703125,0.98242188,0.02539062,0.99756643,0.99762909,0.00006267,0.99363278,0.99391542,0.00028265,0.02306602,0.01689276,0.00617326,0.08239123,0.06217265,0.02021858,0.03611638,0.01214150,0.02397489,0.03886522,0.01651037,0.02235485
adult,mlp,beta,9,699,0.26752504,0.95422031,0.97281831,0.01859800,0.96535553,0.97465638,0.00930084,0.98930481,0.97860963,-0.01069519,0.94140625,0.97070312,0.02929688,0.99652198,0.99672042,0.00019845,0.99065201,0.99154883,0.00089682,0.04743271,0.02131981,0.02611290,0.18076203,0.07223614,0.10852590,0.11271210,0.01692577,0.09578632,0.11392354,0.01781553,0.09610800
